timeStamp,elapsed,label,responseCode,responseMessage,threadName,dataType,success,failureMessage,bytes,sentBytes,grpThreads,allThreads,URL,Latency,IdleTime,Connect
1745251871386,459,Get characters,200,OK,Thread Group 1-54,text,false,"The operation lasted too long: It took 459 milliseconds, but should not have lasted longer than 30 milliseconds.",14035,158,335,335,http://localhost:3001/characters,459,0,54
1745251871389,449,Get characters,200,OK,Thread Group 1-81,text,false,"The operation lasted too long: It took 449 milliseconds, but should not have lasted longer than 30 milliseconds.",14035,158,333,333,http://localhost:3001/characters,448,0,48
1745251871386,457,Get characters,200,OK,Thread Group 1-41,text,false,"The operation lasted too long: It took 457 milliseconds, but should not have lasted longer than 30 milliseconds.",14035,158,335,335,http://localhost:3001/characters,457,0,47
1745251871386,456,Get characters,200,OK,Thread Group 1-42,text,false,"The operation lasted too long: It took 456 milliseconds, but should not have lasted longer than 30 milliseconds.",14035,158,334,334,http://localhost:3001/characters,456,0,48
1745251871381,466,Get characters,200,OK,Thread Group 1-101,text,false,"The operation lasted too long: It took 466 milliseconds, but should not have lasted longer than 30 milliseconds.",14035,158,336,336,http://localhost:3001/characters,466,0,53
1745251871383,464,Get characters,200,OK,Thread Group 1-87,text,false,"The operation lasted too long: It took 464 milliseconds, but should not have lasted longer than 30 milliseconds.",14035,158,336,336,http://localhost:3001/characters,464,0,51
1745251871386,462,Get characters,200,OK,Thread Group 1-43,text,false,"The operation lasted too long: It took 462 milliseconds, but should not have lasted longer than 30 milliseconds.",14035,158,336,336,http://localhost:3001/characters,462,0,46
1745251871383,466,Get characters,200,OK,Thread Group 1-84,text,false,"The operation lasted too long: It took 466 milliseconds, but should not have lasted longer than 30 milliseconds.",14035,158,336,336,http://localhost:3001/characters,466,0,49
1745251871386,462,Get characters,200,OK,Thread Group 1-46,text,false,"The operation lasted too long: It took 462 milliseconds, but should not have lasted longer than 30 milliseconds.",14035,158,336,336,http://localhost:3001/characters,462,0,46
1745251871389,460,Get characters,200,OK,Thread Group 1-69,text,false,"The operation lasted too long: It took 460 milliseconds, but should not have lasted longer than 30 milliseconds.",14035,158,336,336,http://localhost:3001/characters,460,0,43
1745251871397,451,Get characters,200,OK,Thread Group 1-13,text,false,"The operation lasted too long: It took 451 milliseconds, but should not have lasted longer than 30 milliseconds.",14035,158,336,336,http://localhost:3001/characters,451,0,29
1745251871384,464,Get characters,200,OK,Thread Group 1-26,text,false,"The operation lasted too long: It took 464 milliseconds, but should not have lasted longer than 30 milliseconds.",14035,158,336,336,http://localhost:3001/characters,464,0,42
1745251871384,464,Get characters,200,OK,Thread Group 1-34,text,false,"The operation lasted too long: It took 464 milliseconds, but should not have lasted longer than 30 milliseconds.",14035,158,336,336,http://localhost:3001/characters,464,0,42
1745251871384,466,Get characters,200,OK,Thread Group 1-107,text,false,"The operation lasted too long: It took 466 milliseconds, but should not have lasted longer than 30 milliseconds.",14035,158,336,336,http://localhost:3001/characters,466,0,44
1745251871382,468,Get characters,200,OK,Thread Group 1-96,text,false,"The operation lasted too long: It took 468 milliseconds, but should not have lasted longer than 30 milliseconds.",14035,158,336,336,http://localhost:3001/characters,468,0,47
1745251871386,463,Get characters,200,OK,Thread Group 1-18,text,false,"The operation lasted too long: It took 463 milliseconds, but should not have lasted longer than 30 milliseconds.",14035,158,336,336,http://localhost:3001/characters,463,0,41
1745251871383,466,Get characters,200,OK,Thread Group 1-49,text,false,"The operation lasted too long: It took 466 milliseconds, but should not have lasted longer than 30 milliseconds.",14035,158,336,336,http://localhost:3001/characters,466,0,45
1745251871392,458,Get characters,200,OK,Thread Group 1-71,text,false,"The operation lasted too long: It took 458 milliseconds, but should not have lasted longer than 30 milliseconds.",14035,158,336,336,http://localhost:3001/characters,458,0,38
1745251871386,463,Get characters,200,OK,Thread Group 1-17,text,false,"The operation lasted too long: It took 463 milliseconds, but should not have lasted longer than 30 milliseconds.",14035,158,336,336,http://localhost:3001/characters,463,0,42
1745251871386,463,Get characters,200,OK,Thread Group 1-16,text,false,"The operation lasted too long: It took 463 milliseconds, but should not have lasted longer than 30 milliseconds.",14035,158,336,336,http://localhost:3001/characters,463,0,44
1745251871385,464,Get characters,200,OK,Thread Group 1-19,text,false,"The operation lasted too long: It took 464 milliseconds, but should not have lasted longer than 30 milliseconds.",14035,158,336,336,http://localhost:3001/characters,464,0,42
1745251871387,464,Get characters,200,OK,Thread Group 1-114,text,false,"The operation lasted too long: It took 464 milliseconds, but should not have lasted longer than 30 milliseconds.",14035,158,336,336,http://localhost:3001/characters,464,0,45
1745251871394,457,Get characters,200,OK,Thread Group 1-105,text,false,"The operation lasted too long: It took 457 milliseconds, but should not have lasted longer than 30 milliseconds.",14035,158,337,337,http://localhost:3001/characters,457,0,36
1745251871384,467,Get characters,200,OK,Thread Group 1-104,text,false,"The operation lasted too long: It took 467 milliseconds, but should not have lasted longer than 30 milliseconds.",14035,158,337,337,http://localhost:3001/characters,467,0,48
1745251871386,465,Get characters,200,OK,Thread Group 1-117,text,false,"The operation lasted too long: It took 465 milliseconds, but should not have lasted longer than 30 milliseconds.",14035,158,337,337,http://localhost:3001/characters,465,0,40
1745251871406,445,Get characters,200,OK,Thread Group 1-118,text,false,"The operation lasted too long: It took 445 milliseconds, but should not have lasted longer than 30 milliseconds.",14035,158,337,337,http://localhost:3001/characters,445,0,20
1745251871385,465,Get characters,200,OK,Thread Group 1-24,text,false,"The operation lasted too long: It took 465 milliseconds, but should not have lasted longer than 30 milliseconds.",14035,158,337,337,http://localhost:3001/characters,465,0,40
1745251871385,465,Get characters,200,OK,Thread Group 1-11,text,false,"The operation lasted too long: It took 465 milliseconds, but should not have lasted longer than 30 milliseconds.",14035,158,338,338,http://localhost:3001/characters,465,0,38
1745251871384,467,Get characters,200,OK,Thread Group 1-33,text,false,"The operation lasted too long: It took 467 milliseconds, but should not have lasted longer than 30 milliseconds.",14035,158,338,338,http://localhost:3001/characters,467,0,40
1745251871384,467,Get characters,200,OK,Thread Group 1-32,text,false,"The operation lasted too long: It took 467 milliseconds, but should not have lasted longer than 30 milliseconds.",14035,158,338,338,http://localhost:3001/characters,467,0,40
1745251871398,453,Get characters,200,OK,Thread Group 1-2,text,false,"The operation lasted too long: It took 453 milliseconds, but should not have lasted longer than 30 milliseconds.",14035,158,338,338,http://localhost:3001/characters,453,0,25
1745251871383,468,Get characters,200,OK,Thread Group 1-50,text,false,"The operation lasted too long: It took 468 milliseconds, but should not have lasted longer than 30 milliseconds.",14035,158,338,338,http://localhost:3001/characters,468,0,39
1745251871398,453,Get characters,200,OK,Thread Group 1-15,text,false,"The operation lasted too long: It took 453 milliseconds, but should not have lasted longer than 30 milliseconds.",14035,158,338,338,http://localhost:3001/characters,453,0,24
1745251871382,471,Get characters,200,OK,Thread Group 1-73,text,false,"The operation lasted too long: It took 471 milliseconds, but should not have lasted longer than 30 milliseconds.",14035,158,338,338,http://localhost:3001/characters,470,0,40
1745251871383,469,Get characters,200,OK,Thread Group 1-57,text,false,"The operation lasted too long: It took 469 milliseconds, but should not have lasted longer than 30 milliseconds.",14035,158,338,338,http://localhost:3001/characters,469,0,38
1745251871385,467,Get characters,200,OK,Thread Group 1-10,text,false,"The operation lasted too long: It took 467 milliseconds, but should not have lasted longer than 30 milliseconds.",14035,158,339,339,http://localhost:3001/characters,467,0,36
1745251871382,471,Get characters,200,OK,Thread Group 1-80,text,false,"The operation lasted too long: It took 471 milliseconds, but should not have lasted longer than 30 milliseconds.",14035,158,339,339,http://localhost:3001/characters,471,0,40
1745251871382,471,Get characters,200,OK,Thread Group 1-97,text,false,"The operation lasted too long: It took 471 milliseconds, but should not have lasted longer than 30 milliseconds.",14035,158,339,339,http://localhost:3001/characters,471,0,38
1745251871384,468,Get characters,200,OK,Thread Group 1-31,text,false,"The operation lasted too long: It took 468 milliseconds, but should not have lasted longer than 30 milliseconds.",14035,158,339,339,http://localhost:3001/characters,468,0,35
1745251871390,463,Get characters,200,OK,Thread Group 1-98,text,false,"The operation lasted too long: It took 463 milliseconds, but should not have lasted longer than 30 milliseconds.",14035,158,339,339,http://localhost:3001/characters,463,0,34
1745251871398,455,Get characters,200,OK,Thread Group 1-1,text,false,"The operation lasted too long: It took 455 milliseconds, but should not have lasted longer than 30 milliseconds.",14035,158,339,339,http://localhost:3001/characters,455,0,18
1745251871382,472,Get characters,200,OK,Thread Group 1-68,text,false,"The operation lasted too long: It took 472 milliseconds, but should not have lasted longer than 30 milliseconds.",14035,158,339,339,http://localhost:3001/characters,472,0,37
1745251871380,474,Get characters,200,OK,Thread Group 1-102,text,false,"The operation lasted too long: It took 474 milliseconds, but should not have lasted longer than 30 milliseconds.",14035,158,339,339,http://localhost:3001/characters,474,0,43
1745251871384,469,Get characters,200,OK,Thread Group 1-12,text,false,"The operation lasted too long: It took 469 milliseconds, but should not have lasted longer than 30 milliseconds.",14035,158,339,339,http://localhost:3001/characters,469,0,32
1745251871382,472,Get characters,200,OK,Thread Group 1-82,text,false,"The operation lasted too long: It took 472 milliseconds, but should not have lasted longer than 30 milliseconds.",14035,158,339,339,http://localhost:3001/characters,472,0,35
1745251871383,470,Get characters,200,OK,Thread Group 1-29,text,false,"The operation lasted too long: It took 470 milliseconds, but should not have lasted longer than 30 milliseconds.",14035,158,339,339,http://localhost:3001/characters,470,0,33
1745251871383,471,Get characters,200,OK,Thread Group 1-88,text,false,"The operation lasted too long: It took 471 milliseconds, but should not have lasted longer than 30 milliseconds.",14035,158,339,339,http://localhost:3001/characters,471,0,34
1745251871372,481,Get characters,200,OK,Thread Group 1-51,text,false,"The operation lasted too long: It took 481 milliseconds, but should not have lasted longer than 30 milliseconds.",14035,158,339,339,http://localhost:3001/characters,481,0,44
1745251871384,470,Get characters,200,OK,Thread Group 1-30,text,false,"The operation lasted too long: It took 470 milliseconds, but should not have lasted longer than 30 milliseconds.",14035,158,339,339,http://localhost:3001/characters,470,0,32
1745251871383,471,Get characters,200,OK,Thread Group 1-58,text,false,"The operation lasted too long: It took 471 milliseconds, but should not have lasted longer than 30 milliseconds.",14035,158,339,339,http://localhost:3001/characters,471,0,33
1745251871385,469,Get characters,200,OK,Thread Group 1-21,text,false,"The operation lasted too long: It took 469 milliseconds, but should not have lasted longer than 30 milliseconds.",14035,158,339,339,http://localhost:3001/characters,469,0,31
1745251871382,473,Get characters,200,OK,Thread Group 1-79,text,false,"The operation lasted too long: It took 473 milliseconds, but should not have lasted longer than 30 milliseconds.",14035,158,339,339,http://localhost:3001/characters,473,0,35
1745251871382,473,Get characters,200,OK,Thread Group 1-99,text,false,"The operation lasted too long: It took 473 milliseconds, but should not have lasted longer than 30 milliseconds.",14035,158,339,339,http://localhost:3001/characters,473,0,35
1745251871385,470,Get characters,200,OK,Thread Group 1-59,text,false,"The operation lasted too long: It took 470 milliseconds, but should not have lasted longer than 30 milliseconds.",14035,158,341,341,http://localhost:3001/characters,470,0,31
1745251871385,470,Get characters,200,OK,Thread Group 1-7,text,false,"The operation lasted too long: It took 470 milliseconds, but should not have lasted longer than 30 milliseconds.",14035,158,341,341,http://localhost:3001/characters,470,0,30
1745251871390,448,Get characters,200,OK,Thread Group 1-89,text,false,"The operation lasted too long: It took 448 milliseconds, but should not have lasted longer than 30 milliseconds.",14035,158,341,341,http://localhost:3001/characters,447,0,46
1745251871396,442,Get characters,200,OK,Thread Group 1-108,text,false,"The operation lasted too long: It took 442 milliseconds, but should not have lasted longer than 30 milliseconds.",14035,158,341,341,http://localhost:3001/characters,436,0,21
1745251871383,455,Get characters,200,OK,Thread Group 1-85,text,false,"The operation lasted too long: It took 455 milliseconds, but should not have lasted longer than 30 milliseconds.",14035,158,341,341,http://localhost:3001/characters,454,0,52
1745251871389,449,Get characters,200,OK,Thread Group 1-113,text,false,"The operation lasted too long: It took 449 milliseconds, but should not have lasted longer than 30 milliseconds.",14035,158,341,341,http://localhost:3001/characters,449,0,46
1745251871382,475,Get characters,200,OK,Thread Group 1-95,text,false,"The operation lasted too long: It took 475 milliseconds, but should not have lasted longer than 30 milliseconds.",14035,158,341,341,http://localhost:3001/characters,451,0,55
1745251871386,476,Get characters,200,OK,Thread Group 1-74,text,false,"The operation lasted too long: It took 476 milliseconds, but should not have lasted longer than 30 milliseconds.",14035,158,351,351,http://localhost:3001/characters,476,0,44
1745251871386,589,Get characters,200,OK,Thread Group 1-53,text,false,"The operation lasted too long: It took 589 milliseconds, but should not have lasted longer than 30 milliseconds.",14035,158,389,389,http://localhost:3001/characters,589,0,54
1745251871382,593,Get characters,200,OK,Thread Group 1-67,text,false,"The operation lasted too long: It took 593 milliseconds, but should not have lasted longer than 30 milliseconds.",14035,158,389,389,http://localhost:3001/characters,593,0,55
1745251871399,638,Get characters,200,OK,Thread Group 1-8,text,false,"The operation lasted too long: It took 638 milliseconds, but should not have lasted longer than 30 milliseconds.",14035,158,443,443,http://localhost:3001/characters,638,0,41
1745251871387,710,Get characters,200,OK,Thread Group 1-115,text,false,"The operation lasted too long: It took 710 milliseconds, but should not have lasted longer than 30 milliseconds.",14035,158,479,479,http://localhost:3001/characters,710,0,54
1745251871386,712,Get characters,200,OK,Thread Group 1-52,text,false,"The operation lasted too long: It took 712 milliseconds, but should not have lasted longer than 30 milliseconds.",14035,158,480,480,http://localhost:3001/characters,712,0,52
1745251871384,714,Get characters,200,OK,Thread Group 1-37,text,false,"The operation lasted too long: It took 714 milliseconds, but should not have lasted longer than 30 milliseconds.",14035,158,480,480,http://localhost:3001/characters,714,0,55
1745251871382,718,Get characters,200,OK,Thread Group 1-83,text,false,"The operation lasted too long: It took 718 milliseconds, but should not have lasted longer than 30 milliseconds.",14035,158,480,480,http://localhost:3001/characters,718,0,57
1745251871383,717,Get characters,200,OK,Thread Group 1-56,text,false,"The operation lasted too long: It took 717 milliseconds, but should not have lasted longer than 30 milliseconds.",14035,158,480,480,http://localhost:3001/characters,717,0,54
1745251871387,714,Get characters,200,OK,Thread Group 1-28,text,false,"The operation lasted too long: It took 714 milliseconds, but should not have lasted longer than 30 milliseconds.",14035,158,480,480,http://localhost:3001/characters,714,0,50
1745251871382,719,Get characters,200,OK,Thread Group 1-36,text,false,"The operation lasted too long: It took 719 milliseconds, but should not have lasted longer than 30 milliseconds.",14035,158,480,480,http://localhost:3001/characters,719,0,64
1745251871381,721,Get characters,200,OK,Thread Group 1-55,text,false,"The operation lasted too long: It took 721 milliseconds, but should not have lasted longer than 30 milliseconds.",14035,158,480,480,http://localhost:3001/characters,721,0,58
1745251871382,722,Get characters,200,OK,Thread Group 1-78,text,false,"The operation lasted too long: It took 722 milliseconds, but should not have lasted longer than 30 milliseconds.",14035,158,480,480,http://localhost:3001/characters,722,0,56
1745251871383,742,Get characters,200,OK,Thread Group 1-90,text,false,"The operation lasted too long: It took 742 milliseconds, but should not have lasted longer than 30 milliseconds.",14035,158,498,498,http://localhost:3001/characters,741,0,57
1745251871386,745,Get characters,200,OK,Thread Group 1-62,text,false,"The operation lasted too long: It took 745 milliseconds, but should not have lasted longer than 30 milliseconds.",14035,158,503,503,http://localhost:3001/characters,745,0,52
1745251871383,749,Get characters,200,OK,Thread Group 1-77,text,false,"The operation lasted too long: It took 749 milliseconds, but should not have lasted longer than 30 milliseconds.",14035,158,503,503,http://localhost:3001/characters,749,0,54
1745251871404,728,Get characters,200,OK,Thread Group 1-66,text,false,"The operation lasted too long: It took 728 milliseconds, but should not have lasted longer than 30 milliseconds.",14035,158,504,504,http://localhost:3001/characters,728,0,35
1745251871383,751,Get characters,200,OK,Thread Group 1-91,text,false,"The operation lasted too long: It took 751 milliseconds, but should not have lasted longer than 30 milliseconds.",14035,158,504,504,http://localhost:3001/characters,750,0,57
1745251871383,791,Get characters,200,OK,Thread Group 1-93,text,false,"The operation lasted too long: It took 791 milliseconds, but should not have lasted longer than 30 milliseconds.",14035,158,516,516,http://localhost:3001/characters,791,0,58
1745251871383,791,Get characters,200,OK,Thread Group 1-94,text,false,"The operation lasted too long: It took 791 milliseconds, but should not have lasted longer than 30 milliseconds.",14035,158,516,516,http://localhost:3001/characters,791,0,59
1745251871386,789,Get characters,200,OK,Thread Group 1-72,text,false,"The operation lasted too long: It took 789 milliseconds, but should not have lasted longer than 30 milliseconds.",14035,158,516,516,http://localhost:3001/characters,788,0,55
1745251871384,813,Get characters,200,OK,Thread Group 1-109,text,false,"The operation lasted too long: It took 813 milliseconds, but should not have lasted longer than 30 milliseconds.",14035,158,532,532,http://localhost:3001/characters,813,0,59
1745251871384,812,Get characters,200,OK,Thread Group 1-27,text,false,"The operation lasted too long: It took 812 milliseconds, but should not have lasted longer than 30 milliseconds.",14035,158,532,532,http://localhost:3001/characters,811,0,60
1745251871383,829,Get characters,200,OK,Thread Group 1-76,text,false,"The operation lasted too long: It took 829 milliseconds, but should not have lasted longer than 30 milliseconds.",14035,158,542,542,http://localhost:3001/characters,829,0,60
1745251871402,809,Get characters,200,OK,Thread Group 1-44,text,false,"The operation lasted too long: It took 809 milliseconds, but should not have lasted longer than 30 milliseconds.",14035,158,542,542,http://localhost:3001/characters,809,0,42
1745251871382,862,Get characters,200,OK,Thread Group 1-63,text,false,"The operation lasted too long: It took 862 milliseconds, but should not have lasted longer than 30 milliseconds.",14035,158,560,560,http://localhost:3001/characters,862,0,62
1745251871401,844,Get characters,200,OK,Thread Group 1-3,text,false,"The operation lasted too long: It took 844 milliseconds, but should not have lasted longer than 30 milliseconds.",14035,158,560,560,http://localhost:3001/characters,843,0,43
1745251871383,863,Get characters,200,OK,Thread Group 1-92,text,false,"The operation lasted too long: It took 863 milliseconds, but should not have lasted longer than 30 milliseconds.",14035,158,560,560,http://localhost:3001/characters,863,0,60
1745251871386,876,Get characters,200,OK,Thread Group 1-61,text,false,"The operation lasted too long: It took 876 milliseconds, but should not have lasted longer than 30 milliseconds.",14035,158,575,575,http://localhost:3001/characters,876,0,59
1745251871384,879,Get characters,200,OK,Thread Group 1-22,text,false,"The operation lasted too long: It took 879 milliseconds, but should not have lasted longer than 30 milliseconds.",14035,158,575,575,http://localhost:3001/characters,879,0,58
1745251871387,884,Get characters,200,OK,Thread Group 1-116,text,false,"The operation lasted too long: It took 884 milliseconds, but should not have lasted longer than 30 milliseconds.",14035,158,578,578,http://localhost:3001/characters,884,0,57
1745251871386,884,Get characters,200,OK,Thread Group 1-45,text,false,"The operation lasted too long: It took 884 milliseconds, but should not have lasted longer than 30 milliseconds.",14035,158,578,578,http://localhost:3001/characters,884,0,59
1745251871379,917,Get characters,200,OK,Thread Group 1-106,text,false,"The operation lasted too long: It took 917 milliseconds, but should not have lasted longer than 30 milliseconds.",14035,158,591,591,http://localhost:3001/characters,917,0,67
1745251871384,912,Get characters,200,OK,Thread Group 1-25,text,false,"The operation lasted too long: It took 912 milliseconds, but should not have lasted longer than 30 milliseconds.",14035,158,591,591,http://localhost:3001/characters,912,0,59
1745251871383,914,Get characters,200,OK,Thread Group 1-86,text,false,"The operation lasted too long: It took 914 milliseconds, but should not have lasted longer than 30 milliseconds.",14035,158,591,591,http://localhost:3001/characters,914,0,63
1745251871402,896,Get characters,200,OK,Thread Group 1-47,text,false,"The operation lasted too long: It took 896 milliseconds, but should not have lasted longer than 30 milliseconds.",14035,158,591,591,http://localhost:3001/characters,896,0,41
1745251871384,916,Get characters,200,OK,Thread Group 1-110,text,false,"The operation lasted too long: It took 916 milliseconds, but should not have lasted longer than 30 milliseconds.",14035,158,592,592,http://localhost:3001/characters,916,0,66
1745251871399,902,Get characters,200,OK,Thread Group 1-65,text,false,"The operation lasted too long: It took 902 milliseconds, but should not have lasted longer than 30 milliseconds.",14035,158,592,592,http://localhost:3001/characters,902,0,47
1745251871382,920,Get characters,200,OK,Thread Group 1-100,text,false,"The operation lasted too long: It took 920 milliseconds, but should not have lasted longer than 30 milliseconds.",14035,158,592,592,http://localhost:3001/characters,920,0,66
1745251871384,918,Get characters,200,OK,Thread Group 1-38,text,false,"The operation lasted too long: It took 918 milliseconds, but should not have lasted longer than 30 milliseconds.",14035,158,592,592,http://localhost:3001/characters,918,0,63
1745251871401,901,Get characters,200,OK,Thread Group 1-60,text,false,"The operation lasted too long: It took 901 milliseconds, but should not have lasted longer than 30 milliseconds.",14035,158,592,592,http://localhost:3001/characters,901,0,46
1745251871384,919,Get characters,200,OK,Thread Group 1-40,text,false,"The operation lasted too long: It took 919 milliseconds, but should not have lasted longer than 30 milliseconds.",14035,158,592,592,http://localhost:3001/characters,919,0,64
1745251871383,922,Get characters,200,OK,Thread Group 1-111,text,false,"The operation lasted too long: It took 922 milliseconds, but should not have lasted longer than 30 milliseconds.",14035,158,592,592,http://localhost:3001/characters,921,0,66
1745251871385,920,Get characters,200,OK,Thread Group 1-6,text,false,"The operation lasted too long: It took 920 milliseconds, but should not have lasted longer than 30 milliseconds.",14035,158,592,592,http://localhost:3001/characters,919,0,63
1745251871401,905,Get characters,200,OK,Thread Group 1-75,text,false,"The operation lasted too long: It took 905 milliseconds, but should not have lasted longer than 30 milliseconds.",14035,158,592,592,http://localhost:3001/characters,905,0,48
1745251871384,921,Get characters,200,OK,Thread Group 1-64,text,false,"The operation lasted too long: It took 921 milliseconds, but should not have lasted longer than 30 milliseconds.",14035,158,592,592,http://localhost:3001/characters,921,0,64
1745251871497,822,Get characters,200,OK,Thread Group 1-140,text,false,"The operation lasted too long: It took 822 milliseconds, but should not have lasted longer than 30 milliseconds.",14035,158,599,599,http://localhost:3001/characters,822,0,1
1745251871384,936,Get characters,200,OK,Thread Group 1-112,text,false,"The operation lasted too long: It took 936 milliseconds, but should not have lasted longer than 30 milliseconds.",14035,158,599,599,http://localhost:3001/characters,936,0,68
1745251871386,934,Get characters,200,OK,Thread Group 1-48,text,false,"The operation lasted too long: It took 934 milliseconds, but should not have lasted longer than 30 milliseconds.",14035,158,599,599,http://localhost:3001/characters,934,0,64
1745251871385,935,Get characters,200,OK,Thread Group 1-5,text,false,"The operation lasted too long: It took 935 milliseconds, but should not have lasted longer than 30 milliseconds.",14035,158,599,599,http://localhost:3001/characters,935,0,65
1745251871495,827,Get characters,200,OK,Thread Group 1-139,text,false,"The operation lasted too long: It took 827 milliseconds, but should not have lasted longer than 30 milliseconds.",14035,158,599,599,http://localhost:3001/characters,827,0,1
1745251871384,938,Get characters,200,OK,Thread Group 1-103,text,false,"The operation lasted too long: It took 938 milliseconds, but should not have lasted longer than 30 milliseconds.",14035,158,599,599,http://localhost:3001/characters,938,0,67
1745251871385,937,Get characters,200,OK,Thread Group 1-4,text,false,"The operation lasted too long: It took 937 milliseconds, but should not have lasted longer than 30 milliseconds.",14035,158,599,599,http://localhost:3001/characters,937,0,64
1745251871384,939,Get characters,200,OK,Thread Group 1-70,text,false,"The operation lasted too long: It took 939 milliseconds, but should not have lasted longer than 30 milliseconds.",14035,158,599,599,http://localhost:3001/characters,939,0,66
1745251871385,939,Get characters,200,OK,Thread Group 1-20,text,false,"The operation lasted too long: It took 939 milliseconds, but should not have lasted longer than 30 milliseconds.",14035,158,599,599,http://localhost:3001/characters,939,0,63
1745251871383,942,Get characters,200,OK,Thread Group 1-39,text,false,"The operation lasted too long: It took 942 milliseconds, but should not have lasted longer than 30 milliseconds.",14035,158,599,599,http://localhost:3001/characters,942,0,66
1745251871386,939,Get characters,200,OK,Thread Group 1-23,text,false,"The operation lasted too long: It took 939 milliseconds, but should not have lasted longer than 30 milliseconds.",14035,158,599,599,http://localhost:3001/characters,939,0,63
1745251871384,942,Get characters,200,OK,Thread Group 1-14,text,false,"The operation lasted too long: It took 942 milliseconds, but should not have lasted longer than 30 milliseconds.",14035,158,599,599,http://localhost:3001/characters,942,0,66
1745251871382,957,Get characters,200,OK,Thread Group 1-9,text,false,"The operation lasted too long: It took 957 milliseconds, but should not have lasted longer than 30 milliseconds.",14035,158,610,610,http://localhost:3001/characters,957,0,66
1745251871385,954,Get characters,200,OK,Thread Group 1-35,text,false,"The operation lasted too long: It took 954 milliseconds, but should not have lasted longer than 30 milliseconds.",14035,158,610,610,http://localhost:3001/characters,954,0,66
1745251871498,843,Get characters,200,OK,Thread Group 1-142,text,false,"The operation lasted too long: It took 843 milliseconds, but should not have lasted longer than 30 milliseconds.",14035,158,610,610,http://localhost:3001/characters,843,0,1
1745251871456,885,Get characters,200,OK,Thread Group 1-119,text,false,"The operation lasted too long: It took 885 milliseconds, but should not have lasted longer than 30 milliseconds.",14035,158,610,610,http://localhost:3001/characters,885,0,5
1745251871459,884,Get characters,200,OK,Thread Group 1-121,text,false,"The operation lasted too long: It took 884 milliseconds, but should not have lasted longer than 30 milliseconds.",14035,158,611,611,http://localhost:3001/characters,884,0,5
1745251871465,890,Get characters,200,OK,Thread Group 1-120,text,false,"The operation lasted too long: It took 890 milliseconds, but should not have lasted longer than 30 milliseconds.",14035,158,620,620,http://localhost:3001/characters,890,0,1
1745251871500,855,Get characters,200,OK,Thread Group 1-143,text,false,"The operation lasted too long: It took 855 milliseconds, but should not have lasted longer than 30 milliseconds.",14035,158,620,620,http://localhost:3001/characters,855,0,0
1745251871498,857,Get characters,200,OK,Thread Group 1-141,text,false,"The operation lasted too long: It took 857 milliseconds, but should not have lasted longer than 30 milliseconds.",14035,158,620,620,http://localhost:3001/characters,857,0,1
1745251871469,887,Get characters,200,OK,Thread Group 1-122,text,false,"The operation lasted too long: It took 887 milliseconds, but should not have lasted longer than 30 milliseconds.",14035,158,621,621,http://localhost:3001/characters,887,0,1
1745251871475,907,Get characters,200,OK,Thread Group 1-125,text,false,"The operation lasted too long: It took 907 milliseconds, but should not have lasted longer than 30 milliseconds.",14035,158,629,629,http://localhost:3001/characters,907,0,1
1745251871503,880,Get characters,200,OK,Thread Group 1-148,text,false,"The operation lasted too long: It took 880 milliseconds, but should not have lasted longer than 30 milliseconds.",14035,158,629,629,http://localhost:3001/characters,880,0,1
1745251871478,905,Get characters,200,OK,Thread Group 1-123,text,false,"The operation lasted too long: It took 905 milliseconds, but should not have lasted longer than 30 milliseconds.",14035,158,629,629,http://localhost:3001/characters,905,0,1
1745251871479,904,Get characters,200,OK,Thread Group 1-127,text,false,"The operation lasted too long: It took 904 milliseconds, but should not have lasted longer than 30 milliseconds.",14035,158,629,629,http://localhost:3001/characters,904,0,1
1745251871472,912,Get characters,200,OK,Thread Group 1-124,text,false,"The operation lasted too long: It took 912 milliseconds, but should not have lasted longer than 30 milliseconds.",14035,158,629,629,http://localhost:3001/characters,912,0,1
1745251871501,881,Get characters,200,OK,Thread Group 1-146,text,false,"The operation lasted too long: It took 881 milliseconds, but should not have lasted longer than 30 milliseconds.",14035,158,629,629,http://localhost:3001/characters,881,0,1
1745251871501,886,Get characters,200,OK,Thread Group 1-145,text,false,"The operation lasted too long: It took 886 milliseconds, but should not have lasted longer than 30 milliseconds.",14035,158,629,629,http://localhost:3001/characters,886,0,1
1745251871500,884,Get characters,200,OK,Thread Group 1-144,text,false,"The operation lasted too long: It took 884 milliseconds, but should not have lasted longer than 30 milliseconds.",14035,158,629,629,http://localhost:3001/characters,884,0,0
1745251871480,912,Get characters,200,OK,Thread Group 1-126,text,false,"The operation lasted too long: It took 912 milliseconds, but should not have lasted longer than 30 milliseconds.",14035,158,631,631,http://localhost:3001/characters,912,0,1
1745251871503,889,Get characters,200,OK,Thread Group 1-147,text,false,"The operation lasted too long: It took 889 milliseconds, but should not have lasted longer than 30 milliseconds.",14035,158,631,631,http://localhost:3001/characters,889,0,1
1745251871505,889,Get characters,200,OK,Thread Group 1-149,text,false,"The operation lasted too long: It took 889 milliseconds, but should not have lasted longer than 30 milliseconds.",14035,158,631,631,http://localhost:3001/characters,889,0,1
1745251871482,913,Get characters,200,OK,Thread Group 1-128,text,false,"The operation lasted too long: It took 913 milliseconds, but should not have lasted longer than 30 milliseconds.",14035,158,631,631,http://localhost:3001/characters,913,0,1
1745251871507,888,Get characters,200,OK,Thread Group 1-150,text,false,"The operation lasted too long: It took 888 milliseconds, but should not have lasted longer than 30 milliseconds.",14035,158,631,631,http://localhost:3001/characters,888,0,1
1745251871484,912,Get characters,200,OK,Thread Group 1-129,text,false,"The operation lasted too long: It took 912 milliseconds, but should not have lasted longer than 30 milliseconds.",14035,158,631,631,http://localhost:3001/characters,912,0,1
1745251871507,917,Get characters,200,OK,Thread Group 1-151,text,false,"The operation lasted too long: It took 917 milliseconds, but should not have lasted longer than 30 milliseconds.",14035,158,676,676,http://localhost:3001/characters,917,0,1
1745251871486,939,Get characters,200,OK,Thread Group 1-130,text,false,"The operation lasted too long: It took 939 milliseconds, but should not have lasted longer than 30 milliseconds.",14035,158,676,676,http://localhost:3001/characters,939,0,0
1745251871508,917,Get characters,200,OK,Thread Group 1-153,text,false,"The operation lasted too long: It took 917 milliseconds, but should not have lasted longer than 30 milliseconds.",14035,158,676,676,http://localhost:3001/characters,917,0,1
1745251871487,944,Get characters,200,OK,Thread Group 1-131,text,false,"The operation lasted too long: It took 944 milliseconds, but should not have lasted longer than 30 milliseconds.",14035,158,676,676,http://localhost:3001/characters,943,0,1
1745251871509,923,Get characters,200,OK,Thread Group 1-152,text,false,"The operation lasted too long: It took 923 milliseconds, but should not have lasted longer than 30 milliseconds.",14035,158,676,676,http://localhost:3001/characters,923,0,1
1745251871489,944,Get characters,200,OK,Thread Group 1-133,text,false,"The operation lasted too long: It took 944 milliseconds, but should not have lasted longer than 30 milliseconds.",14035,158,676,676,http://localhost:3001/characters,944,0,1
1745251871510,924,Get characters,200,OK,Thread Group 1-154,text,false,"The operation lasted too long: It took 924 milliseconds, but should not have lasted longer than 30 milliseconds.",14035,158,676,676,http://localhost:3001/characters,924,0,1
1745251871511,946,Get characters,200,OK,Thread Group 1-156,text,false,"The operation lasted too long: It took 946 milliseconds, but should not have lasted longer than 30 milliseconds.",14035,158,682,682,http://localhost:3001/characters,946,0,1
1745251871491,966,Get characters,200,OK,Thread Group 1-135,text,false,"The operation lasted too long: It took 966 milliseconds, but should not have lasted longer than 30 milliseconds.",14035,158,682,682,http://localhost:3001/characters,966,0,1
1745251871492,967,Get characters,200,OK,Thread Group 1-132,text,false,"The operation lasted too long: It took 967 milliseconds, but should not have lasted longer than 30 milliseconds.",14035,158,682,682,http://localhost:3001/characters,967,0,0
1745251871512,952,Get characters,200,OK,Thread Group 1-155,text,false,"The operation lasted too long: It took 952 milliseconds, but should not have lasted longer than 30 milliseconds.",14035,158,682,682,http://localhost:3001/characters,952,0,1
1745251871492,973,Get characters,200,OK,Thread Group 1-134,text,false,"The operation lasted too long: It took 973 milliseconds, but should not have lasted longer than 30 milliseconds.",14035,158,682,682,http://localhost:3001/characters,973,0,1
1745251871514,952,Get characters,200,OK,Thread Group 1-157,text,false,"The operation lasted too long: It took 952 milliseconds, but should not have lasted longer than 30 milliseconds.",14035,158,682,682,http://localhost:3001/characters,952,0,1
1745251871493,973,Get characters,200,OK,Thread Group 1-136,text,false,"The operation lasted too long: It took 973 milliseconds, but should not have lasted longer than 30 milliseconds.",14035,158,682,682,http://localhost:3001/characters,973,0,1
1745251871516,951,Get characters,200,OK,Thread Group 1-158,text,false,"The operation lasted too long: It took 951 milliseconds, but should not have lasted longer than 30 milliseconds.",14035,158,682,682,http://localhost:3001/characters,951,0,0
1745251871494,977,Get characters,200,OK,Thread Group 1-137,text,false,"The operation lasted too long: It took 977 milliseconds, but should not have lasted longer than 30 milliseconds.",14035,158,682,682,http://localhost:3001/characters,977,0,0
1745251871517,954,Get characters,200,OK,Thread Group 1-159,text,false,"The operation lasted too long: It took 954 milliseconds, but should not have lasted longer than 30 milliseconds.",14035,158,682,682,http://localhost:3001/characters,954,0,1
1745251871495,977,Get characters,200,OK,Thread Group 1-138,text,false,"The operation lasted too long: It took 977 milliseconds, but should not have lasted longer than 30 milliseconds.",14035,158,683,683,http://localhost:3001/characters,977,0,0
1745251871520,953,Get characters,200,OK,Thread Group 1-161,text,false,"The operation lasted too long: It took 953 milliseconds, but should not have lasted longer than 30 milliseconds.",14035,158,683,683,http://localhost:3001/characters,953,0,0
1745251871519,955,Get characters,200,OK,Thread Group 1-160,text,false,"The operation lasted too long: It took 955 milliseconds, but should not have lasted longer than 30 milliseconds.",14035,158,683,683,http://localhost:3001/characters,955,0,2
1745251871522,962,Get characters,200,OK,Thread Group 1-163,text,false,"The operation lasted too long: It took 962 milliseconds, but should not have lasted longer than 30 milliseconds.",14035,158,683,683,http://localhost:3001/characters,962,0,1
1745251871524,960,Get characters,200,OK,Thread Group 1-162,text,false,"The operation lasted too long: It took 960 milliseconds, but should not have lasted longer than 30 milliseconds.",14035,158,683,683,http://localhost:3001/characters,960,0,0
1745251871525,960,Get characters,200,OK,Thread Group 1-164,text,false,"The operation lasted too long: It took 960 milliseconds, but should not have lasted longer than 30 milliseconds.",14035,158,683,683,http://localhost:3001/characters,960,0,1
1745251871526,959,Get characters,200,OK,Thread Group 1-168,text,false,"The operation lasted too long: It took 959 milliseconds, but should not have lasted longer than 30 milliseconds.",14035,158,683,683,http://localhost:3001/characters,959,0,0
1745251872299,125,Create,201,Created,Thread Group 1-47,text,false,"The operation lasted too long: It took 125 milliseconds, but should not have lasted longer than 30 milliseconds.",281,224,676,676,http://localhost:3001/character,125,0,0
1745251871528,993,Get characters,200,OK,Thread Group 1-169,text,false,"The operation lasted too long: It took 993 milliseconds, but should not have lasted longer than 30 milliseconds.",14035,158,729,729,http://localhost:3001/characters,993,0,1
1745251871527,994,Get characters,200,OK,Thread Group 1-170,text,false,"The operation lasted too long: It took 994 milliseconds, but should not have lasted longer than 30 milliseconds.",14035,158,729,729,http://localhost:3001/characters,994,0,0
1745251871530,992,Get characters,200,OK,Thread Group 1-166,text,false,"The operation lasted too long: It took 992 milliseconds, but should not have lasted longer than 30 milliseconds.",14035,158,729,729,http://localhost:3001/characters,992,0,0
1745251871531,992,Get characters,200,OK,Thread Group 1-167,text,false,"The operation lasted too long: It took 992 milliseconds, but should not have lasted longer than 30 milliseconds.",14035,158,729,729,http://localhost:3001/characters,992,0,1
1745251871533,1016,Get characters,200,OK,Thread Group 1-171,text,false,"The operation lasted too long: It took 1,016 milliseconds, but should not have lasted longer than 30 milliseconds.",14035,158,743,743,http://localhost:3001/characters,1016,0,0
1745251871534,1015,Get characters,200,OK,Thread Group 1-172,text,false,"The operation lasted too long: It took 1,015 milliseconds, but should not have lasted longer than 30 milliseconds.",14035,158,743,743,http://localhost:3001/characters,1015,0,1
1745251871561,990,Get characters,200,OK,Thread Group 1-184,text,false,"The operation lasted too long: It took 990 milliseconds, but should not have lasted longer than 30 milliseconds.",14035,158,743,743,http://localhost:3001/characters,990,0,0
1745251871559,1002,Get characters,200,OK,Thread Group 1-182,text,false,"The operation lasted too long: It took 1,002 milliseconds, but should not have lasted longer than 30 milliseconds.",14035,158,744,744,http://localhost:3001/characters,1002,0,1
1745251871562,1000,Get characters,200,OK,Thread Group 1-185,text,false,"The operation lasted too long: It took 1,000 milliseconds, but should not have lasted longer than 30 milliseconds.",14035,158,744,744,http://localhost:3001/characters,1000,0,0
1745251871536,1034,Get characters,200,OK,Thread Group 1-165,text,false,"The operation lasted too long: It took 1,034 milliseconds, but should not have lasted longer than 30 milliseconds.",14035,158,744,744,http://localhost:3001/characters,1034,0,1
1745251871562,1008,Get characters,200,OK,Thread Group 1-186,text,false,"The operation lasted too long: It took 1,008 milliseconds, but should not have lasted longer than 30 milliseconds.",14035,158,744,744,http://localhost:3001/characters,1008,0,0
1745251871538,1035,Get characters,200,OK,Thread Group 1-174,text,false,"The operation lasted too long: It took 1,035 milliseconds, but should not have lasted longer than 30 milliseconds.",14035,158,744,744,http://localhost:3001/characters,1034,0,0
1745251871563,1011,Get characters,200,OK,Thread Group 1-187,text,false,"The operation lasted too long: It took 1,011 milliseconds, but should not have lasted longer than 30 milliseconds.",14035,158,744,744,http://localhost:3001/characters,1011,0,1
1745251871563,1011,Get characters,200,OK,Thread Group 1-189,text,false,"The operation lasted too long: It took 1,011 milliseconds, but should not have lasted longer than 30 milliseconds.",14035,158,744,744,http://localhost:3001/characters,1011,0,1
1745251871564,1011,Get characters,200,OK,Thread Group 1-196,text,false,"The operation lasted too long: It took 1,011 milliseconds, but should not have lasted longer than 30 milliseconds.",14035,158,744,744,http://localhost:3001/characters,1011,0,1
1745251871539,1036,Get characters,200,OK,Thread Group 1-173,text,false,"The operation lasted too long: It took 1,036 milliseconds, but should not have lasted longer than 30 milliseconds.",14035,158,744,744,http://localhost:3001/characters,1036,0,1
1745251871541,1037,Get characters,200,OK,Thread Group 1-175,text,false,"The operation lasted too long: It took 1,037 milliseconds, but should not have lasted longer than 30 milliseconds.",14035,158,744,744,http://localhost:3001/characters,1037,0,0
1745251871564,1014,Get characters,200,OK,Thread Group 1-202,text,false,"The operation lasted too long: It took 1,014 milliseconds, but should not have lasted longer than 30 milliseconds.",14035,158,744,744,http://localhost:3001/characters,1014,0,1
1745251871566,1016,Get characters,200,OK,Thread Group 1-217,text,false,"The operation lasted too long: It took 1,016 milliseconds, but should not have lasted longer than 30 milliseconds.",14035,158,744,744,http://localhost:3001/characters,1016,0,1
1745251871542,1040,Get characters,200,OK,Thread Group 1-177,text,false,"The operation lasted too long: It took 1,040 milliseconds, but should not have lasted longer than 30 milliseconds.",14035,158,744,744,http://localhost:3001/characters,1040,0,1
1745251871544,1039,Get characters,200,OK,Thread Group 1-176,text,false,"The operation lasted too long: It took 1,039 milliseconds, but should not have lasted longer than 30 milliseconds.",14035,158,744,744,http://localhost:3001/characters,1039,0,1
1745251871544,1040,Get characters,200,OK,Thread Group 1-179,text,false,"The operation lasted too long: It took 1,040 milliseconds, but should not have lasted longer than 30 milliseconds.",14035,158,744,744,http://localhost:3001/characters,1040,0,0
1745251871567,1019,Get characters,200,OK,Thread Group 1-221,text,false,"The operation lasted too long: It took 1,019 milliseconds, but should not have lasted longer than 30 milliseconds.",14035,158,744,744,http://localhost:3001/characters,1019,0,0
1745251871572,1020,Get characters,200,OK,Thread Group 1-210,text,false,"The operation lasted too long: It took 1,020 milliseconds, but should not have lasted longer than 30 milliseconds.",14035,158,744,744,http://localhost:3001/characters,1020,0,1
1745251871568,1024,Get characters,200,OK,Thread Group 1-222,text,false,"The operation lasted too long: It took 1,024 milliseconds, but should not have lasted longer than 30 milliseconds.",14035,158,744,744,http://localhost:3001/characters,1024,0,0
1745251871572,1028,Get characters,200,OK,Thread Group 1-212,text,false,"The operation lasted too long: It took 1,028 milliseconds, but should not have lasted longer than 30 milliseconds.",14035,158,744,744,http://localhost:3001/characters,1028,0,0
1745251871570,1033,Get characters,200,OK,Thread Group 1-216,text,false,"The operation lasted too long: It took 1,033 milliseconds, but should not have lasted longer than 30 milliseconds.",14035,158,744,744,http://localhost:3001/characters,1032,0,1
1745251871571,1032,Get characters,200,OK,Thread Group 1-214,text,false,"The operation lasted too long: It took 1,032 milliseconds, but should not have lasted longer than 30 milliseconds.",14035,158,744,744,http://localhost:3001/characters,1031,0,1
1745251871555,1049,Get characters,200,OK,Thread Group 1-181,text,false,"The operation lasted too long: It took 1,049 milliseconds, but should not have lasted longer than 30 milliseconds.",14035,158,744,744,http://localhost:3001/characters,1049,0,3
1745251871569,1035,Get characters,200,OK,Thread Group 1-219,text,false,"The operation lasted too long: It took 1,035 milliseconds, but should not have lasted longer than 30 milliseconds.",14035,158,744,744,http://localhost:3001/characters,1035,0,1
1745251871570,1034,Get characters,200,OK,Thread Group 1-215,text,false,"The operation lasted too long: It took 1,034 milliseconds, but should not have lasted longer than 30 milliseconds.",14035,158,744,744,http://localhost:3001/characters,1034,0,1
1745251871546,1059,Get characters,200,OK,Thread Group 1-180,text,false,"The operation lasted too long: It took 1,059 milliseconds, but should not have lasted longer than 30 milliseconds.",14035,158,744,744,http://localhost:3001/characters,1059,0,1
1745251871569,1036,Get characters,200,OK,Thread Group 1-220,text,false,"The operation lasted too long: It took 1,036 milliseconds, but should not have lasted longer than 30 milliseconds.",14035,158,744,744,http://localhost:3001/characters,1036,0,1
1745251871568,1037,Get characters,200,OK,Thread Group 1-224,text,false,"The operation lasted too long: It took 1,037 milliseconds, but should not have lasted longer than 30 milliseconds.",14035,158,744,744,http://localhost:3001/characters,1037,0,2
1745251871569,1037,Get characters,200,OK,Thread Group 1-218,text,false,"The operation lasted too long: It took 1,037 milliseconds, but should not have lasted longer than 30 milliseconds.",14035,158,744,744,http://localhost:3001/characters,1037,0,1
1745251871545,1061,Get characters,200,OK,Thread Group 1-178,text,false,"The operation lasted too long: It took 1,061 milliseconds, but should not have lasted longer than 30 milliseconds.",14035,158,744,744,http://localhost:3001/characters,1061,0,1
1745251871559,1048,Get characters,200,OK,Thread Group 1-183,text,false,"The operation lasted too long: It took 1,048 milliseconds, but should not have lasted longer than 30 milliseconds.",14035,158,744,744,http://localhost:3001/characters,1048,0,1
1745251871878,732,Create,201,Created,Thread Group 1-15,text,false,"The operation lasted too long: It took 732 milliseconds, but should not have lasted longer than 30 milliseconds.",281,224,744,744,http://localhost:3001/character,732,0,0
1745251871877,734,Create,201,Created,Thread Group 1-89,text,false,"The operation lasted too long: It took 734 milliseconds, but should not have lasted longer than 30 milliseconds.",281,224,744,744,http://localhost:3001/character,734,0,0
1745251871878,733,Create,201,Created,Thread Group 1-104,text,false,"The operation lasted too long: It took 733 milliseconds, but should not have lasted longer than 30 milliseconds.",281,224,744,744,http://localhost:3001/character,733,0,0
1745251871877,736,Create,201,Created,Thread Group 1-108,text,false,"The operation lasted too long: It took 736 milliseconds, but should not have lasted longer than 30 milliseconds.",281,224,744,744,http://localhost:3001/character,736,0,0
1745251871878,737,Create,201,Created,Thread Group 1-97,text,false,"The operation lasted too long: It took 737 milliseconds, but should not have lasted longer than 30 milliseconds.",281,224,744,744,http://localhost:3001/character,737,0,0
1745251871878,737,Create,201,Created,Thread Group 1-114,text,false,"The operation lasted too long: It took 737 milliseconds, but should not have lasted longer than 30 milliseconds.",281,224,744,744,http://localhost:3001/character,737,0,0
1745251871878,737,Create,201,Created,Thread Group 1-24,text,false,"The operation lasted too long: It took 737 milliseconds, but should not have lasted longer than 30 milliseconds.",281,224,744,744,http://localhost:3001/character,737,0,0
1745251871878,737,Create,201,Created,Thread Group 1-117,text,false,"The operation lasted too long: It took 737 milliseconds, but should not have lasted longer than 30 milliseconds.",281,224,744,744,http://localhost:3001/character,737,0,0
1745251871878,738,Create,201,Created,Thread Group 1-87,text,false,"The operation lasted too long: It took 738 milliseconds, but should not have lasted longer than 30 milliseconds.",281,224,744,744,http://localhost:3001/character,738,0,0
1745251871878,738,Create,201,Created,Thread Group 1-32,text,false,"The operation lasted too long: It took 738 milliseconds, but should not have lasted longer than 30 milliseconds.",281,224,744,744,http://localhost:3001/character,738,0,0
1745251871878,739,Create,201,Created,Thread Group 1-16,text,false,"The operation lasted too long: It took 739 milliseconds, but should not have lasted longer than 30 milliseconds.",281,224,744,744,http://localhost:3001/character,739,0,0
1745251871878,739,Create,201,Created,Thread Group 1-2,text,false,"The operation lasted too long: It took 739 milliseconds, but should not have lasted longer than 30 milliseconds.",281,224,744,744,http://localhost:3001/character,739,0,0
1745251871877,739,Create,201,Created,Thread Group 1-82,text,false,"The operation lasted too long: It took 739 milliseconds, but should not have lasted longer than 30 milliseconds.",281,224,744,744,http://localhost:3001/character,739,0,0
1745251871878,740,Create,201,Created,Thread Group 1-17,text,false,"The operation lasted too long: It took 740 milliseconds, but should not have lasted longer than 30 milliseconds.",281,224,744,744,http://localhost:3001/character,740,0,0
1745251871877,743,Create,201,Created,Thread Group 1-1,text,false,"The operation lasted too long: It took 743 milliseconds, but should not have lasted longer than 30 milliseconds.",281,224,744,744,http://localhost:3001/character,742,0,0
1745251871878,741,Create,201,Created,Thread Group 1-50,text,false,"The operation lasted too long: It took 741 milliseconds, but should not have lasted longer than 30 milliseconds.",281,224,744,744,http://localhost:3001/character,741,0,0
1745251871878,742,Create,201,Created,Thread Group 1-11,text,false,"The operation lasted too long: It took 742 milliseconds, but should not have lasted longer than 30 milliseconds.",281,224,744,744,http://localhost:3001/character,742,0,0
1745251871878,743,Create,201,Created,Thread Group 1-33,text,false,"The operation lasted too long: It took 743 milliseconds, but should not have lasted longer than 30 milliseconds.",281,224,744,744,http://localhost:3001/character,742,0,0
1745251871878,743,Create,201,Created,Thread Group 1-118,text,false,"The operation lasted too long: It took 743 milliseconds, but should not have lasted longer than 30 milliseconds.",281,224,744,744,http://localhost:3001/character,743,0,0
1745251871877,745,Create,201,Created,Thread Group 1-21,text,false,"The operation lasted too long: It took 745 milliseconds, but should not have lasted longer than 30 milliseconds.",281,224,744,744,http://localhost:3001/character,744,0,0
1745251871877,745,Create,201,Created,Thread Group 1-7,text,false,"The operation lasted too long: It took 745 milliseconds, but should not have lasted longer than 30 milliseconds.",281,224,744,744,http://localhost:3001/character,744,0,0
1745251871877,745,Create,201,Created,Thread Group 1-41,text,false,"The operation lasted too long: It took 745 milliseconds, but should not have lasted longer than 30 milliseconds.",281,224,744,744,http://localhost:3001/character,745,0,0
1745251871879,743,Create,201,Created,Thread Group 1-81,text,false,"The operation lasted too long: It took 743 milliseconds, but should not have lasted longer than 30 milliseconds.",281,224,744,744,http://localhost:3001/character,743,0,0
1745251871878,744,Create,201,Created,Thread Group 1-57,text,false,"The operation lasted too long: It took 744 milliseconds, but should not have lasted longer than 30 milliseconds.",281,224,744,744,http://localhost:3001/character,744,0,0
1745251871879,744,Create,201,Created,Thread Group 1-69,text,false,"The operation lasted too long: It took 744 milliseconds, but should not have lasted longer than 30 milliseconds.",281,224,744,744,http://localhost:3001/character,744,0,0
1745251871877,746,Create,201,Created,Thread Group 1-95,text,false,"The operation lasted too long: It took 746 milliseconds, but should not have lasted longer than 30 milliseconds.",281,224,744,744,http://localhost:3001/character,746,0,0
1745251871878,745,Create,201,Created,Thread Group 1-105,text,false,"The operation lasted too long: It took 745 milliseconds, but should not have lasted longer than 30 milliseconds.",281,224,744,744,http://localhost:3001/character,745,0,0
1745251871878,746,Create,201,Created,Thread Group 1-96,text,false,"The operation lasted too long: It took 746 milliseconds, but should not have lasted longer than 30 milliseconds.",281,224,744,744,http://localhost:3001/character,746,0,0
1745251871877,747,Create,201,Created,Thread Group 1-59,text,false,"The operation lasted too long: It took 747 milliseconds, but should not have lasted longer than 30 milliseconds.",281,224,744,744,http://localhost:3001/character,747,0,0
1745251871878,747,Create,201,Created,Thread Group 1-80,text,false,"The operation lasted too long: It took 747 milliseconds, but should not have lasted longer than 30 milliseconds.",281,224,744,744,http://localhost:3001/character,747,0,0
1745251871878,747,Create,201,Created,Thread Group 1-19,text,false,"The operation lasted too long: It took 747 milliseconds, but should not have lasted longer than 30 milliseconds.",281,224,744,744,http://localhost:3001/character,747,0,0
1745251871878,748,Create,201,Created,Thread Group 1-54,text,false,"The operation lasted too long: It took 748 milliseconds, but should not have lasted longer than 30 milliseconds.",281,224,744,744,http://localhost:3001/character,748,0,0
1745251871877,749,Create,201,Created,Thread Group 1-99,text,false,"The operation lasted too long: It took 749 milliseconds, but should not have lasted longer than 30 milliseconds.",281,224,744,744,http://localhost:3001/character,749,0,0
1745251871877,751,Create,201,Created,Thread Group 1-43,text,false,"The operation lasted too long: It took 751 milliseconds, but should not have lasted longer than 30 milliseconds.",281,224,744,744,http://localhost:3001/character,751,0,0
1745251871877,751,Create,201,Created,Thread Group 1-101,text,false,"The operation lasted too long: It took 751 milliseconds, but should not have lasted longer than 30 milliseconds.",281,224,744,744,http://localhost:3001/character,751,0,0
1745251871878,750,Create,201,Created,Thread Group 1-49,text,false,"The operation lasted too long: It took 750 milliseconds, but should not have lasted longer than 30 milliseconds.",281,224,744,744,http://localhost:3001/character,750,0,0
1745251871877,750,Create,201,Created,Thread Group 1-79,text,false,"The operation lasted too long: It took 750 milliseconds, but should not have lasted longer than 30 milliseconds.",281,224,744,744,http://localhost:3001/character,750,0,0
1745251871878,751,Create,201,Created,Thread Group 1-71,text,false,"The operation lasted too long: It took 751 milliseconds, but should not have lasted longer than 30 milliseconds.",281,224,744,744,http://localhost:3001/character,751,0,0
1745251871877,752,Create,201,Created,Thread Group 1-58,text,false,"The operation lasted too long: It took 752 milliseconds, but should not have lasted longer than 30 milliseconds.",281,224,744,744,http://localhost:3001/character,752,0,0
1745251871877,752,Create,201,Created,Thread Group 1-30,text,false,"The operation lasted too long: It took 752 milliseconds, but should not have lasted longer than 30 milliseconds.",281,224,744,744,http://localhost:3001/character,752,0,0
1745251871878,752,Create,201,Created,Thread Group 1-13,text,false,"The operation lasted too long: It took 752 milliseconds, but should not have lasted longer than 30 milliseconds.",281,224,744,744,http://localhost:3001/character,752,0,0
1745251871573,1058,Get characters,200,OK,Thread Group 1-209,text,false,"The operation lasted too long: It took 1,058 milliseconds, but should not have lasted longer than 30 milliseconds.",16597,158,744,744,http://localhost:3001/characters,1058,0,0
1745251871976,655,Create,201,Created,Thread Group 1-53,text,false,"The operation lasted too long: It took 655 milliseconds, but should not have lasted longer than 30 milliseconds.",281,224,744,744,http://localhost:3001/character,655,0,0
1745251871879,753,Create,201,Created,Thread Group 1-46,text,false,"The operation lasted too long: It took 753 milliseconds, but should not have lasted longer than 30 milliseconds.",281,224,744,744,http://localhost:3001/character,753,0,0
1745251871877,755,Create,201,Created,Thread Group 1-29,text,false,"The operation lasted too long: It took 755 milliseconds, but should not have lasted longer than 30 milliseconds.",281,224,744,744,http://localhost:3001/character,755,0,0
1745251871877,757,Create,201,Created,Thread Group 1-51,text,false,"The operation lasted too long: It took 757 milliseconds, but should not have lasted longer than 30 milliseconds.",281,224,744,744,http://localhost:3001/character,757,0,0
1745251871879,756,Create,201,Created,Thread Group 1-74,text,false,"The operation lasted too long: It took 756 milliseconds, but should not have lasted longer than 30 milliseconds.",281,224,744,744,http://localhost:3001/character,756,0,0
1745251871878,761,Create,201,Created,Thread Group 1-107,text,false,"The operation lasted too long: It took 761 milliseconds, but should not have lasted longer than 30 milliseconds.",281,224,744,744,http://localhost:3001/character,761,0,0
1745251871877,765,Create,201,Created,Thread Group 1-113,text,false,"The operation lasted too long: It took 765 milliseconds, but should not have lasted longer than 30 milliseconds.",281,224,744,744,http://localhost:3001/character,765,0,0
1745251871878,765,Create,201,Created,Thread Group 1-18,text,false,"The operation lasted too long: It took 765 milliseconds, but should not have lasted longer than 30 milliseconds.",281,224,744,744,http://localhost:3001/character,765,0,0
1745251871877,767,Create,201,Created,Thread Group 1-102,text,false,"The operation lasted too long: It took 767 milliseconds, but should not have lasted longer than 30 milliseconds.",281,224,744,744,http://localhost:3001/character,767,0,0
1745251871877,768,Create,201,Created,Thread Group 1-98,text,false,"The operation lasted too long: It took 768 milliseconds, but should not have lasted longer than 30 milliseconds.",281,224,744,744,http://localhost:3001/character,768,0,0
1745251871877,769,Create,201,Created,Thread Group 1-12,text,false,"The operation lasted too long: It took 769 milliseconds, but should not have lasted longer than 30 milliseconds.",281,224,744,744,http://localhost:3001/character,769,0,0
1745251871877,770,Create,201,Created,Thread Group 1-42,text,false,"The operation lasted too long: It took 770 milliseconds, but should not have lasted longer than 30 milliseconds.",281,224,744,744,http://localhost:3001/character,770,0,0
1745251871877,771,Create,201,Created,Thread Group 1-85,text,false,"The operation lasted too long: It took 771 milliseconds, but should not have lasted longer than 30 milliseconds.",281,224,744,744,http://localhost:3001/character,771,0,0
1745251871878,770,Create,201,Created,Thread Group 1-10,text,false,"The operation lasted too long: It took 770 milliseconds, but should not have lasted longer than 30 milliseconds.",281,224,744,744,http://localhost:3001/character,770,0,0
1745251871877,773,Create,201,Created,Thread Group 1-68,text,false,"The operation lasted too long: It took 773 milliseconds, but should not have lasted longer than 30 milliseconds.",281,224,744,744,http://localhost:3001/character,773,0,0
1745251871878,772,Create,201,Created,Thread Group 1-31,text,false,"The operation lasted too long: It took 772 milliseconds, but should not have lasted longer than 30 milliseconds.",281,224,744,744,http://localhost:3001/character,772,0,0
1745251871878,774,Create,201,Created,Thread Group 1-73,text,false,"The operation lasted too long: It took 774 milliseconds, but should not have lasted longer than 30 milliseconds.",281,224,744,744,http://localhost:3001/character,774,0,0
1745251871877,783,Create,201,Created,Thread Group 1-88,text,false,"The operation lasted too long: It took 783 milliseconds, but should not have lasted longer than 30 milliseconds.",281,224,744,744,http://localhost:3001/character,783,0,0
1745251871878,782,Create,201,Created,Thread Group 1-26,text,false,"The operation lasted too long: It took 782 milliseconds, but should not have lasted longer than 30 milliseconds.",281,224,744,744,http://localhost:3001/character,782,0,0
1745251871878,782,Create,201,Created,Thread Group 1-34,text,false,"The operation lasted too long: It took 782 milliseconds, but should not have lasted longer than 30 milliseconds.",281,224,744,744,http://localhost:3001/character,782,0,0
1745251871879,782,Create,201,Created,Thread Group 1-84,text,false,"The operation lasted too long: It took 782 milliseconds, but should not have lasted longer than 30 milliseconds.",281,224,744,744,http://localhost:3001/character,782,0,0
1745251871976,685,Create,201,Created,Thread Group 1-67,text,false,"The operation lasted too long: It took 685 milliseconds, but should not have lasted longer than 30 milliseconds.",281,224,744,744,http://localhost:3001/character,685,0,0
1745251871573,1089,Get characters,200,OK,Thread Group 1-205,text,false,"The operation lasted too long: It took 1,089 milliseconds, but should not have lasted longer than 30 milliseconds.",16681,158,744,744,http://localhost:3001/characters,1088,0,1
1745251871573,1089,Get characters,200,OK,Thread Group 1-207,text,false,"The operation lasted too long: It took 1,089 milliseconds, but should not have lasted longer than 30 milliseconds.",16681,158,744,744,http://localhost:3001/characters,1089,0,1
1745251871574,1089,Get characters,200,OK,Thread Group 1-206,text,false,"The operation lasted too long: It took 1,089 milliseconds, but should not have lasted longer than 30 milliseconds.",16681,158,744,744,http://localhost:3001/characters,1089,0,0
1745251871573,1091,Get characters,200,OK,Thread Group 1-208,text,false,"The operation lasted too long: It took 1,091 milliseconds, but should not have lasted longer than 30 milliseconds.",16681,158,744,744,http://localhost:3001/characters,1090,0,1
1745251871574,1090,Get characters,200,OK,Thread Group 1-203,text,false,"The operation lasted too long: It took 1,090 milliseconds, but should not have lasted longer than 30 milliseconds.",16681,158,744,744,http://localhost:3001/characters,1090,0,1
1745251871574,1090,Get characters,200,OK,Thread Group 1-201,text,false,"The operation lasted too long: It took 1,090 milliseconds, but should not have lasted longer than 30 milliseconds.",16681,158,744,744,http://localhost:3001/characters,1090,0,1
1745251871574,1090,Get characters,200,OK,Thread Group 1-199,text,false,"The operation lasted too long: It took 1,090 milliseconds, but should not have lasted longer than 30 milliseconds.",16681,158,744,744,http://localhost:3001/characters,1090,0,1
1745251872039,625,Create,201,Created,Thread Group 1-8,text,false,"The operation lasted too long: It took 625 milliseconds, but should not have lasted longer than 30 milliseconds.",281,224,744,744,http://localhost:3001/character,625,0,0
1745251872103,562,Create,201,Created,Thread Group 1-28,text,false,"The operation lasted too long: It took 562 milliseconds, but should not have lasted longer than 30 milliseconds.",281,224,744,744,http://localhost:3001/character,562,0,0
1745251872101,564,Create,201,Created,Thread Group 1-83,text,false,"The operation lasted too long: It took 564 milliseconds, but should not have lasted longer than 30 milliseconds.",281,224,744,744,http://localhost:3001/character,564,0,0
1745251872102,564,Create,201,Created,Thread Group 1-56,text,false,"The operation lasted too long: It took 564 milliseconds, but should not have lasted longer than 30 milliseconds.",281,224,744,744,http://localhost:3001/character,563,0,0
1745251872104,561,Create,201,Created,Thread Group 1-78,text,false,"The operation lasted too long: It took 561 milliseconds, but should not have lasted longer than 30 milliseconds.",281,224,744,744,http://localhost:3001/character,561,0,0
1745251872100,566,Create,201,Created,Thread Group 1-52,text,false,"The operation lasted too long: It took 566 milliseconds, but should not have lasted longer than 30 milliseconds.",281,224,744,744,http://localhost:3001/character,566,0,0
1745251872103,563,Create,201,Created,Thread Group 1-36,text,false,"The operation lasted too long: It took 563 milliseconds, but should not have lasted longer than 30 milliseconds.",281,224,744,744,http://localhost:3001/character,563,0,0
1745251872097,570,Create,201,Created,Thread Group 1-115,text,false,"The operation lasted too long: It took 570 milliseconds, but should not have lasted longer than 30 milliseconds.",281,224,744,744,http://localhost:3001/character,570,0,0
1745251872100,575,Create,201,Created,Thread Group 1-37,text,false,"The operation lasted too long: It took 575 milliseconds, but should not have lasted longer than 30 milliseconds.",281,224,744,744,http://localhost:3001/character,567,0,0
1745251872134,542,Create,201,Created,Thread Group 1-91,text,false,"The operation lasted too long: It took 542 milliseconds, but should not have lasted longer than 30 milliseconds.",281,224,744,744,http://localhost:3001/character,542,0,0
1745251872125,551,Create,201,Created,Thread Group 1-90,text,false,"The operation lasted too long: It took 551 milliseconds, but should not have lasted longer than 30 milliseconds.",281,224,744,744,http://localhost:3001/character,551,0,0
1745251872132,545,Create,201,Created,Thread Group 1-62,text,false,"The operation lasted too long: It took 545 milliseconds, but should not have lasted longer than 30 milliseconds.",281,224,744,744,http://localhost:3001/character,545,0,0
1745251872133,545,Create,201,Created,Thread Group 1-66,text,false,"The operation lasted too long: It took 545 milliseconds, but should not have lasted longer than 30 milliseconds.",281,224,744,744,http://localhost:3001/character,545,0,0
1745251872132,547,Create,201,Created,Thread Group 1-77,text,false,"The operation lasted too long: It took 547 milliseconds, but should not have lasted longer than 30 milliseconds.",281,224,744,744,http://localhost:3001/character,547,0,0
1745251872176,504,Create,201,Created,Thread Group 1-72,text,false,"The operation lasted too long: It took 504 milliseconds, but should not have lasted longer than 30 milliseconds.",281,224,744,744,http://localhost:3001/character,504,0,0
1745251872175,505,Create,201,Created,Thread Group 1-94,text,false,"The operation lasted too long: It took 505 milliseconds, but should not have lasted longer than 30 milliseconds.",281,224,744,744,http://localhost:3001/character,505,0,0
1745251872175,507,Create,201,Created,Thread Group 1-93,text,false,"The operation lasted too long: It took 507 milliseconds, but should not have lasted longer than 30 milliseconds.",281,224,744,744,http://localhost:3001/character,507,0,0
1745251871575,1115,Get characters,200,OK,Thread Group 1-195,text,false,"The operation lasted too long: It took 1,115 milliseconds, but should not have lasted longer than 30 milliseconds.",17437,158,744,744,http://localhost:3001/characters,1115,0,1
1745251871677,1014,Get characters,200,OK,Thread Group 1-267,text,false,"The operation lasted too long: It took 1,014 milliseconds, but should not have lasted longer than 30 milliseconds.",17437,158,744,744,http://localhost:3001/characters,1014,0,4
1745251871686,1006,Get characters,200,OK,Thread Group 1-269,text,false,"The operation lasted too long: It took 1,006 milliseconds, but should not have lasted longer than 30 milliseconds.",17437,158,744,744,http://localhost:3001/characters,1006,0,1
1745251871692,1000,Get characters,200,OK,Thread Group 1-273,text,false,"The operation lasted too long: It took 1,000 milliseconds, but should not have lasted longer than 30 milliseconds.",17437,158,744,744,http://localhost:3001/characters,1000,0,1
1745251872198,497,Create,201,Created,Thread Group 1-109,text,false,"The operation lasted too long: It took 497 milliseconds, but should not have lasted longer than 30 milliseconds.",281,224,745,745,http://localhost:3001/character,497,0,0
1745251872212,483,Create,201,Created,Thread Group 1-44,text,false,"The operation lasted too long: It took 483 milliseconds, but should not have lasted longer than 30 milliseconds.",281,224,745,745,http://localhost:3001/character,483,0,0
1745251872198,498,Create,201,Created,Thread Group 1-27,text,false,"The operation lasted too long: It took 498 milliseconds, but should not have lasted longer than 30 milliseconds.",281,224,745,745,http://localhost:3001/character,498,0,0
1745251872247,449,Create,201,Created,Thread Group 1-63,text,false,"The operation lasted too long: It took 449 milliseconds, but should not have lasted longer than 30 milliseconds.",281,224,745,745,http://localhost:3001/character,449,0,0
1745251872264,433,Create,201,Created,Thread Group 1-22,text,false,"The operation lasted too long: It took 433 milliseconds, but should not have lasted longer than 30 milliseconds.",281,224,745,745,http://localhost:3001/character,433,0,0
1745251872305,392,Create,201,Created,Thread Group 1-111,text,false,"The operation lasted too long: It took 392 milliseconds, but should not have lasted longer than 30 milliseconds.",281,224,745,745,http://localhost:3001/character,392,0,0
1745251872263,435,Create,201,Created,Thread Group 1-61,text,false,"The operation lasted too long: It took 435 milliseconds, but should not have lasted longer than 30 milliseconds.",281,224,745,745,http://localhost:3001/character,435,0,0
1745251872272,426,Create,201,Created,Thread Group 1-116,text,false,"The operation lasted too long: It took 426 milliseconds, but should not have lasted longer than 30 milliseconds.",281,224,745,745,http://localhost:3001/character,426,0,0
1745251872303,396,Create,201,Created,Thread Group 1-38,text,false,"The operation lasted too long: It took 396 milliseconds, but should not have lasted longer than 30 milliseconds.",281,224,745,745,http://localhost:3001/character,396,0,0
1745251872246,453,Create,201,Created,Thread Group 1-3,text,false,"The operation lasted too long: It took 453 milliseconds, but should not have lasted longer than 30 milliseconds.",281,224,745,745,http://localhost:3001/character,453,0,0
1745251872298,401,Create,201,Created,Thread Group 1-25,text,false,"The operation lasted too long: It took 401 milliseconds, but should not have lasted longer than 30 milliseconds.",281,224,745,745,http://localhost:3001/character,401,0,0
1745251872246,454,Create,201,Created,Thread Group 1-92,text,false,"The operation lasted too long: It took 454 milliseconds, but should not have lasted longer than 30 milliseconds.",281,224,745,745,http://localhost:3001/character,454,0,0
1745251872306,397,Create,201,Created,Thread Group 1-64,text,false,"The operation lasted too long: It took 397 milliseconds, but should not have lasted longer than 30 milliseconds.",281,224,745,745,http://localhost:3001/character,397,0,0
1745251872297,406,Create,201,Created,Thread Group 1-106,text,false,"The operation lasted too long: It took 406 milliseconds, but should not have lasted longer than 30 milliseconds.",281,224,745,745,http://localhost:3001/character,406,0,0
1745251872303,400,Create,201,Created,Thread Group 1-60,text,false,"The operation lasted too long: It took 400 milliseconds, but should not have lasted longer than 30 milliseconds.",281,224,745,745,http://localhost:3001/character,400,0,0
1745251872306,398,Create,201,Created,Thread Group 1-6,text,false,"The operation lasted too long: It took 398 milliseconds, but should not have lasted longer than 30 milliseconds.",281,224,745,745,http://localhost:3001/character,398,0,0
1745251872302,402,Create,201,Created,Thread Group 1-100,text,false,"The operation lasted too long: It took 402 milliseconds, but should not have lasted longer than 30 milliseconds.",281,224,745,745,http://localhost:3001/character,402,0,0
1745251872301,403,Create,201,Created,Thread Group 1-110,text,false,"The operation lasted too long: It took 403 milliseconds, but should not have lasted longer than 30 milliseconds.",281,224,745,745,http://localhost:3001/character,403,0,0
1745251872212,485,Create,201,Created,Thread Group 1-76,text,false,"The operation lasted too long: It took 485 milliseconds, but should not have lasted longer than 30 milliseconds.",281,224,745,745,http://localhost:3001/character,485,0,0
1745251872273,433,Create,201,Created,Thread Group 1-45,text,false,"The operation lasted too long: It took 433 milliseconds, but should not have lasted longer than 30 milliseconds.",281,224,745,745,http://localhost:3001/character,433,0,0
1745251872319,390,Create,201,Created,Thread Group 1-140,text,false,"The operation lasted too long: It took 390 milliseconds, but should not have lasted longer than 30 milliseconds.",281,224,745,745,http://localhost:3001/character,390,0,0
1745251872396,313,Create,201,Created,Thread Group 1-128,text,false,"The operation lasted too long: It took 313 milliseconds, but should not have lasted longer than 30 milliseconds.",281,224,745,745,http://localhost:3001/character,313,0,0
1745251872305,405,Create,201,Created,Thread Group 1-40,text,false,"The operation lasted too long: It took 405 milliseconds, but should not have lasted longer than 30 milliseconds.",281,224,745,745,http://localhost:3001/character,405,0,0
1745251872306,405,Create,201,Created,Thread Group 1-75,text,false,"The operation lasted too long: It took 405 milliseconds, but should not have lasted longer than 30 milliseconds.",281,224,745,745,http://localhost:3001/character,405,0,0
1745251872302,409,Create,201,Created,Thread Group 1-65,text,false,"The operation lasted too long: It took 409 milliseconds, but should not have lasted longer than 30 milliseconds.",281,224,745,745,http://localhost:3001/character,409,0,0
1745251872298,413,Create,201,Created,Thread Group 1-86,text,false,"The operation lasted too long: It took 413 milliseconds, but should not have lasted longer than 30 milliseconds.",281,224,745,745,http://localhost:3001/character,413,0,0
1745251872323,388,Create,201,Created,Thread Group 1-4,text,false,"The operation lasted too long: It took 388 milliseconds, but should not have lasted longer than 30 milliseconds.",281,224,745,745,http://localhost:3001/character,388,0,0
1745251872323,388,Create,201,Created,Thread Group 1-70,text,false,"The operation lasted too long: It took 388 milliseconds, but should not have lasted longer than 30 milliseconds.",281,224,745,745,http://localhost:3001/character,388,0,0
1745251872327,385,Create,201,Created,Thread Group 1-23,text,false,"The operation lasted too long: It took 385 milliseconds, but should not have lasted longer than 30 milliseconds.",281,224,745,745,http://localhost:3001/character,385,0,0
1745251872326,386,Create,201,Created,Thread Group 1-20,text,false,"The operation lasted too long: It took 386 milliseconds, but should not have lasted longer than 30 milliseconds.",281,224,745,745,http://localhost:3001/character,386,0,0
1745251872320,392,Create,201,Created,Thread Group 1-112,text,false,"The operation lasted too long: It took 392 milliseconds, but should not have lasted longer than 30 milliseconds.",281,224,745,745,http://localhost:3001/character,392,0,0
1745251872322,391,Create,201,Created,Thread Group 1-103,text,false,"The operation lasted too long: It took 391 milliseconds, but should not have lasted longer than 30 milliseconds.",281,224,745,745,http://localhost:3001/character,391,0,0
1745251872322,391,Create,201,Created,Thread Group 1-139,text,false,"The operation lasted too long: It took 391 milliseconds, but should not have lasted longer than 30 milliseconds.",281,224,745,745,http://localhost:3001/character,391,0,0
1745251872321,393,Create,201,Created,Thread Group 1-5,text,false,"The operation lasted too long: It took 393 milliseconds, but should not have lasted longer than 30 milliseconds.",281,224,745,745,http://localhost:3001/character,392,0,0
1745251872321,393,Create,201,Created,Thread Group 1-48,text,false,"The operation lasted too long: It took 393 milliseconds, but should not have lasted longer than 30 milliseconds.",281,224,745,745,http://localhost:3001/character,393,0,0
1745251872424,291,Create,201,Created,Thread Group 1-151,text,false,"The operation lasted too long: It took 291 milliseconds, but should not have lasted longer than 30 milliseconds.",281,224,745,745,http://localhost:3001/character,291,0,0
1745251872327,388,Create,201,Created,Thread Group 1-39,text,false,"The operation lasted too long: It took 388 milliseconds, but should not have lasted longer than 30 milliseconds.",281,224,745,745,http://localhost:3001/character,388,0,0
1745251872328,387,Create,201,Created,Thread Group 1-14,text,false,"The operation lasted too long: It took 387 milliseconds, but should not have lasted longer than 30 milliseconds.",281,224,745,745,http://localhost:3001/character,387,0,0
1745251872342,374,Create,201,Created,Thread Group 1-119,text,false,"The operation lasted too long: It took 374 milliseconds, but should not have lasted longer than 30 milliseconds.",281,224,745,745,http://localhost:3001/character,374,0,0
1745251872341,375,Create,201,Created,Thread Group 1-142,text,false,"The operation lasted too long: It took 375 milliseconds, but should not have lasted longer than 30 milliseconds.",281,224,745,745,http://localhost:3001/character,375,0,0
1745251872340,376,Create,201,Created,Thread Group 1-9,text,false,"The operation lasted too long: It took 376 milliseconds, but should not have lasted longer than 30 milliseconds.",281,224,745,745,http://localhost:3001/character,376,0,0
1745251872344,373,Create,201,Created,Thread Group 1-121,text,false,"The operation lasted too long: It took 373 milliseconds, but should not have lasted longer than 30 milliseconds.",281,224,745,745,http://localhost:3001/character,373,0,0
1745251872341,377,Create,201,Created,Thread Group 1-35,text,false,"The operation lasted too long: It took 377 milliseconds, but should not have lasted longer than 30 milliseconds.",281,224,745,745,http://localhost:3001/character,377,0,0
1745251872356,367,Create,201,Created,Thread Group 1-122,text,false,"The operation lasted too long: It took 367 milliseconds, but should not have lasted longer than 30 milliseconds.",281,224,745,745,http://localhost:3001/character,367,0,0
1745251872355,368,Create,201,Created,Thread Group 1-143,text,false,"The operation lasted too long: It took 368 milliseconds, but should not have lasted longer than 30 milliseconds.",281,224,745,745,http://localhost:3001/character,368,0,0
1745251872355,369,Create,201,Created,Thread Group 1-120,text,false,"The operation lasted too long: It took 369 milliseconds, but should not have lasted longer than 30 milliseconds.",281,224,745,745,http://localhost:3001/character,369,0,0
1745251872355,369,Create,201,Created,Thread Group 1-141,text,false,"The operation lasted too long: It took 369 milliseconds, but should not have lasted longer than 30 milliseconds.",281,224,745,745,http://localhost:3001/character,369,0,0
1745251872393,332,Create,201,Created,Thread Group 1-126,text,false,"The operation lasted too long: It took 332 milliseconds, but should not have lasted longer than 30 milliseconds.",281,224,745,745,http://localhost:3001/character,332,0,0
1745251872393,334,Create,201,Created,Thread Group 1-147,text,false,"The operation lasted too long: It took 334 milliseconds, but should not have lasted longer than 30 milliseconds.",281,224,745,745,http://localhost:3001/character,334,0,0
1745251872473,254,Create,201,Created,Thread Group 1-161,text,false,"The operation lasted too long: It took 254 milliseconds, but should not have lasted longer than 30 milliseconds.",281,224,745,745,http://localhost:3001/character,254,0,0
1745251872386,342,Create,201,Created,Thread Group 1-125,text,false,"The operation lasted too long: It took 342 milliseconds, but should not have lasted longer than 30 milliseconds.",281,224,745,745,http://localhost:3001/character,342,0,0
1745251872394,335,Create,201,Created,Thread Group 1-149,text,false,"The operation lasted too long: It took 335 milliseconds, but should not have lasted longer than 30 milliseconds.",281,224,745,745,http://localhost:3001/character,335,0,0
1745251872387,343,Create,201,Created,Thread Group 1-148,text,false,"The operation lasted too long: It took 343 milliseconds, but should not have lasted longer than 30 milliseconds.",281,224,745,745,http://localhost:3001/character,343,0,0
1745251872433,297,Create,201,Created,Thread Group 1-133,text,false,"The operation lasted too long: It took 297 milliseconds, but should not have lasted longer than 30 milliseconds.",281,224,745,745,http://localhost:3001/character,297,0,0
1745251872387,346,Create,201,Created,Thread Group 1-145,text,false,"The operation lasted too long: It took 346 milliseconds, but should not have lasted longer than 30 milliseconds.",281,224,745,745,http://localhost:3001/character,346,0,0
1745251872432,302,Create,201,Created,Thread Group 1-152,text,false,"The operation lasted too long: It took 302 milliseconds, but should not have lasted longer than 30 milliseconds.",281,224,745,745,http://localhost:3001/character,302,0,0
1745251872431,305,Create,201,Created,Thread Group 1-131,text,false,"The operation lasted too long: It took 305 milliseconds, but should not have lasted longer than 30 milliseconds.",281,224,745,745,http://localhost:3001/character,305,0,0
1745251872435,303,Create,201,Created,Thread Group 1-154,text,false,"The operation lasted too long: It took 303 milliseconds, but should not have lasted longer than 30 milliseconds.",281,224,745,745,http://localhost:3001/character,303,0,0
1745251872458,280,Create,201,Created,Thread Group 1-135,text,false,"The operation lasted too long: It took 280 milliseconds, but should not have lasted longer than 30 milliseconds.",281,224,745,745,http://localhost:3001/character,280,0,0
1745251872458,280,Create,201,Created,Thread Group 1-156,text,false,"The operation lasted too long: It took 280 milliseconds, but should not have lasted longer than 30 milliseconds.",281,224,745,745,http://localhost:3001/character,280,0,0
1745251872464,275,Create,201,Created,Thread Group 1-155,text,false,"The operation lasted too long: It took 275 milliseconds, but should not have lasted longer than 30 milliseconds.",281,224,745,745,http://localhost:3001/character,274,0,0
1745251872460,279,Create,201,Created,Thread Group 1-132,text,false,"The operation lasted too long: It took 279 milliseconds, but should not have lasted longer than 30 milliseconds.",281,224,745,745,http://localhost:3001/character,279,0,0
1745251872468,271,Create,201,Created,Thread Group 1-158,text,false,"The operation lasted too long: It took 271 milliseconds, but should not have lasted longer than 30 milliseconds.",281,224,745,745,http://localhost:3001/character,271,0,0
1745251872465,275,Create,201,Created,Thread Group 1-134,text,false,"The operation lasted too long: It took 275 milliseconds, but should not have lasted longer than 30 milliseconds.",281,224,745,745,http://localhost:3001/character,275,0,0
1745251872388,352,Create,201,Created,Thread Group 1-144,text,false,"The operation lasted too long: It took 352 milliseconds, but should not have lasted longer than 30 milliseconds.",281,224,745,745,http://localhost:3001/character,352,0,0
1745251872383,358,Create,201,Created,Thread Group 1-123,text,false,"The operation lasted too long: It took 358 milliseconds, but should not have lasted longer than 30 milliseconds.",281,224,745,745,http://localhost:3001/character,358,0,0
1745251872387,354,Create,201,Created,Thread Group 1-127,text,false,"The operation lasted too long: It took 354 milliseconds, but should not have lasted longer than 30 milliseconds.",281,224,745,745,http://localhost:3001/character,354,0,0
1745251872397,345,Create,201,Created,Thread Group 1-129,text,false,"The operation lasted too long: It took 345 milliseconds, but should not have lasted longer than 30 milliseconds.",281,224,745,745,http://localhost:3001/character,345,0,0
1745251872386,356,Create,201,Created,Thread Group 1-124,text,false,"The operation lasted too long: It took 356 milliseconds, but should not have lasted longer than 30 milliseconds.",281,224,745,745,http://localhost:3001/character,356,0,0
1745251872386,356,Create,201,Created,Thread Group 1-146,text,false,"The operation lasted too long: It took 356 milliseconds, but should not have lasted longer than 30 milliseconds.",281,224,745,745,http://localhost:3001/character,356,0,0
1745251872396,347,Create,201,Created,Thread Group 1-150,text,false,"The operation lasted too long: It took 347 milliseconds, but should not have lasted longer than 30 milliseconds.",281,224,745,745,http://localhost:3001/character,347,0,0
1745251872425,318,Create,201,Created,Thread Group 1-153,text,false,"The operation lasted too long: It took 318 milliseconds, but should not have lasted longer than 30 milliseconds.",281,224,745,745,http://localhost:3001/character,318,0,0
1745251872467,278,Create,201,Created,Thread Group 1-136,text,false,"The operation lasted too long: It took 278 milliseconds, but should not have lasted longer than 30 milliseconds.",281,224,745,745,http://localhost:3001/character,278,0,0
1745251872425,319,Create,201,Created,Thread Group 1-130,text,false,"The operation lasted too long: It took 319 milliseconds, but should not have lasted longer than 30 milliseconds.",281,224,745,745,http://localhost:3001/character,319,0,0
1745251872466,279,Create,201,Created,Thread Group 1-157,text,false,"The operation lasted too long: It took 279 milliseconds, but should not have lasted longer than 30 milliseconds.",281,224,745,745,http://localhost:3001/character,279,0,0
1745251872489,257,get by ID,200,OK,Thread Group 1-47,text,false,"The operation lasted too long: It took 257 milliseconds, but should not have lasted longer than 30 milliseconds.",276,161,745,745,http://localhost:3001/character/435,257,0,0
1745251872474,272,Create,201,Created,Thread Group 1-160,text,false,"The operation lasted too long: It took 272 milliseconds, but should not have lasted longer than 30 milliseconds.",281,224,745,745,http://localhost:3001/character,271,0,0
1745251872471,276,Create,201,Created,Thread Group 1-137,text,false,"The operation lasted too long: It took 276 milliseconds, but should not have lasted longer than 30 milliseconds.",281,224,745,745,http://localhost:3001/character,276,0,0
1745251872573,174,Create,201,Created,Thread Group 1-174,text,false,"The operation lasted too long: It took 174 milliseconds, but should not have lasted longer than 30 milliseconds.",281,224,745,745,http://localhost:3001/character,174,0,0
1745251872471,277,Create,201,Created,Thread Group 1-159,text,false,"The operation lasted too long: It took 277 milliseconds, but should not have lasted longer than 30 milliseconds.",281,224,745,745,http://localhost:3001/character,277,0,0
1745251872484,264,Create,201,Created,Thread Group 1-163,text,false,"The operation lasted too long: It took 264 milliseconds, but should not have lasted longer than 30 milliseconds.",281,224,745,745,http://localhost:3001/character,264,0,0
1745251872485,264,Create,201,Created,Thread Group 1-164,text,false,"The operation lasted too long: It took 264 milliseconds, but should not have lasted longer than 30 milliseconds.",281,224,745,745,http://localhost:3001/character,264,0,0
1745251872472,275,Create,201,Created,Thread Group 1-138,text,false,"The operation lasted too long: It took 275 milliseconds, but should not have lasted longer than 30 milliseconds.",281,224,745,745,http://localhost:3001/character,275,0,0
1745251872484,266,Create,201,Created,Thread Group 1-162,text,false,"The operation lasted too long: It took 266 milliseconds, but should not have lasted longer than 30 milliseconds.",281,224,745,745,http://localhost:3001/character,266,0,0
1745251872485,265,Create,201,Created,Thread Group 1-168,text,false,"The operation lasted too long: It took 265 milliseconds, but should not have lasted longer than 30 milliseconds.",281,224,745,745,http://localhost:3001/character,265,0,0
1745251872593,162,Create,201,Created,Thread Group 1-210,text,false,"The operation lasted too long: It took 162 milliseconds, but should not have lasted longer than 30 milliseconds.",281,224,745,745,http://localhost:3001/character,162,0,0
1745251871572,1184,Get characters,200,OK,Thread Group 1-211,text,false,"The operation lasted too long: It took 1,184 milliseconds, but should not have lasted longer than 30 milliseconds.",14035,158,745,745,http://localhost:3001/characters,1038,0,0
1745251872523,234,Create,201,Created,Thread Group 1-166,text,false,"The operation lasted too long: It took 234 milliseconds, but should not have lasted longer than 30 milliseconds.",281,224,745,745,http://localhost:3001/character,234,0,0
1745251872521,237,Create,201,Created,Thread Group 1-169,text,false,"The operation lasted too long: It took 237 milliseconds, but should not have lasted longer than 30 milliseconds.",281,224,745,745,http://localhost:3001/character,237,0,0
1745251872522,237,Create,201,Created,Thread Group 1-170,text,false,"The operation lasted too long: It took 237 milliseconds, but should not have lasted longer than 30 milliseconds.",281,224,745,745,http://localhost:3001/character,237,0,0
1745251872524,235,Create,201,Created,Thread Group 1-167,text,false,"The operation lasted too long: It took 235 milliseconds, but should not have lasted longer than 30 milliseconds.",281,224,745,745,http://localhost:3001/character,235,0,0
1745251872550,210,Create,201,Created,Thread Group 1-172,text,false,"The operation lasted too long: It took 210 milliseconds, but should not have lasted longer than 30 milliseconds.",281,224,745,745,http://localhost:3001/character,210,0,0
1745251872551,209,Create,201,Created,Thread Group 1-184,text,false,"The operation lasted too long: It took 209 milliseconds, but should not have lasted longer than 30 milliseconds.",281,224,745,745,http://localhost:3001/character,209,0,0
1745251872550,210,Create,201,Created,Thread Group 1-171,text,false,"The operation lasted too long: It took 210 milliseconds, but should not have lasted longer than 30 milliseconds.",281,224,745,745,http://localhost:3001/character,210,0,0
1745251872563,198,Create,201,Created,Thread Group 1-185,text,false,"The operation lasted too long: It took 198 milliseconds, but should not have lasted longer than 30 milliseconds.",281,224,745,745,http://localhost:3001/character,198,0,0
1745251872570,191,Create,201,Created,Thread Group 1-165,text,false,"The operation lasted too long: It took 191 milliseconds, but should not have lasted longer than 30 milliseconds.",281,224,745,745,http://localhost:3001/character,191,0,0
1745251872562,199,Create,201,Created,Thread Group 1-182,text,false,"The operation lasted too long: It took 199 milliseconds, but should not have lasted longer than 30 milliseconds.",281,224,745,745,http://localhost:3001/character,199,0,0
1745251872575,188,Create,201,Created,Thread Group 1-189,text,false,"The operation lasted too long: It took 188 milliseconds, but should not have lasted longer than 30 milliseconds.",281,224,745,745,http://localhost:3001/character,188,0,0
1745251872575,188,Create,201,Created,Thread Group 1-187,text,false,"The operation lasted too long: It took 188 milliseconds, but should not have lasted longer than 30 milliseconds.",281,224,745,745,http://localhost:3001/character,188,0,0
1745251872571,193,Create,201,Created,Thread Group 1-186,text,false,"The operation lasted too long: It took 193 milliseconds, but should not have lasted longer than 30 milliseconds.",281,224,745,745,http://localhost:3001/character,193,0,0
1745251872576,190,Create,201,Created,Thread Group 1-173,text,false,"The operation lasted too long: It took 190 milliseconds, but should not have lasted longer than 30 milliseconds.",281,224,745,745,http://localhost:3001/character,190,0,0
1745251872576,191,Create,201,Created,Thread Group 1-196,text,false,"The operation lasted too long: It took 191 milliseconds, but should not have lasted longer than 30 milliseconds.",281,224,745,745,http://localhost:3001/character,191,0,0
1745251872578,189,Create,201,Created,Thread Group 1-175,text,false,"The operation lasted too long: It took 189 milliseconds, but should not have lasted longer than 30 milliseconds.",281,224,745,745,http://localhost:3001/character,189,0,0
1745251872579,189,Create,201,Created,Thread Group 1-202,text,false,"The operation lasted too long: It took 189 milliseconds, but should not have lasted longer than 30 milliseconds.",281,224,745,745,http://localhost:3001/character,189,0,0
1745251872585,183,Create,201,Created,Thread Group 1-179,text,false,"The operation lasted too long: It took 183 milliseconds, but should not have lasted longer than 30 milliseconds.",281,224,745,745,http://localhost:3001/character,183,0,0
1745251872582,187,Create,201,Created,Thread Group 1-177,text,false,"The operation lasted too long: It took 187 milliseconds, but should not have lasted longer than 30 milliseconds.",281,224,745,745,http://localhost:3001/character,187,0,0
1745251872583,187,Create,201,Created,Thread Group 1-176,text,false,"The operation lasted too long: It took 187 milliseconds, but should not have lasted longer than 30 milliseconds.",281,224,745,745,http://localhost:3001/character,187,0,0
1745251872587,184,Create,201,Created,Thread Group 1-221,text,false,"The operation lasted too long: It took 184 milliseconds, but should not have lasted longer than 30 milliseconds.",281,224,745,745,http://localhost:3001/character,184,0,0
1745251872582,188,Create,201,Created,Thread Group 1-217,text,false,"The operation lasted too long: It took 188 milliseconds, but should not have lasted longer than 30 milliseconds.",281,224,745,745,http://localhost:3001/character,188,0,0
1745251872593,178,Create,201,Created,Thread Group 1-222,text,false,"The operation lasted too long: It took 178 milliseconds, but should not have lasted longer than 30 milliseconds.",281,224,745,745,http://localhost:3001/character,178,0,0
1745251871575,1209,Get characters,200,OK,Thread Group 1-200,text,false,"The operation lasted too long: It took 1,209 milliseconds, but should not have lasted longer than 30 milliseconds.",17311,158,747,747,http://localhost:3001/characters,1104,0,0
1745251872104,681,Create,201,Created,Thread Group 1-55,text,false,"The operation lasted too long: It took 681 milliseconds, but should not have lasted longer than 30 milliseconds.",281,224,747,747,http://localhost:3001/character,681,0,0
1745251871697,1088,Get characters,200,OK,Thread Group 1-276,text,false,"The operation lasted too long: It took 1,088 milliseconds, but should not have lasted longer than 30 milliseconds.",17437,158,747,747,http://localhost:3001/characters,993,0,0
1745251871575,1211,Get characters,200,OK,Thread Group 1-194,text,false,"The operation lasted too long: It took 1,211 milliseconds, but should not have lasted longer than 30 milliseconds.",17437,158,747,747,http://localhost:3001/characters,1115,0,1
1745251871575,1211,Get characters,200,OK,Thread Group 1-198,text,false,"The operation lasted too long: It took 1,211 milliseconds, but should not have lasted longer than 30 milliseconds.",17437,158,747,747,http://localhost:3001/characters,1115,0,1
1745251871668,1118,Get characters,200,OK,Thread Group 1-265,text,false,"The operation lasted too long: It took 1,118 milliseconds, but should not have lasted longer than 30 milliseconds.",17437,158,747,747,http://localhost:3001/characters,1022,0,4
1745251871673,1113,Get characters,200,OK,Thread Group 1-266,text,false,"The operation lasted too long: It took 1,113 milliseconds, but should not have lasted longer than 30 milliseconds.",17437,158,747,747,http://localhost:3001/characters,1018,0,1
1745251872606,181,Create,201,Created,Thread Group 1-220,text,false,"The operation lasted too long: It took 181 milliseconds, but should not have lasted longer than 30 milliseconds.",281,224,747,747,http://localhost:3001/character,181,0,0
1745251872604,183,Create,201,Created,Thread Group 1-181,text,false,"The operation lasted too long: It took 183 milliseconds, but should not have lasted longer than 30 milliseconds.",281,224,747,747,http://localhost:3001/character,183,0,0
1745251871680,1107,Get characters,200,OK,Thread Group 1-268,text,false,"The operation lasted too long: It took 1,107 milliseconds, but should not have lasted longer than 30 milliseconds.",17437,158,747,747,http://localhost:3001/characters,1011,0,1
1745251871688,1100,Get characters,200,OK,Thread Group 1-270,text,false,"The operation lasted too long: It took 1,100 milliseconds, but should not have lasted longer than 30 milliseconds.",17437,158,747,747,http://localhost:3001/characters,1004,0,2
1745251871694,1095,Get characters,200,OK,Thread Group 1-271,text,false,"The operation lasted too long: It took 1,095 milliseconds, but should not have lasted longer than 30 milliseconds.",17437,158,747,747,http://localhost:3001/characters,1000,0,2
1745251872606,183,Create,201,Created,Thread Group 1-224,text,false,"The operation lasted too long: It took 183 milliseconds, but should not have lasted longer than 30 milliseconds.",281,224,747,747,http://localhost:3001/character,183,0,0
1745251872605,185,Create,201,Created,Thread Group 1-180,text,false,"The operation lasted too long: It took 185 milliseconds, but should not have lasted longer than 30 milliseconds.",281,224,747,747,http://localhost:3001/character,185,0,0
1745251872605,185,Create,201,Created,Thread Group 1-215,text,false,"The operation lasted too long: It took 185 milliseconds, but should not have lasted longer than 30 milliseconds.",281,224,747,747,http://localhost:3001/character,185,0,0
1745251871693,1097,Get characters,200,OK,Thread Group 1-272,text,false,"The operation lasted too long: It took 1,097 milliseconds, but should not have lasted longer than 30 milliseconds.",17605,158,747,747,http://localhost:3001/characters,1005,0,21
1745251871697,1093,Get characters,200,OK,Thread Group 1-274,text,false,"The operation lasted too long: It took 1,093 milliseconds, but should not have lasted longer than 30 milliseconds.",17437,158,747,747,http://localhost:3001/characters,997,0,0
1745251872612,179,get by ID,200,OK,Thread Group 1-104,text,false,"The operation lasted too long: It took 179 milliseconds, but should not have lasted longer than 30 milliseconds.",276,161,747,747,http://localhost:3001/character/332,179,0,0
1745251872627,164,get by ID,200,OK,Thread Group 1-54,text,false,"The operation lasted too long: It took 164 milliseconds, but should not have lasted longer than 30 milliseconds.",276,161,747,747,http://localhost:3001/character/370,164,0,0
1745251872604,188,Create,201,Created,Thread Group 1-219,text,false,"The operation lasted too long: It took 188 milliseconds, but should not have lasted longer than 30 milliseconds.",281,224,747,747,http://localhost:3001/character,188,0,0
1745251872603,189,Create,201,Created,Thread Group 1-216,text,false,"The operation lasted too long: It took 189 milliseconds, but should not have lasted longer than 30 milliseconds.",281,224,747,747,http://localhost:3001/character,189,0,0
1745251872603,190,Create,201,Created,Thread Group 1-214,text,false,"The operation lasted too long: It took 190 milliseconds, but should not have lasted longer than 30 milliseconds.",281,224,747,747,http://localhost:3001/character,190,0,0
1745251872602,191,Create,201,Created,Thread Group 1-212,text,false,"The operation lasted too long: It took 191 milliseconds, but should not have lasted longer than 30 milliseconds.",281,224,747,747,http://localhost:3001/character,191,0,0
1745251872617,177,get by ID,200,OK,Thread Group 1-16,text,false,"The operation lasted too long: It took 177 milliseconds, but should not have lasted longer than 30 milliseconds.",276,161,747,747,http://localhost:3001/character/343,177,0,0
1745251872608,186,Create,201,Created,Thread Group 1-183,text,false,"The operation lasted too long: It took 186 milliseconds, but should not have lasted longer than 30 milliseconds.",281,224,747,747,http://localhost:3001/character,186,0,0
1745251872625,174,get by ID,200,OK,Thread Group 1-96,text,false,"The operation lasted too long: It took 174 milliseconds, but should not have lasted longer than 30 milliseconds.",276,161,747,747,http://localhost:3001/character/365,174,0,0
1745251872618,183,get by ID,200,OK,Thread Group 1-82,text,false,"The operation lasted too long: It took 183 milliseconds, but should not have lasted longer than 30 milliseconds.",276,161,747,747,http://localhost:3001/character/364,183,0,0
1745251872606,195,Create,201,Created,Thread Group 1-218,text,false,"The operation lasted too long: It took 195 milliseconds, but should not have lasted longer than 30 milliseconds.",281,224,747,747,http://localhost:3001/character,195,0,0
1745251872611,192,get by ID,200,OK,Thread Group 1-15,text,false,"The operation lasted too long: It took 192 milliseconds, but should not have lasted longer than 30 milliseconds.",276,161,747,747,http://localhost:3001/character/333,192,0,0
1745251872617,186,get by ID,200,OK,Thread Group 1-2,text,false,"The operation lasted too long: It took 186 milliseconds, but should not have lasted longer than 30 milliseconds.",276,161,747,747,http://localhost:3001/character/335,186,0,0
1745251872615,188,get by ID,200,OK,Thread Group 1-117,text,false,"The operation lasted too long: It took 188 milliseconds, but should not have lasted longer than 30 milliseconds.",276,161,747,747,http://localhost:3001/character/341,188,0,0
1745251872614,190,get by ID,200,OK,Thread Group 1-108,text,false,"The operation lasted too long: It took 190 milliseconds, but should not have lasted longer than 30 milliseconds.",276,161,747,747,http://localhost:3001/character/361,190,0,0
1745251872628,176,get by ID,200,OK,Thread Group 1-101,text,false,"The operation lasted too long: It took 176 milliseconds, but should not have lasted longer than 30 milliseconds.",276,161,747,747,http://localhost:3001/character/373,176,0,0
1745251872606,199,Create,201,Created,Thread Group 1-178,text,false,"The operation lasted too long: It took 199 milliseconds, but should not have lasted longer than 30 milliseconds.",281,224,747,747,http://localhost:3001/character,199,0,0
1745251872615,191,get by ID,200,OK,Thread Group 1-24,text,false,"The operation lasted too long: It took 191 milliseconds, but should not have lasted longer than 30 milliseconds.",276,161,747,747,http://localhost:3001/character/340,191,0,0
1745251872626,195,get by ID,200,OK,Thread Group 1-80,text,false,"The operation lasted too long: It took 195 milliseconds, but should not have lasted longer than 30 milliseconds.",276,161,747,747,http://localhost:3001/character/367,195,0,0
1745251872625,197,get by ID,200,OK,Thread Group 1-59,text,false,"The operation lasted too long: It took 197 milliseconds, but should not have lasted longer than 30 milliseconds.",276,161,747,747,http://localhost:3001/character/366,197,0,0
1745251872611,212,get by ID,200,OK,Thread Group 1-89,text,false,"The operation lasted too long: It took 212 milliseconds, but should not have lasted longer than 30 milliseconds.",276,161,747,747,http://localhost:3001/character/331,212,0,0
1745251872615,209,get by ID,200,OK,Thread Group 1-114,text,false,"The operation lasted too long: It took 209 milliseconds, but should not have lasted longer than 30 milliseconds.",276,161,747,747,http://localhost:3001/character/342,209,0,0
1745251872617,208,get by ID,200,OK,Thread Group 1-32,text,false,"The operation lasted too long: It took 208 milliseconds, but should not have lasted longer than 30 milliseconds.",276,161,747,747,http://localhost:3001/character/334,208,0,0
1745251872618,207,get by ID,200,OK,Thread Group 1-17,text,false,"The operation lasted too long: It took 207 milliseconds, but should not have lasted longer than 30 milliseconds.",276,161,747,747,http://localhost:3001/character/344,207,0,0
1745251872617,209,get by ID,200,OK,Thread Group 1-87,text,false,"The operation lasted too long: It took 209 milliseconds, but should not have lasted longer than 30 milliseconds.",276,161,747,747,http://localhost:3001/character/362,209,0,0
1745251872615,211,get by ID,200,OK,Thread Group 1-97,text,false,"The operation lasted too long: It took 211 milliseconds, but should not have lasted longer than 30 milliseconds.",276,161,747,747,http://localhost:3001/character/354,211,0,0
1745251872622,209,get by ID,200,OK,Thread Group 1-7,text,false,"The operation lasted too long: It took 209 milliseconds, but should not have lasted longer than 30 milliseconds.",276,161,747,747,http://localhost:3001/character/363,209,0,0
1745251872628,204,get by ID,200,OK,Thread Group 1-43,text,false,"The operation lasted too long: It took 204 milliseconds, but should not have lasted longer than 30 milliseconds.",276,161,747,747,http://localhost:3001/character/372,204,0,0
1745251872629,204,get by ID,200,OK,Thread Group 1-79,text,false,"The operation lasted too long: It took 204 milliseconds, but should not have lasted longer than 30 milliseconds.",276,161,747,747,http://localhost:3001/character/371,204,0,0
1745251872621,212,get by ID,200,OK,Thread Group 1-11,text,false,"The operation lasted too long: It took 212 milliseconds, but should not have lasted longer than 30 milliseconds.",276,161,747,747,http://localhost:3001/character/337,212,0,0
1745251872621,213,get by ID,200,OK,Thread Group 1-118,text,false,"The operation lasted too long: It took 213 milliseconds, but should not have lasted longer than 30 milliseconds.",276,161,747,747,http://localhost:3001/character/339,213,0,0
1745251872622,212,get by ID,200,OK,Thread Group 1-41,text,false,"The operation lasted too long: It took 212 milliseconds, but should not have lasted longer than 30 milliseconds.",276,161,747,747,http://localhost:3001/character/360,212,0,0
1745251872623,212,get by ID,200,OK,Thread Group 1-81,text,false,"The operation lasted too long: It took 212 milliseconds, but should not have lasted longer than 30 milliseconds.",276,161,747,747,http://localhost:3001/character/390,212,0,0
1745251872622,213,get by ID,200,OK,Thread Group 1-21,text,false,"The operation lasted too long: It took 213 milliseconds, but should not have lasted longer than 30 milliseconds.",276,161,747,747,http://localhost:3001/character/375,213,0,0
1745251872623,212,get by ID,200,OK,Thread Group 1-69,text,false,"The operation lasted too long: It took 212 milliseconds, but should not have lasted longer than 30 milliseconds.",276,161,747,747,http://localhost:3001/character/346,212,0,0
1745251872620,215,get by ID,200,OK,Thread Group 1-50,text,false,"The operation lasted too long: It took 215 milliseconds, but should not have lasted longer than 30 milliseconds.",276,161,747,747,http://localhost:3001/character/336,215,0,0
1745251872620,216,get by ID,200,OK,Thread Group 1-1,text,false,"The operation lasted too long: It took 216 milliseconds, but should not have lasted longer than 30 milliseconds.",276,161,747,747,http://localhost:3001/character/352,216,0,0
1745251872624,213,get by ID,200,OK,Thread Group 1-95,text,false,"The operation lasted too long: It took 213 milliseconds, but should not have lasted longer than 30 milliseconds.",276,161,747,747,http://localhost:3001/character/353,213,0,0
1745251872628,210,get by ID,200,OK,Thread Group 1-49,text,false,"The operation lasted too long: It took 210 milliseconds, but should not have lasted longer than 30 milliseconds.",276,161,747,747,http://localhost:3001/character/374,210,0,0
1745251872629,210,get by ID,200,OK,Thread Group 1-71,text,false,"The operation lasted too long: It took 210 milliseconds, but should not have lasted longer than 30 milliseconds.",276,161,747,747,http://localhost:3001/character/376,210,0,0
1745251872623,217,get by ID,200,OK,Thread Group 1-57,text,false,"The operation lasted too long: It took 217 milliseconds, but should not have lasted longer than 30 milliseconds.",276,161,747,747,http://localhost:3001/character/359,217,0,0
1745251872624,217,get by ID,200,OK,Thread Group 1-105,text,false,"The operation lasted too long: It took 217 milliseconds, but should not have lasted longer than 30 milliseconds.",276,161,747,747,http://localhost:3001/character/345,217,0,0
1745251872629,213,get by ID,200,OK,Thread Group 1-58,text,false,"The operation lasted too long: It took 213 milliseconds, but should not have lasted longer than 30 milliseconds.",276,161,747,747,http://localhost:3001/character/377,213,0,0
1745251872621,221,get by ID,200,OK,Thread Group 1-33,text,false,"The operation lasted too long: It took 221 milliseconds, but should not have lasted longer than 30 milliseconds.",276,161,747,747,http://localhost:3001/character/338,221,0,0
1745251872634,209,get by ID,200,OK,Thread Group 1-51,text,false,"The operation lasted too long: It took 209 milliseconds, but should not have lasted longer than 30 milliseconds.",276,161,747,747,http://localhost:3001/character/388,209,0,0
1745251872637,207,get by ID,200,OK,Thread Group 1-74,text,false,"The operation lasted too long: It took 207 milliseconds, but should not have lasted longer than 30 milliseconds.",276,161,747,747,http://localhost:3001/character/383,207,0,0
1745251871697,1148,Get characters,200,OK,Thread Group 1-275,text,false,"The operation lasted too long: It took 1,148 milliseconds, but should not have lasted longer than 30 milliseconds.",22519,158,747,747,http://localhost:3001/characters,1148,0,17
1745251872630,215,get by ID,200,OK,Thread Group 1-30,text,false,"The operation lasted too long: It took 215 milliseconds, but should not have lasted longer than 30 milliseconds.",276,161,747,747,http://localhost:3001/character/382,215,0,0
1745251872646,201,get by ID,200,OK,Thread Group 1-12,text,false,"The operation lasted too long: It took 201 milliseconds, but should not have lasted longer than 30 milliseconds.",276,161,747,747,http://localhost:3001/character/350,201,0,0
1745251872627,222,get by ID,200,OK,Thread Group 1-99,text,false,"The operation lasted too long: It took 222 milliseconds, but should not have lasted longer than 30 milliseconds.",276,161,747,747,http://localhost:3001/character/369,222,0,0
1745251872632,218,get by ID,200,OK,Thread Group 1-53,text,false,"The operation lasted too long: It took 218 milliseconds, but should not have lasted longer than 30 milliseconds.",276,161,747,747,http://localhost:3001/character/393,218,0,0
1745251872641,210,get by ID,200,OK,Thread Group 1-107,text,false,"The operation lasted too long: It took 210 milliseconds, but should not have lasted longer than 30 milliseconds.",276,161,747,747,http://localhost:3001/character/381,210,0,0
1745251872633,220,get by ID,200,OK,Thread Group 1-29,text,false,"The operation lasted too long: It took 220 milliseconds, but should not have lasted longer than 30 milliseconds.",276,161,747,747,http://localhost:3001/character/391,219,0,0
1745251872633,221,get by ID,200,OK,Thread Group 1-46,text,false,"The operation lasted too long: It took 221 milliseconds, but should not have lasted longer than 30 milliseconds.",276,161,747,747,http://localhost:3001/character/389,221,0,0
1745251872643,212,get by ID,200,OK,Thread Group 1-113,text,false,"The operation lasted too long: It took 212 milliseconds, but should not have lasted longer than 30 milliseconds.",276,161,747,747,http://localhost:3001/character/380,212,0,0
1745251872626,229,get by ID,200,OK,Thread Group 1-19,text,false,"The operation lasted too long: It took 229 milliseconds, but should not have lasted longer than 30 milliseconds.",276,161,747,747,http://localhost:3001/character/368,229,0,0
1745251872645,211,get by ID,200,OK,Thread Group 1-98,text,false,"The operation lasted too long: It took 211 milliseconds, but should not have lasted longer than 30 milliseconds.",276,161,747,747,http://localhost:3001/character/351,211,0,0
1745251872632,224,Create,201,Created,Thread Group 1-209,text,false,"The operation lasted too long: It took 224 milliseconds, but should not have lasted longer than 30 milliseconds.",281,224,747,747,http://localhost:3001/character,224,0,0
1745251872651,206,get by ID,200,OK,Thread Group 1-31,text,false,"The operation lasted too long: It took 206 milliseconds, but should not have lasted longer than 30 milliseconds.",276,161,747,747,http://localhost:3001/character/355,206,0,0
1745251872644,213,get by ID,200,OK,Thread Group 1-102,text,false,"The operation lasted too long: It took 213 milliseconds, but should not have lasted longer than 30 milliseconds.",276,161,747,747,http://localhost:3001/character/349,213,0,0
1745251872644,213,get by ID,200,OK,Thread Group 1-18,text,false,"The operation lasted too long: It took 213 milliseconds, but should not have lasted longer than 30 milliseconds.",276,161,747,747,http://localhost:3001/character/387,213,0,0
1745251872649,209,get by ID,200,OK,Thread Group 1-10,text,false,"The operation lasted too long: It took 209 milliseconds, but should not have lasted longer than 30 milliseconds.",276,161,747,747,http://localhost:3001/character/356,209,0,0
1745251872631,227,get by ID,200,OK,Thread Group 1-13,text,false,"The operation lasted too long: It took 227 milliseconds, but should not have lasted longer than 30 milliseconds.",276,161,747,747,http://localhost:3001/character/378,227,0,0
1745251872653,206,get by ID,200,OK,Thread Group 1-73,text,false,"The operation lasted too long: It took 206 milliseconds, but should not have lasted longer than 30 milliseconds.",276,161,747,747,http://localhost:3001/character/347,206,0,0
1745251872650,209,get by ID,200,OK,Thread Group 1-68,text,false,"The operation lasted too long: It took 209 milliseconds, but should not have lasted longer than 30 milliseconds.",276,161,747,747,http://localhost:3001/character/348,209,0,0
1745251872647,213,get by ID,200,OK,Thread Group 1-42,text,false,"The operation lasted too long: It took 213 milliseconds, but should not have lasted longer than 30 milliseconds.",276,161,747,747,http://localhost:3001/character/358,213,0,0
1745251872663,199,Create,201,Created,Thread Group 1-206,text,false,"The operation lasted too long: It took 199 milliseconds, but should not have lasted longer than 30 milliseconds.",281,224,747,747,http://localhost:3001/character,199,0,0
1745251872648,216,get by ID,200,OK,Thread Group 1-85,text,false,"The operation lasted too long: It took 216 milliseconds, but should not have lasted longer than 30 milliseconds.",276,161,747,747,http://localhost:3001/character/357,216,0,0
1745251872660,205,get by ID,200,OK,Thread Group 1-88,text,false,"The operation lasted too long: It took 205 milliseconds, but should not have lasted longer than 30 milliseconds.",276,161,747,747,http://localhost:3001/character/385,205,0,0
1745251872663,202,Create,201,Created,Thread Group 1-207,text,false,"The operation lasted too long: It took 202 milliseconds, but should not have lasted longer than 30 milliseconds.",281,224,747,747,http://localhost:3001/character,202,0,0
1745251872661,205,get by ID,200,OK,Thread Group 1-84,text,false,"The operation lasted too long: It took 205 milliseconds, but should not have lasted longer than 30 milliseconds.",276,161,747,747,http://localhost:3001/character/384,205,0,0
1745251872661,206,get by ID,200,OK,Thread Group 1-34,text,false,"The operation lasted too long: It took 206 milliseconds, but should not have lasted longer than 30 milliseconds.",276,161,747,747,http://localhost:3001/character/379,206,0,0
1745251872662,205,Create,201,Created,Thread Group 1-205,text,false,"The operation lasted too long: It took 205 milliseconds, but should not have lasted longer than 30 milliseconds.",281,224,747,747,http://localhost:3001/character,205,0,0
1745251872662,206,get by ID,200,OK,Thread Group 1-67,text,false,"The operation lasted too long: It took 206 milliseconds, but should not have lasted longer than 30 milliseconds.",276,161,747,747,http://localhost:3001/character/392,206,0,0
1745251872660,208,get by ID,200,OK,Thread Group 1-26,text,false,"The operation lasted too long: It took 208 milliseconds, but should not have lasted longer than 30 milliseconds.",276,161,747,747,http://localhost:3001/character/386,208,0,0
1745251871700,1169,Get characters,200,OK,Thread Group 1-279,text,false,"The operation lasted too long: It took 1,169 milliseconds, but should not have lasted longer than 30 milliseconds.",22687,158,747,747,http://localhost:3001/characters,1169,0,25
1745251871698,1172,Get characters,200,OK,Thread Group 1-278,text,false,"The operation lasted too long: It took 1,172 milliseconds, but should not have lasted longer than 30 milliseconds.",22687,158,747,747,http://localhost:3001/characters,1172,0,27
1745251872666,207,get by ID,200,OK,Thread Group 1-83,text,false,"The operation lasted too long: It took 207 milliseconds, but should not have lasted longer than 30 milliseconds.",276,161,747,747,http://localhost:3001/character/398,207,0,0
1745251872666,207,get by ID,200,OK,Thread Group 1-56,text,false,"The operation lasted too long: It took 207 milliseconds, but should not have lasted longer than 30 milliseconds.",276,161,747,747,http://localhost:3001/character/397,207,0,0
1745251872678,196,get by ID,200,OK,Thread Group 1-66,text,false,"The operation lasted too long: It took 196 milliseconds, but should not have lasted longer than 30 milliseconds.",276,161,747,747,http://localhost:3001/character/407,196,0,0
1745251871699,1175,Get characters,200,OK,Thread Group 1-277,text,false,"The operation lasted too long: It took 1,175 milliseconds, but should not have lasted longer than 30 milliseconds.",22687,158,747,747,http://localhost:3001/characters,1175,0,26
1745251872666,208,get by ID,200,OK,Thread Group 1-28,text,false,"The operation lasted too long: It took 208 milliseconds, but should not have lasted longer than 30 milliseconds.",276,161,747,747,http://localhost:3001/character/396,208,0,0
1745251871700,1181,Get characters,200,OK,Thread Group 1-280,text,false,"The operation lasted too long: It took 1,181 milliseconds, but should not have lasted longer than 30 milliseconds.",22687,158,747,747,http://localhost:3001/characters,1181,0,26
1745251872665,216,get by ID,200,OK,Thread Group 1-8,text,false,"The operation lasted too long: It took 216 milliseconds, but should not have lasted longer than 30 milliseconds.",276,161,747,747,http://localhost:3001/character/394,216,0,0
1745251872677,205,get by ID,200,OK,Thread Group 1-62,text,false,"The operation lasted too long: It took 205 milliseconds, but should not have lasted longer than 30 milliseconds.",276,161,747,747,http://localhost:3001/character/406,205,0,0
1745251872665,217,Create,201,Created,Thread Group 1-199,text,false,"The operation lasted too long: It took 217 milliseconds, but should not have lasted longer than 30 milliseconds.",281,224,747,747,http://localhost:3001/character,217,0,0
1745251872676,207,get by ID,200,OK,Thread Group 1-90,text,false,"The operation lasted too long: It took 207 milliseconds, but should not have lasted longer than 30 milliseconds.",276,161,747,747,http://localhost:3001/character/404,207,0,0
1745251872676,208,get by ID,200,OK,Thread Group 1-91,text,false,"The operation lasted too long: It took 208 milliseconds, but should not have lasted longer than 30 milliseconds.",276,161,747,747,http://localhost:3001/character/405,208,0,0
1745251872664,220,Create,201,Created,Thread Group 1-201,text,false,"The operation lasted too long: It took 220 milliseconds, but should not have lasted longer than 30 milliseconds.",281,224,747,747,http://localhost:3001/character,220,0,0
1745251872675,211,get by ID,200,OK,Thread Group 1-37,text,false,"The operation lasted too long: It took 211 milliseconds, but should not have lasted longer than 30 milliseconds.",276,161,747,747,http://localhost:3001/character/399,211,0,0
1745251872674,212,get by ID,200,OK,Thread Group 1-115,text,false,"The operation lasted too long: It took 212 milliseconds, but should not have lasted longer than 30 milliseconds.",276,161,747,747,http://localhost:3001/character/401,212,0,0
1745251872664,235,Create,201,Created,Thread Group 1-208,text,false,"The operation lasted too long: It took 235 milliseconds, but should not have lasted longer than 30 milliseconds.",281,224,747,747,http://localhost:3001/character,235,0,0
1745251872674,226,get by ID,200,OK,Thread Group 1-36,text,false,"The operation lasted too long: It took 226 milliseconds, but should not have lasted longer than 30 milliseconds.",276,161,747,747,http://localhost:3001/character/402,226,0,0
1745251872664,237,Create,201,Created,Thread Group 1-203,text,false,"The operation lasted too long: It took 237 milliseconds, but should not have lasted longer than 30 milliseconds.",281,224,747,747,http://localhost:3001/character,237,0,0
1745251872674,228,get by ID,200,OK,Thread Group 1-52,text,false,"The operation lasted too long: It took 228 milliseconds, but should not have lasted longer than 30 milliseconds.",276,161,747,747,http://localhost:3001/character/400,228,0,0
1745251872666,236,get by ID,200,OK,Thread Group 1-78,text,false,"The operation lasted too long: It took 236 milliseconds, but should not have lasted longer than 30 milliseconds.",276,161,747,747,http://localhost:3001/character/395,236,0,0
1745251872681,222,get by ID,200,OK,Thread Group 1-94,text,false,"The operation lasted too long: It took 222 milliseconds, but should not have lasted longer than 30 milliseconds.",276,161,747,747,http://localhost:3001/character/410,222,0,0
1745251872680,224,get by ID,200,OK,Thread Group 1-72,text,false,"The operation lasted too long: It took 224 milliseconds, but should not have lasted longer than 30 milliseconds.",276,161,747,747,http://localhost:3001/character/409,224,0,0
1745251872679,226,get by ID,200,OK,Thread Group 1-77,text,false,"The operation lasted too long: It took 226 milliseconds, but should not have lasted longer than 30 milliseconds.",276,161,747,747,http://localhost:3001/character/408,226,0,0
1745251872692,222,Create,201,Created,Thread Group 1-269,text,false,"The operation lasted too long: It took 222 milliseconds, but should not have lasted longer than 30 milliseconds.",281,224,747,747,http://localhost:3001/character,222,0,0
1745251872691,223,Create,201,Created,Thread Group 1-195,text,false,"The operation lasted too long: It took 223 milliseconds, but should not have lasted longer than 30 milliseconds.",281,224,747,747,http://localhost:3001/character,223,0,0
1745251872683,231,get by ID,200,OK,Thread Group 1-93,text,false,"The operation lasted too long: It took 231 milliseconds, but should not have lasted longer than 30 milliseconds.",276,161,747,747,http://localhost:3001/character/411,231,0,0
1745251872691,225,Create,201,Created,Thread Group 1-267,text,false,"The operation lasted too long: It took 225 milliseconds, but should not have lasted longer than 30 milliseconds.",281,224,747,747,http://localhost:3001/character,225,0,0
1745251872692,224,Create,201,Created,Thread Group 1-273,text,false,"The operation lasted too long: It took 224 milliseconds, but should not have lasted longer than 30 milliseconds.",281,224,747,747,http://localhost:3001/character,224,0,0
1745251872699,218,get by ID,200,OK,Thread Group 1-38,text,false,"The operation lasted too long: It took 218 milliseconds, but should not have lasted longer than 30 milliseconds.",276,161,747,747,http://localhost:3001/character/423,218,0,0
1745251872695,222,get by ID,200,OK,Thread Group 1-109,text,false,"The operation lasted too long: It took 222 milliseconds, but should not have lasted longer than 30 milliseconds.",276,161,747,747,http://localhost:3001/character/412,222,0,0
1745251872702,215,get by ID,200,OK,Thread Group 1-92,text,false,"The operation lasted too long: It took 215 milliseconds, but should not have lasted longer than 30 milliseconds.",276,161,747,747,http://localhost:3001/character/418,215,0,0
1745251872696,221,get by ID,200,OK,Thread Group 1-63,text,false,"The operation lasted too long: It took 221 milliseconds, but should not have lasted longer than 30 milliseconds.",276,161,747,747,http://localhost:3001/character/417,221,0,0
1745251872695,222,get by ID,200,OK,Thread Group 1-44,text,false,"The operation lasted too long: It took 222 milliseconds, but should not have lasted longer than 30 milliseconds.",276,161,747,747,http://localhost:3001/character/415,222,0,0
1745251872696,222,get by ID,200,OK,Thread Group 1-27,text,false,"The operation lasted too long: It took 222 milliseconds, but should not have lasted longer than 30 milliseconds.",276,161,747,747,http://localhost:3001/character/413,222,0,0
1745251872701,217,get by ID,200,OK,Thread Group 1-25,text,false,"The operation lasted too long: It took 217 milliseconds, but should not have lasted longer than 30 milliseconds.",276,161,747,747,http://localhost:3001/character/424,217,0,0
1745251872699,220,get by ID,200,OK,Thread Group 1-3,text,false,"The operation lasted too long: It took 220 milliseconds, but should not have lasted longer than 30 milliseconds.",276,161,747,747,http://localhost:3001/character/416,220,0,0
1745251872713,208,get by ID,200,OK,Thread Group 1-20,text,false,"The operation lasted too long: It took 208 milliseconds, but should not have lasted longer than 30 milliseconds.",276,161,747,747,http://localhost:3001/character/440,208,0,0
1745251872716,205,get by ID,200,OK,Thread Group 1-9,text,false,"The operation lasted too long: It took 205 milliseconds, but should not have lasted longer than 30 milliseconds.",276,161,747,747,http://localhost:3001/character/451,205,0,0
1745251872698,224,get by ID,200,OK,Thread Group 1-22,text,false,"The operation lasted too long: It took 224 milliseconds, but should not have lasted longer than 30 milliseconds.",276,161,747,747,http://localhost:3001/character/419,224,0,0
1745251872698,224,get by ID,200,OK,Thread Group 1-61,text,false,"The operation lasted too long: It took 224 milliseconds, but should not have lasted longer than 30 milliseconds.",276,161,747,747,http://localhost:3001/character/420,224,0,0
1745251872704,219,get by ID,200,OK,Thread Group 1-60,text,false,"The operation lasted too long: It took 219 milliseconds, but should not have lasted longer than 30 milliseconds.",276,161,747,747,http://localhost:3001/character/425,219,0,0
1745251872703,220,get by ID,200,OK,Thread Group 1-64,text,false,"The operation lasted too long: It took 220 milliseconds, but should not have lasted longer than 30 milliseconds.",276,161,747,747,http://localhost:3001/character/427,220,0,0
1745251872704,219,get by ID,200,OK,Thread Group 1-106,text,false,"The operation lasted too long: It took 219 milliseconds, but should not have lasted longer than 30 milliseconds.",276,161,747,747,http://localhost:3001/character/426,219,0,0
1745251872705,218,get by ID,200,OK,Thread Group 1-6,text,false,"The operation lasted too long: It took 218 milliseconds, but should not have lasted longer than 30 milliseconds.",276,161,747,747,http://localhost:3001/character/429,218,0,0
1745251872707,218,get by ID,200,OK,Thread Group 1-45,text,false,"The operation lasted too long: It took 218 milliseconds, but should not have lasted longer than 30 milliseconds.",276,161,747,747,http://localhost:3001/character/422,218,0,0
1745251872706,220,get by ID,200,OK,Thread Group 1-76,text,false,"The operation lasted too long: It took 220 milliseconds, but should not have lasted longer than 30 milliseconds.",276,161,747,747,http://localhost:3001/character/414,220,0,0
1745251872712,216,get by ID,200,OK,Thread Group 1-70,text,false,"The operation lasted too long: It took 216 milliseconds, but should not have lasted longer than 30 milliseconds.",276,161,747,747,http://localhost:3001/character/438,216,0,0
1745251872698,231,get by ID,200,OK,Thread Group 1-111,text,false,"The operation lasted too long: It took 231 milliseconds, but should not have lasted longer than 30 milliseconds.",276,161,747,747,http://localhost:3001/character/431,231,0,0
1745251872705,225,get by ID,200,OK,Thread Group 1-100,text,false,"The operation lasted too long: It took 225 milliseconds, but should not have lasted longer than 30 milliseconds.",276,161,747,747,http://localhost:3001/character/428,225,0,0
1745251872711,220,get by ID,200,OK,Thread Group 1-75,text,false,"The operation lasted too long: It took 220 milliseconds, but should not have lasted longer than 30 milliseconds.",276,161,747,747,http://localhost:3001/character/434,220,0,0
1745251872711,220,get by ID,200,OK,Thread Group 1-40,text,false,"The operation lasted too long: It took 220 milliseconds, but should not have lasted longer than 30 milliseconds.",276,161,747,747,http://localhost:3001/character/432,220,0,0
1745251872705,227,get by ID,200,OK,Thread Group 1-110,text,false,"The operation lasted too long: It took 227 milliseconds, but should not have lasted longer than 30 milliseconds.",276,161,747,747,http://localhost:3001/character/430,227,0,0
1745251872710,223,get by ID,200,OK,Thread Group 1-128,text,false,"The operation lasted too long: It took 223 milliseconds, but should not have lasted longer than 30 milliseconds.",276,161,747,747,http://localhost:3001/character/460,223,0,0
1745251872709,224,get by ID,200,OK,Thread Group 1-140,text,false,"The operation lasted too long: It took 224 milliseconds, but should not have lasted longer than 30 milliseconds.",276,161,747,747,http://localhost:3001/character/446,224,0,0
1745251872724,210,get by ID,200,OK,Thread Group 1-141,text,false,"The operation lasted too long: It took 210 milliseconds, but should not have lasted longer than 30 milliseconds.",276,161,747,747,http://localhost:3001/character/456,210,0,0
1745251872723,211,get by ID,200,OK,Thread Group 1-122,text,false,"The operation lasted too long: It took 211 milliseconds, but should not have lasted longer than 30 milliseconds.",276,161,747,747,http://localhost:3001/character/454,211,0,0
1745251872723,212,get by ID,200,OK,Thread Group 1-143,text,false,"The operation lasted too long: It took 212 milliseconds, but should not have lasted longer than 30 milliseconds.",276,161,747,747,http://localhost:3001/character/455,212,0,0
1745251872719,216,get by ID,200,OK,Thread Group 1-35,text,false,"The operation lasted too long: It took 216 milliseconds, but should not have lasted longer than 30 milliseconds.",276,161,747,747,http://localhost:3001/character/453,216,0,0
1745251872717,219,get by ID,200,OK,Thread Group 1-121,text,false,"The operation lasted too long: It took 219 milliseconds, but should not have lasted longer than 30 milliseconds.",276,161,747,747,http://localhost:3001/character/452,218,0,0
1745251872713,223,get by ID,200,OK,Thread Group 1-23,text,false,"The operation lasted too long: It took 223 milliseconds, but should not have lasted longer than 30 milliseconds.",276,161,747,747,http://localhost:3001/character/439,223,0,0
1745251872706,231,get by ID,200,OK,Thread Group 1-116,text,false,"The operation lasted too long: It took 231 milliseconds, but should not have lasted longer than 30 milliseconds.",276,161,747,747,http://localhost:3001/character/421,231,0,0
1745251872712,226,get by ID,200,OK,Thread Group 1-4,text,false,"The operation lasted too long: It took 226 milliseconds, but should not have lasted longer than 30 milliseconds.",276,161,747,747,http://localhost:3001/character/437,226,0,0
1745251872715,223,get by ID,200,OK,Thread Group 1-48,text,false,"The operation lasted too long: It took 223 milliseconds, but should not have lasted longer than 30 milliseconds.",276,161,747,747,http://localhost:3001/character/445,223,0,0
1745251872712,227,get by ID,200,OK,Thread Group 1-86,text,false,"The operation lasted too long: It took 227 milliseconds, but should not have lasted longer than 30 milliseconds.",276,161,747,747,http://localhost:3001/character/436,227,0,0
1745251872735,209,get by ID,200,OK,Thread Group 1-152,text,false,"The operation lasted too long: It took 209 milliseconds, but should not have lasted longer than 30 milliseconds.",276,161,747,747,http://localhost:3001/character/476,209,0,0
1745251872711,233,get by ID,200,OK,Thread Group 1-65,text,false,"The operation lasted too long: It took 233 milliseconds, but should not have lasted longer than 30 milliseconds.",276,161,747,747,http://localhost:3001/character/433,233,0,0
1745251872728,218,get by ID,200,OK,Thread Group 1-161,text,false,"The operation lasted too long: It took 218 milliseconds, but should not have lasted longer than 30 milliseconds.",276,161,747,747,http://localhost:3001/character/488,218,0,0
1745251872727,219,get by ID,200,OK,Thread Group 1-147,text,false,"The operation lasted too long: It took 219 milliseconds, but should not have lasted longer than 30 milliseconds.",276,161,747,747,http://localhost:3001/character/459,219,0,0
1745251872726,220,get by ID,200,OK,Thread Group 1-126,text,false,"The operation lasted too long: It took 220 milliseconds, but should not have lasted longer than 30 milliseconds.",276,161,747,747,http://localhost:3001/character/458,220,0,0
1745251872724,223,get by ID,200,OK,Thread Group 1-120,text,false,"The operation lasted too long: It took 223 milliseconds, but should not have lasted longer than 30 milliseconds.",276,161,747,747,http://localhost:3001/character/457,223,0,0
1745251872729,218,get by ID,200,OK,Thread Group 1-149,text,false,"The operation lasted too long: It took 218 milliseconds, but should not have lasted longer than 30 milliseconds.",276,161,747,747,http://localhost:3001/character/462,218,0,0
1745251872739,208,get by ID,200,OK,Thread Group 1-155,text,false,"The operation lasted too long: It took 208 milliseconds, but should not have lasted longer than 30 milliseconds.",276,161,747,747,http://localhost:3001/character/482,208,0,0
1745251872741,206,get by ID,200,OK,Thread Group 1-134,text,false,"The operation lasted too long: It took 206 milliseconds, but should not have lasted longer than 30 milliseconds.",276,161,747,747,http://localhost:3001/character/484,206,0,0
1745251872738,209,get by ID,200,OK,Thread Group 1-135,text,false,"The operation lasted too long: It took 209 milliseconds, but should not have lasted longer than 30 milliseconds.",276,161,747,747,http://localhost:3001/character/479,209,0,0
1745251872740,207,get by ID,200,OK,Thread Group 1-132,text,false,"The operation lasted too long: It took 207 milliseconds, but should not have lasted longer than 30 milliseconds.",276,161,747,747,http://localhost:3001/character/481,207,0,0
1745251872741,207,get by ID,200,OK,Thread Group 1-144,text,false,"The operation lasted too long: It took 207 milliseconds, but should not have lasted longer than 30 milliseconds.",276,161,747,747,http://localhost:3001/character/465,207,0,0
1745251872741,207,get by ID,200,OK,Thread Group 1-127,text,false,"The operation lasted too long: It took 207 milliseconds, but should not have lasted longer than 30 milliseconds.",276,161,747,747,http://localhost:3001/character/466,207,0,0
1745251872714,234,get by ID,200,OK,Thread Group 1-139,text,false,"The operation lasted too long: It took 234 milliseconds, but should not have lasted longer than 30 milliseconds.",276,161,747,747,http://localhost:3001/character/443,234,0,0
1745251872714,235,get by ID,200,OK,Thread Group 1-103,text,false,"The operation lasted too long: It took 235 milliseconds, but should not have lasted longer than 30 milliseconds.",276,161,747,747,http://localhost:3001/character/442,235,0,0
1745251872760,189,get by ID,200,OK,Thread Group 1-167,text,false,"The operation lasted too long: It took 189 milliseconds, but should not have lasted longer than 30 milliseconds.",276,161,747,747,http://localhost:3001/character/499,189,0,0
1745251872714,236,get by ID,200,OK,Thread Group 1-5,text,false,"The operation lasted too long: It took 236 milliseconds, but should not have lasted longer than 30 milliseconds.",276,161,747,747,http://localhost:3001/character/444,236,0,0
1745251872716,234,get by ID,200,OK,Thread Group 1-142,text,false,"The operation lasted too long: It took 234 milliseconds, but should not have lasted longer than 30 milliseconds.",276,161,747,747,http://localhost:3001/character/449,234,0,0
1745251872715,235,get by ID,200,OK,Thread Group 1-151,text,false,"The operation lasted too long: It took 235 milliseconds, but should not have lasted longer than 30 milliseconds.",276,161,747,747,http://localhost:3001/character/474,235,0,0
1745251872716,235,get by ID,200,OK,Thread Group 1-119,text,false,"The operation lasted too long: It took 235 milliseconds, but should not have lasted longer than 30 milliseconds.",276,161,747,747,http://localhost:3001/character/450,235,0,0
1745251872715,237,get by ID,200,OK,Thread Group 1-14,text,false,"The operation lasted too long: It took 237 milliseconds, but should not have lasted longer than 30 milliseconds.",276,161,747,747,http://localhost:3001/character/448,237,0,0
1745251872729,223,get by ID,200,OK,Thread Group 1-125,text,false,"The operation lasted too long: It took 223 milliseconds, but should not have lasted longer than 30 milliseconds.",276,161,747,747,http://localhost:3001/character/461,223,0,0
1745251872751,202,get by ID,200,OK,Thread Group 1-164,text,false,"The operation lasted too long: It took 202 milliseconds, but should not have lasted longer than 30 milliseconds.",276,161,747,747,http://localhost:3001/character/493,202,0,0
1745251872737,216,get by ID,200,OK,Thread Group 1-131,text,false,"The operation lasted too long: It took 216 milliseconds, but should not have lasted longer than 30 milliseconds.",276,161,747,747,http://localhost:3001/character/477,216,0,0
1745251872715,238,get by ID,200,OK,Thread Group 1-39,text,false,"The operation lasted too long: It took 238 milliseconds, but should not have lasted longer than 30 milliseconds.",276,161,747,747,http://localhost:3001/character/447,238,0,0
1745251872738,215,get by ID,200,OK,Thread Group 1-154,text,false,"The operation lasted too long: It took 215 milliseconds, but should not have lasted longer than 30 milliseconds.",276,161,747,747,http://localhost:3001/character/478,215,0,0
1745251872731,223,get by ID,200,OK,Thread Group 1-148,text,false,"The operation lasted too long: It took 223 milliseconds, but should not have lasted longer than 30 milliseconds.",276,161,747,747,http://localhost:3001/character/463,223,0,0
1745251872733,222,get by ID,200,OK,Thread Group 1-145,text,false,"The operation lasted too long: It took 222 milliseconds, but should not have lasted longer than 30 milliseconds.",276,161,747,747,http://localhost:3001/character/464,222,0,0
1745251872732,223,get by ID,200,OK,Thread Group 1-133,text,false,"The operation lasted too long: It took 223 milliseconds, but should not have lasted longer than 30 milliseconds.",276,161,747,747,http://localhost:3001/character/475,223,0,0
1745251872743,220,get by ID,200,OK,Thread Group 1-146,text,false,"The operation lasted too long: It took 220 milliseconds, but should not have lasted longer than 30 milliseconds.",276,161,747,747,http://localhost:3001/character/468,220,0,0
1745251872746,217,get by ID,200,OK,Thread Group 1-160,text,false,"The operation lasted too long: It took 217 milliseconds, but should not have lasted longer than 30 milliseconds.",276,161,747,747,http://localhost:3001/character/487,217,0,0
1745251872741,223,get by ID,200,OK,Thread Group 1-123,text,false,"The operation lasted too long: It took 223 milliseconds, but should not have lasted longer than 30 milliseconds.",276,161,747,747,http://localhost:3001/character/467,223,0,0
1745251872713,251,get by ID,200,OK,Thread Group 1-112,text,false,"The operation lasted too long: It took 251 milliseconds, but should not have lasted longer than 30 milliseconds.",276,161,747,747,http://localhost:3001/character/441,251,0,0
1745251872743,221,get by ID,200,OK,Thread Group 1-124,text,false,"The operation lasted too long: It took 221 milliseconds, but should not have lasted longer than 30 milliseconds.",276,161,747,747,http://localhost:3001/character/469,221,0,0
1745251872740,225,get by ID,200,OK,Thread Group 1-158,text,false,"The operation lasted too long: It took 225 milliseconds, but should not have lasted longer than 30 milliseconds.",276,161,747,747,http://localhost:3001/character/483,225,0,0
1745251872739,226,get by ID,200,OK,Thread Group 1-156,text,false,"The operation lasted too long: It took 226 milliseconds, but should not have lasted longer than 30 milliseconds.",276,161,747,747,http://localhost:3001/character/480,226,0,0
1745251872745,223,get by ID,200,OK,Thread Group 1-136,text,false,"The operation lasted too long: It took 223 milliseconds, but should not have lasted longer than 30 milliseconds.",276,161,747,747,http://localhost:3001/character/485,223,0,0
1745251872745,223,get by ID,200,OK,Thread Group 1-130,text,false,"The operation lasted too long: It took 223 milliseconds, but should not have lasted longer than 30 milliseconds.",276,161,747,747,http://localhost:3001/character/473,223,0,0
1745251872744,225,get by ID,200,OK,Thread Group 1-153,text,false,"The operation lasted too long: It took 225 milliseconds, but should not have lasted longer than 30 milliseconds.",276,161,747,747,http://localhost:3001/character/472,225,0,0
1745251872744,226,get by ID,200,OK,Thread Group 1-150,text,false,"The operation lasted too long: It took 226 milliseconds, but should not have lasted longer than 30 milliseconds.",276,161,747,747,http://localhost:3001/character/470,226,0,0
1745251872745,226,get by ID,200,OK,Thread Group 1-157,text,false,"The operation lasted too long: It took 226 milliseconds, but should not have lasted longer than 30 milliseconds.",276,161,747,747,http://localhost:3001/character/486,226,0,0
1745251872743,230,get by ID,200,OK,Thread Group 1-129,text,false,"The operation lasted too long: It took 230 milliseconds, but should not have lasted longer than 30 milliseconds.",276,161,747,747,http://localhost:3001/character/471,230,0,0
1745251872760,215,get by ID,200,OK,Thread Group 1-170,text,false,"The operation lasted too long: It took 215 milliseconds, but should not have lasted longer than 30 milliseconds.",276,161,747,747,http://localhost:3001/character/498,215,0,0
1745251872761,215,get by ID,200,OK,Thread Group 1-184,text,false,"The operation lasted too long: It took 215 milliseconds, but should not have lasted longer than 30 milliseconds.",276,161,747,747,http://localhost:3001/character/500,215,0,0
1745251872767,210,get by ID,200,OK,Thread Group 1-175,text,false,"The operation lasted too long: It took 210 milliseconds, but should not have lasted longer than 30 milliseconds.",276,161,747,747,http://localhost:3001/character/512,210,0,0
1745251872767,210,get by ID,200,OK,Thread Group 1-196,text,false,"The operation lasted too long: It took 210 milliseconds, but should not have lasted longer than 30 milliseconds.",276,161,747,747,http://localhost:3001/character/511,210,0,0
1745251872771,207,get by ID,200,OK,Thread Group 1-176,text,false,"The operation lasted too long: It took 207 milliseconds, but should not have lasted longer than 30 milliseconds.",276,161,747,747,http://localhost:3001/character/515,207,0,0
1745251872770,208,get by ID,200,OK,Thread Group 1-177,text,false,"The operation lasted too long: It took 208 milliseconds, but should not have lasted longer than 30 milliseconds.",276,161,747,747,http://localhost:3001/character/516,208,0,0
1745251872768,210,get by ID,200,OK,Thread Group 1-179,text,false,"The operation lasted too long: It took 210 milliseconds, but should not have lasted longer than 30 milliseconds.",276,161,747,747,http://localhost:3001/character/514,210,0,0
1745251872748,230,get by ID,200,OK,Thread Group 1-137,text,false,"The operation lasted too long: It took 230 milliseconds, but should not have lasted longer than 30 milliseconds.",276,161,747,747,http://localhost:3001/character/490,230,0,0
1745251872771,208,get by ID,200,OK,Thread Group 1-217,text,false,"The operation lasted too long: It took 208 milliseconds, but should not have lasted longer than 30 milliseconds.",276,161,747,747,http://localhost:3001/character/517,208,0,0
1745251872748,231,get by ID,200,OK,Thread Group 1-174,text,false,"The operation lasted too long: It took 231 milliseconds, but should not have lasted longer than 30 milliseconds.",276,161,747,747,http://localhost:3001/character/506,231,0,0
1745251872749,230,get by ID,200,OK,Thread Group 1-163,text,false,"The operation lasted too long: It took 230 milliseconds, but should not have lasted longer than 30 milliseconds.",276,161,747,747,http://localhost:3001/character/492,230,0,0
1745251872747,232,Update,200,OK,Thread Group 1-47,text,false,"The operation lasted too long: It took 232 milliseconds, but should not have lasted longer than 30 milliseconds.",276,227,747,747,http://localhost:3001/character/435,232,0,0
1745251872749,230,get by ID,200,OK,Thread Group 1-159,text,false,"The operation lasted too long: It took 230 milliseconds, but should not have lasted longer than 30 milliseconds.",276,161,747,747,http://localhost:3001/character/491,230,0,0
1745251872755,225,get by ID,200,OK,Thread Group 1-168,text,false,"The operation lasted too long: It took 225 milliseconds, but should not have lasted longer than 30 milliseconds.",276,161,747,747,http://localhost:3001/character/495,225,0,0
1745251872754,226,get by ID,200,OK,Thread Group 1-162,text,false,"The operation lasted too long: It took 226 milliseconds, but should not have lasted longer than 30 milliseconds.",276,161,747,747,http://localhost:3001/character/494,226,0,0
1745251872754,227,get by ID,200,OK,Thread Group 1-138,text,false,"The operation lasted too long: It took 227 milliseconds, but should not have lasted longer than 30 milliseconds.",276,161,747,747,http://localhost:3001/character/489,227,0,0
1745251871711,1270,Get characters,200,OK,Thread Group 1-281,text,false,"The operation lasted too long: It took 1,270 milliseconds, but should not have lasted longer than 30 milliseconds.",23065,158,747,747,http://localhost:3001/characters,1270,0,14
1745251872757,225,Create,201,Created,Thread Group 1-211,text,false,"The operation lasted too long: It took 225 milliseconds, but should not have lasted longer than 30 milliseconds.",281,224,747,747,http://localhost:3001/character,225,0,0
1745251872759,225,get by ID,200,OK,Thread Group 1-166,text,false,"The operation lasted too long: It took 225 milliseconds, but should not have lasted longer than 30 milliseconds.",276,161,747,747,http://localhost:3001/character/496,225,0,0
1745251872755,239,get by ID,200,OK,Thread Group 1-210,text,false,"The operation lasted too long: It took 239 milliseconds, but should not have lasted longer than 30 milliseconds.",276,161,747,747,http://localhost:3001/character/520,239,0,0
1745251872759,235,get by ID,200,OK,Thread Group 1-169,text,false,"The operation lasted too long: It took 235 milliseconds, but should not have lasted longer than 30 milliseconds.",276,161,747,747,http://localhost:3001/character/497,235,0,0
1745251872762,232,get by ID,200,OK,Thread Group 1-185,text,false,"The operation lasted too long: It took 232 milliseconds, but should not have lasted longer than 30 milliseconds.",276,161,747,747,http://localhost:3001/character/504,232,0,0
1745251872765,229,get by ID,200,OK,Thread Group 1-186,text,false,"The operation lasted too long: It took 229 milliseconds, but should not have lasted longer than 30 milliseconds.",276,161,747,747,http://localhost:3001/character/509,229,0,0
1745251872766,229,get by ID,200,OK,Thread Group 1-173,text,false,"The operation lasted too long: It took 229 milliseconds, but should not have lasted longer than 30 milliseconds.",276,161,747,747,http://localhost:3001/character/510,229,0,0
1745251872763,232,get by ID,200,OK,Thread Group 1-189,text,false,"The operation lasted too long: It took 232 milliseconds, but should not have lasted longer than 30 milliseconds.",276,161,747,747,http://localhost:3001/character/508,232,0,0
1745251872761,235,get by ID,200,OK,Thread Group 1-172,text,false,"The operation lasted too long: It took 235 milliseconds, but should not have lasted longer than 30 milliseconds.",276,161,747,747,http://localhost:3001/character/501,235,0,0
1745251872768,228,get by ID,200,OK,Thread Group 1-202,text,false,"The operation lasted too long: It took 228 milliseconds, but should not have lasted longer than 30 milliseconds.",276,161,747,747,http://localhost:3001/character/513,228,0,0
1745251872762,234,get by ID,200,OK,Thread Group 1-165,text,false,"The operation lasted too long: It took 234 milliseconds, but should not have lasted longer than 30 milliseconds.",276,161,747,747,http://localhost:3001/character/505,234,0,0
1745251872763,234,get by ID,200,OK,Thread Group 1-187,text,false,"The operation lasted too long: It took 234 milliseconds, but should not have lasted longer than 30 milliseconds.",276,161,747,747,http://localhost:3001/character/507,234,0,0
1745251872761,236,get by ID,200,OK,Thread Group 1-171,text,false,"The operation lasted too long: It took 236 milliseconds, but should not have lasted longer than 30 milliseconds.",276,161,747,747,http://localhost:3001/character/502,236,0,0
1745251872772,225,get by ID,200,OK,Thread Group 1-222,text,false,"The operation lasted too long: It took 225 milliseconds, but should not have lasted longer than 30 milliseconds.",276,161,747,747,http://localhost:3001/character/519,225,0,0
1745251872762,235,get by ID,200,OK,Thread Group 1-182,text,false,"The operation lasted too long: It took 235 milliseconds, but should not have lasted longer than 30 milliseconds.",276,161,747,747,http://localhost:3001/character/503,235,0,0
1745251872771,226,get by ID,200,OK,Thread Group 1-221,text,false,"The operation lasted too long: It took 226 milliseconds, but should not have lasted longer than 30 milliseconds.",276,161,747,747,http://localhost:3001/character/518,226,0,0
1745251872787,211,get by ID,200,OK,Thread Group 1-181,text,false,"The operation lasted too long: It took 211 milliseconds, but should not have lasted longer than 30 milliseconds.",276,161,747,747,http://localhost:3001/character/525,211,0,0
1745251872788,210,Create,201,Created,Thread Group 1-268,text,false,"The operation lasted too long: It took 210 milliseconds, but should not have lasted longer than 30 milliseconds.",281,224,747,747,http://localhost:3001/character,210,0,0
1745251872827,172,Update,200,OK,Thread Group 1-97,text,false,"The operation lasted too long: It took 172 milliseconds, but should not have lasted longer than 30 milliseconds.",276,227,747,747,http://localhost:3001/character/354,172,0,0
1745251872787,212,Create,201,Created,Thread Group 1-266,text,false,"The operation lasted too long: It took 212 milliseconds, but should not have lasted longer than 30 milliseconds.",281,224,747,747,http://localhost:3001/character,212,0,0
1745251872787,215,get by ID,200,OK,Thread Group 1-220,text,false,"The operation lasted too long: It took 215 milliseconds, but should not have lasted longer than 30 milliseconds.",276,161,747,747,http://localhost:3001/character/521,215,0,0
1745251872786,220,Create,201,Created,Thread Group 1-265,text,false,"The operation lasted too long: It took 220 milliseconds, but should not have lasted longer than 30 milliseconds.",281,224,747,747,http://localhost:3001/character,220,0,0
1745251872786,225,Create,201,Created,Thread Group 1-194,text,false,"The operation lasted too long: It took 225 milliseconds, but should not have lasted longer than 30 milliseconds.",281,224,747,747,http://localhost:3001/character,225,0,0
1745251872786,225,Create,201,Created,Thread Group 1-198,text,false,"The operation lasted too long: It took 225 milliseconds, but should not have lasted longer than 30 milliseconds.",281,224,747,747,http://localhost:3001/character,225,0,0
1745251872786,226,Create,201,Created,Thread Group 1-276,text,false,"The operation lasted too long: It took 226 milliseconds, but should not have lasted longer than 30 milliseconds.",281,224,747,747,http://localhost:3001/character,226,0,0
1745251872785,228,get by ID,200,OK,Thread Group 1-55,text,false,"The operation lasted too long: It took 228 milliseconds, but should not have lasted longer than 30 milliseconds.",276,161,747,747,http://localhost:3001/character/403,228,0,0
1745251872784,230,Create,201,Created,Thread Group 1-200,text,false,"The operation lasted too long: It took 230 milliseconds, but should not have lasted longer than 30 milliseconds.",281,224,747,747,http://localhost:3001/character,230,0,0
1745251871713,1302,Get characters,200,OK,Thread Group 1-283,text,false,"The operation lasted too long: It took 1,302 milliseconds, but should not have lasted longer than 30 milliseconds.",23359,158,747,747,http://localhost:3001/characters,1302,0,12
1745251872800,216,Update,200,OK,Thread Group 1-96,text,false,"The operation lasted too long: It took 216 milliseconds, but should not have lasted longer than 30 milliseconds.",276,227,747,747,http://localhost:3001/character/365,216,0,0
1745251872794,224,Update,200,OK,Thread Group 1-16,text,false,"The operation lasted too long: It took 224 milliseconds, but should not have lasted longer than 30 milliseconds.",276,227,748,748,http://localhost:3001/character/343,224,0,0
1745251872798,220,get by ID,200,OK,Thread Group 1-183,text,false,"The operation lasted too long: It took 220 milliseconds, but should not have lasted longer than 30 milliseconds.",276,161,748,748,http://localhost:3001/character/530,220,0,0
1745251872793,225,get by ID,200,OK,Thread Group 1-212,text,false,"The operation lasted too long: It took 225 milliseconds, but should not have lasted longer than 30 milliseconds.",276,161,748,748,http://localhost:3001/character/529,225,0,0
1745251872793,226,get by ID,200,OK,Thread Group 1-214,text,false,"The operation lasted too long: It took 226 milliseconds, but should not have lasted longer than 30 milliseconds.",276,161,748,748,http://localhost:3001/character/528,226,0,0
1745251872792,227,get by ID,200,OK,Thread Group 1-219,text,false,"The operation lasted too long: It took 227 milliseconds, but should not have lasted longer than 30 milliseconds.",276,161,748,748,http://localhost:3001/character/526,227,0,0
1745251872792,227,get by ID,200,OK,Thread Group 1-216,text,false,"The operation lasted too long: It took 227 milliseconds, but should not have lasted longer than 30 milliseconds.",276,161,748,748,http://localhost:3001/character/527,227,0,0
1745251872791,228,Update,200,OK,Thread Group 1-104,text,false,"The operation lasted too long: It took 228 milliseconds, but should not have lasted longer than 30 milliseconds.",276,227,748,748,http://localhost:3001/character/332,228,0,0
1745251872791,228,Update,200,OK,Thread Group 1-54,text,false,"The operation lasted too long: It took 228 milliseconds, but should not have lasted longer than 30 milliseconds.",276,227,748,748,http://localhost:3001/character/370,228,0,0
1745251872790,230,get by ID,200,OK,Thread Group 1-215,text,false,"The operation lasted too long: It took 230 milliseconds, but should not have lasted longer than 30 milliseconds.",276,161,748,748,http://localhost:3001/character/524,230,0,0
1745251872791,228,Create,201,Created,Thread Group 1-274,text,false,"The operation lasted too long: It took 228 milliseconds, but should not have lasted longer than 30 milliseconds.",281,224,748,748,http://localhost:3001/character,228,0,0
1745251872791,228,Create,201,Created,Thread Group 1-272,text,false,"The operation lasted too long: It took 228 milliseconds, but should not have lasted longer than 30 milliseconds.",281,224,748,748,http://localhost:3001/character,228,0,0
1745251872790,230,get by ID,200,OK,Thread Group 1-180,text,false,"The operation lasted too long: It took 230 milliseconds, but should not have lasted longer than 30 milliseconds.",276,161,748,748,http://localhost:3001/character/523,230,0,0
1745251872789,231,get by ID,200,OK,Thread Group 1-224,text,false,"The operation lasted too long: It took 231 milliseconds, but should not have lasted longer than 30 milliseconds.",276,161,748,748,http://localhost:3001/character/522,231,0,0
1745251872789,231,Create,201,Created,Thread Group 1-271,text,false,"The operation lasted too long: It took 231 milliseconds, but should not have lasted longer than 30 milliseconds.",281,224,748,748,http://localhost:3001/character,231,0,0
1745251872788,233,Create,201,Created,Thread Group 1-270,text,false,"The operation lasted too long: It took 233 milliseconds, but should not have lasted longer than 30 milliseconds.",281,224,748,748,http://localhost:3001/character,233,0,0
1745251872826,195,Update,200,OK,Thread Group 1-87,text,false,"The operation lasted too long: It took 195 milliseconds, but should not have lasted longer than 30 milliseconds.",276,227,748,748,http://localhost:3001/character/362,195,0,0
1745251872825,196,Update,200,OK,Thread Group 1-17,text,false,"The operation lasted too long: It took 196 milliseconds, but should not have lasted longer than 30 milliseconds.",276,227,748,748,http://localhost:3001/character/344,196,0,0
1745251872825,197,Update,200,OK,Thread Group 1-32,text,false,"The operation lasted too long: It took 197 milliseconds, but should not have lasted longer than 30 milliseconds.",276,227,748,748,http://localhost:3001/character/334,197,0,0
1745251872824,199,Update,200,OK,Thread Group 1-114,text,false,"The operation lasted too long: It took 199 milliseconds, but should not have lasted longer than 30 milliseconds.",276,227,748,748,http://localhost:3001/character/342,199,0,0
1745251872823,200,Update,200,OK,Thread Group 1-89,text,false,"The operation lasted too long: It took 200 milliseconds, but should not have lasted longer than 30 milliseconds.",276,227,748,748,http://localhost:3001/character/331,200,0,0
1745251872823,201,Update,200,OK,Thread Group 1-59,text,false,"The operation lasted too long: It took 201 milliseconds, but should not have lasted longer than 30 milliseconds.",276,227,748,748,http://localhost:3001/character/366,201,0,0
1745251872821,203,Update,200,OK,Thread Group 1-80,text,false,"The operation lasted too long: It took 203 milliseconds, but should not have lasted longer than 30 milliseconds.",276,227,748,748,http://localhost:3001/character/367,203,0,0
1745251872806,219,Update,200,OK,Thread Group 1-24,text,false,"The operation lasted too long: It took 219 milliseconds, but should not have lasted longer than 30 milliseconds.",276,227,748,748,http://localhost:3001/character/340,219,0,0
1745251872805,220,get by ID,200,OK,Thread Group 1-178,text,false,"The operation lasted too long: It took 220 milliseconds, but should not have lasted longer than 30 milliseconds.",276,161,748,748,http://localhost:3001/character/532,220,0,0
1745251872804,222,Update,200,OK,Thread Group 1-108,text,false,"The operation lasted too long: It took 222 milliseconds, but should not have lasted longer than 30 milliseconds.",276,227,748,748,http://localhost:3001/character/361,222,0,0
1745251872804,223,Update,200,OK,Thread Group 1-101,text,false,"The operation lasted too long: It took 223 milliseconds, but should not have lasted longer than 30 milliseconds.",276,227,748,748,http://localhost:3001/character/373,223,0,0
1745251872803,224,Update,200,OK,Thread Group 1-117,text,false,"The operation lasted too long: It took 224 milliseconds, but should not have lasted longer than 30 milliseconds.",276,227,748,748,http://localhost:3001/character/341,224,0,0
1745251872803,224,Update,200,OK,Thread Group 1-2,text,false,"The operation lasted too long: It took 224 milliseconds, but should not have lasted longer than 30 milliseconds.",276,227,748,748,http://localhost:3001/character/335,224,0,0
1745251872803,224,Update,200,OK,Thread Group 1-15,text,false,"The operation lasted too long: It took 224 milliseconds, but should not have lasted longer than 30 milliseconds.",276,227,748,748,http://localhost:3001/character/333,224,0,0
1745251872802,225,Update,200,OK,Thread Group 1-82,text,false,"The operation lasted too long: It took 225 milliseconds, but should not have lasted longer than 30 milliseconds.",276,227,748,748,http://localhost:3001/character/364,225,0,0
1745251872802,226,get by ID,200,OK,Thread Group 1-218,text,false,"The operation lasted too long: It took 226 milliseconds, but should not have lasted longer than 30 milliseconds.",276,161,748,748,http://localhost:3001/character/531,226,0,0
1745251872837,191,Update,200,OK,Thread Group 1-95,text,false,"The operation lasted too long: It took 191 milliseconds, but should not have lasted longer than 30 milliseconds.",276,227,748,748,http://localhost:3001/character/353,191,0,0
1745251872837,191,Update,200,OK,Thread Group 1-1,text,false,"The operation lasted too long: It took 191 milliseconds, but should not have lasted longer than 30 milliseconds.",276,227,748,748,http://localhost:3001/character/352,191,0,0
1745251872836,192,Update,200,OK,Thread Group 1-50,text,false,"The operation lasted too long: It took 192 milliseconds, but should not have lasted longer than 30 milliseconds.",276,227,748,748,http://localhost:3001/character/336,192,0,0
1745251872836,193,Update,200,OK,Thread Group 1-69,text,false,"The operation lasted too long: It took 193 milliseconds, but should not have lasted longer than 30 milliseconds.",276,227,748,748,http://localhost:3001/character/346,193,0,0
1745251872835,194,Update,200,OK,Thread Group 1-81,text,false,"The operation lasted too long: It took 194 milliseconds, but should not have lasted longer than 30 milliseconds.",276,227,748,748,http://localhost:3001/character/390,194,0,0
1745251872835,194,Update,200,OK,Thread Group 1-21,text,false,"The operation lasted too long: It took 194 milliseconds, but should not have lasted longer than 30 milliseconds.",276,227,748,748,http://localhost:3001/character/375,194,0,0
1745251872834,196,Update,200,OK,Thread Group 1-41,text,false,"The operation lasted too long: It took 196 milliseconds, but should not have lasted longer than 30 milliseconds.",276,227,748,748,http://localhost:3001/character/360,196,0,0
1745251872834,196,Update,200,OK,Thread Group 1-118,text,false,"The operation lasted too long: It took 196 milliseconds, but should not have lasted longer than 30 milliseconds.",276,227,748,748,http://localhost:3001/character/339,196,0,0
1745251872833,197,Update,200,OK,Thread Group 1-11,text,false,"The operation lasted too long: It took 197 milliseconds, but should not have lasted longer than 30 milliseconds.",276,227,748,748,http://localhost:3001/character/337,197,0,0
1745251872833,197,Update,200,OK,Thread Group 1-79,text,false,"The operation lasted too long: It took 197 milliseconds, but should not have lasted longer than 30 milliseconds.",276,227,748,748,http://localhost:3001/character/371,197,0,0
1745251872833,197,Update,200,OK,Thread Group 1-43,text,false,"The operation lasted too long: It took 197 milliseconds, but should not have lasted longer than 30 milliseconds.",276,227,748,748,http://localhost:3001/character/372,197,0,0
1745251872832,199,Update,200,OK,Thread Group 1-7,text,false,"The operation lasted too long: It took 199 milliseconds, but should not have lasted longer than 30 milliseconds.",276,227,748,748,http://localhost:3001/character/363,199,0,0
1745251871714,1317,Get characters,200,OK,Thread Group 1-284,text,false,"The operation lasted too long: It took 1,317 milliseconds, but should not have lasted longer than 30 milliseconds.",23527,158,748,748,http://localhost:3001/characters,1317,0,11
1745251872841,190,Update,200,OK,Thread Group 1-105,text,false,"The operation lasted too long: It took 190 milliseconds, but should not have lasted longer than 30 milliseconds.",276,227,748,748,http://localhost:3001/character/345,190,0,0
1745251872841,190,Update,200,OK,Thread Group 1-57,text,false,"The operation lasted too long: It took 190 milliseconds, but should not have lasted longer than 30 milliseconds.",276,227,748,748,http://localhost:3001/character/359,190,0,0
1745251871716,1315,Get characters,200,OK,Thread Group 1-286,text,false,"The operation lasted too long: It took 1,315 milliseconds, but should not have lasted longer than 30 milliseconds.",23527,158,748,748,http://localhost:3001/characters,1315,0,10
1745251872840,192,Update,200,OK,Thread Group 1-71,text,false,"The operation lasted too long: It took 192 milliseconds, but should not have lasted longer than 30 milliseconds.",276,227,748,748,http://localhost:3001/character/376,192,0,0
1745251872839,193,Update,200,OK,Thread Group 1-49,text,false,"The operation lasted too long: It took 193 milliseconds, but should not have lasted longer than 30 milliseconds.",276,227,748,748,http://localhost:3001/character/374,193,0,0
1745251871719,1314,Get characters,200,OK,Thread Group 1-289,text,false,"The operation lasted too long: It took 1,314 milliseconds, but should not have lasted longer than 30 milliseconds.",23527,158,748,748,http://localhost:3001/characters,1314,0,9
1745251871720,1325,Get characters,200,OK,Thread Group 1-291,text,false,"The operation lasted too long: It took 1,325 milliseconds, but should not have lasted longer than 30 milliseconds.",23527,158,765,765,http://localhost:3001/characters,1324,0,9
1745251871798,1248,Get characters,200,OK,Thread Group 1-339,text,false,"The operation lasted too long: It took 1,248 milliseconds, but should not have lasted longer than 30 milliseconds.",23527,158,765,765,http://localhost:3001/characters,1248,0,0
1745251871719,1327,Get characters,200,OK,Thread Group 1-290,text,false,"The operation lasted too long: It took 1,327 milliseconds, but should not have lasted longer than 30 milliseconds.",23527,158,765,765,http://localhost:3001/characters,1327,0,10
1745251871794,1253,Get characters,200,OK,Thread Group 1-355,text,false,"The operation lasted too long: It took 1,253 milliseconds, but should not have lasted longer than 30 milliseconds.",23527,158,765,765,http://localhost:3001/characters,1253,0,0
1745251871715,1332,Get characters,200,OK,Thread Group 1-282,text,false,"The operation lasted too long: It took 1,332 milliseconds, but should not have lasted longer than 30 milliseconds.",23527,158,765,765,http://localhost:3001/characters,1332,0,13
1745251871795,1286,Get characters,200,OK,Thread Group 1-346,text,false,"The operation lasted too long: It took 1,286 milliseconds, but should not have lasted longer than 30 milliseconds.",23527,158,789,789,http://localhost:3001/characters,1286,0,1
1745251871716,1366,Get characters,200,OK,Thread Group 1-285,text,false,"The operation lasted too long: It took 1,366 milliseconds, but should not have lasted longer than 30 milliseconds.",23527,158,789,789,http://localhost:3001/characters,1366,0,12
1745251871796,1375,Get characters,200,OK,Thread Group 1-356,text,false,"The operation lasted too long: It took 1,375 milliseconds, but should not have lasted longer than 30 milliseconds.",23527,158,886,886,http://localhost:3001/characters,1375,0,1
1745251871717,1455,Get characters,200,OK,Thread Group 1-287,text,false,"The operation lasted too long: It took 1,455 milliseconds, but should not have lasted longer than 30 milliseconds.",23527,158,888,888,http://localhost:3001/characters,1455,0,11
1745251871797,1375,Get characters,200,OK,Thread Group 1-348,text,false,"The operation lasted too long: It took 1,375 milliseconds, but should not have lasted longer than 30 milliseconds.",23527,158,888,888,http://localhost:3001/characters,1375,0,0
1745251871718,1456,Get characters,200,OK,Thread Group 1-288,text,false,"The operation lasted too long: It took 1,456 milliseconds, but should not have lasted longer than 30 milliseconds.",23527,158,889,889,http://localhost:3001/characters,1456,0,10
1745251871848,1329,Get characters,200,OK,Thread Group 1-334,text,false,"The operation lasted too long: It took 1,329 milliseconds, but should not have lasted longer than 30 milliseconds.",23527,158,890,890,http://localhost:3001/characters,1328,0,0
1745251871799,1382,Get characters,200,OK,Thread Group 1-357,text,false,"The operation lasted too long: It took 1,382 milliseconds, but should not have lasted longer than 30 milliseconds.",23527,158,892,892,http://localhost:3001/characters,1378,0,1
1745251871799,1383,Get characters,200,OK,Thread Group 1-292,text,false,"The operation lasted too long: It took 1,383 milliseconds, but should not have lasted longer than 30 milliseconds.",23527,158,892,892,http://localhost:3001/characters,1383,0,1
1745251871799,1385,Get characters,200,OK,Thread Group 1-358,text,false,"The operation lasted too long: It took 1,385 milliseconds, but should not have lasted longer than 30 milliseconds.",23527,158,895,895,http://localhost:3001/characters,1385,0,1
1745251871856,1330,Get characters,200,OK,Thread Group 1-337,text,false,"The operation lasted too long: It took 1,330 milliseconds, but should not have lasted longer than 30 milliseconds.",23527,158,895,895,http://localhost:3001/characters,1330,0,1
1745251871851,1335,Get characters,200,OK,Thread Group 1-325,text,false,"The operation lasted too long: It took 1,335 milliseconds, but should not have lasted longer than 30 milliseconds.",23527,158,895,895,http://localhost:3001/characters,1333,0,1
1745251871800,1387,Get characters,200,OK,Thread Group 1-295,text,false,"The operation lasted too long: It took 1,387 milliseconds, but should not have lasted longer than 30 milliseconds.",23527,158,895,895,http://localhost:3001/characters,1387,0,1
1745251871853,1334,Get characters,200,OK,Thread Group 1-336,text,false,"The operation lasted too long: It took 1,334 milliseconds, but should not have lasted longer than 30 milliseconds.",23527,158,895,895,http://localhost:3001/characters,1334,0,1
1745251871801,1386,Get characters,200,OK,Thread Group 1-296,text,false,"The operation lasted too long: It took 1,386 milliseconds, but should not have lasted longer than 30 milliseconds.",23527,158,895,895,http://localhost:3001/characters,1386,0,0
1745251871800,1387,Get characters,200,OK,Thread Group 1-294,text,false,"The operation lasted too long: It took 1,387 milliseconds, but should not have lasted longer than 30 milliseconds.",23527,158,895,895,http://localhost:3001/characters,1387,0,1
1745251871852,1336,Get characters,200,OK,Thread Group 1-335,text,false,"The operation lasted too long: It took 1,336 milliseconds, but should not have lasted longer than 30 milliseconds.",23527,158,895,895,http://localhost:3001/characters,1336,0,0
1745251871800,1388,Get characters,200,OK,Thread Group 1-293,text,false,"The operation lasted too long: It took 1,388 milliseconds, but should not have lasted longer than 30 milliseconds.",23527,158,895,895,http://localhost:3001/characters,1388,0,0
1745251872843,345,Update,200,OK,Thread Group 1-51,text,false,"The operation lasted too long: It took 345 milliseconds, but should not have lasted longer than 30 milliseconds.",276,227,895,895,http://localhost:3001/character/388,345,0,0
1745251872842,346,Update,200,OK,Thread Group 1-33,text,false,"The operation lasted too long: It took 346 milliseconds, but should not have lasted longer than 30 milliseconds.",276,227,895,895,http://localhost:3001/character/338,346,0,0
1745251872842,346,Update,200,OK,Thread Group 1-58,text,false,"The operation lasted too long: It took 346 milliseconds, but should not have lasted longer than 30 milliseconds.",276,227,895,895,http://localhost:3001/character/377,346,0,0
1745251872844,344,Update,200,OK,Thread Group 1-74,text,false,"The operation lasted too long: It took 344 milliseconds, but should not have lasted longer than 30 milliseconds.",276,227,895,895,http://localhost:3001/character/383,344,0,0
1745251871801,1388,Get characters,200,OK,Thread Group 1-298,text,false,"The operation lasted too long: It took 1,388 milliseconds, but should not have lasted longer than 30 milliseconds.",23527,158,896,896,http://localhost:3001/characters,1388,0,0
1745251871802,1389,Get characters,200,OK,Thread Group 1-299,text,false,"The operation lasted too long: It took 1,389 milliseconds, but should not have lasted longer than 30 milliseconds.",23527,158,897,897,http://localhost:3001/characters,1389,0,1
1745251871859,1332,Get characters,200,OK,Thread Group 1-338,text,false,"The operation lasted too long: It took 1,332 milliseconds, but should not have lasted longer than 30 milliseconds.",23527,158,897,897,http://localhost:3001/characters,1332,0,0
1745251871859,1334,Get characters,200,OK,Thread Group 1-331,text,false,"The operation lasted too long: It took 1,334 milliseconds, but should not have lasted longer than 30 milliseconds.",23527,158,898,898,http://localhost:3001/characters,1334,0,0
1745251871804,1390,Get characters,200,OK,Thread Group 1-308,text,false,"The operation lasted too long: It took 1,390 milliseconds, but should not have lasted longer than 30 milliseconds.",23527,158,898,898,http://localhost:3001/characters,1390,0,0
1745251871860,1349,Get characters,200,OK,Thread Group 1-328,text,false,"The operation lasted too long: It took 1,349 milliseconds, but should not have lasted longer than 30 milliseconds.",23527,158,906,906,http://localhost:3001/characters,1349,0,0
1745251871805,1404,Get characters,200,OK,Thread Group 1-301,text,false,"The operation lasted too long: It took 1,404 milliseconds, but should not have lasted longer than 30 milliseconds.",23527,158,906,906,http://localhost:3001/characters,1404,0,0
1745251871860,1350,Get characters,200,OK,Thread Group 1-341,text,false,"The operation lasted too long: It took 1,350 milliseconds, but should not have lasted longer than 30 milliseconds.",23527,158,906,906,http://localhost:3001/characters,1350,0,0
1745251871806,1404,Get characters,200,OK,Thread Group 1-300,text,false,"The operation lasted too long: It took 1,404 milliseconds, but should not have lasted longer than 30 milliseconds.",23527,158,906,906,http://localhost:3001/characters,1404,0,8
1745251871860,1350,Get characters,200,OK,Thread Group 1-332,text,false,"The operation lasted too long: It took 1,350 milliseconds, but should not have lasted longer than 30 milliseconds.",23527,158,907,907,http://localhost:3001/characters,1350,0,1
1745251871860,1356,Get characters,200,OK,Thread Group 1-340,text,false,"The operation lasted too long: It took 1,356 milliseconds, but should not have lasted longer than 30 milliseconds.",23527,158,907,907,http://localhost:3001/characters,1356,0,1
1745251871814,1416,Get characters,200,OK,Thread Group 1-297,text,false,"The operation lasted too long: It took 1,416 milliseconds, but should not have lasted longer than 30 milliseconds.",23527,158,907,907,http://localhost:3001/characters,1415,0,1
1745251872948,290,Update,200,OK,Thread Group 1-144,text,false,"The operation lasted too long: It took 290 milliseconds, but should not have lasted longer than 30 milliseconds.",276,227,920,920,http://localhost:3001/character/465,289,0,0
1745251871815,1424,Get characters,200,OK,Thread Group 1-302,text,false,"The operation lasted too long: It took 1,424 milliseconds, but should not have lasted longer than 30 milliseconds.",23527,158,920,920,http://localhost:3001/characters,1424,0,0
1745251871861,1378,Get characters,200,OK,Thread Group 1-342,text,false,"The operation lasted too long: It took 1,378 milliseconds, but should not have lasted longer than 30 milliseconds.",23527,158,920,920,http://localhost:3001/characters,1378,0,0
1745251871862,1378,Get characters,200,OK,Thread Group 1-344,text,false,"The operation lasted too long: It took 1,378 milliseconds, but should not have lasted longer than 30 milliseconds.",23527,158,921,921,http://localhost:3001/characters,1378,0,0
1745251871816,1427,Get characters,200,OK,Thread Group 1-309,text,false,"The operation lasted too long: It took 1,427 milliseconds, but should not have lasted longer than 30 milliseconds.",23527,158,924,924,http://localhost:3001/characters,1427,0,0
1745251871862,1382,Get characters,200,OK,Thread Group 1-345,text,false,"The operation lasted too long: It took 1,382 milliseconds, but should not have lasted longer than 30 milliseconds.",23527,158,924,924,http://localhost:3001/characters,1382,0,1
1745251871816,1429,Get characters,200,OK,Thread Group 1-303,text,false,"The operation lasted too long: It took 1,429 milliseconds, but should not have lasted longer than 30 milliseconds.",23527,158,925,925,http://localhost:3001/characters,1429,0,1
1745251872857,395,Update,200,OK,Thread Group 1-31,text,false,"The operation lasted too long: It took 395 milliseconds, but should not have lasted longer than 30 milliseconds.",276,227,928,928,http://localhost:3001/character/355,395,0,0
1745251872851,401,Update,200,OK,Thread Group 1-53,text,false,"The operation lasted too long: It took 401 milliseconds, but should not have lasted longer than 30 milliseconds.",276,227,928,928,http://localhost:3001/character/393,401,0,0
1745251872858,395,Update,200,OK,Thread Group 1-10,text,false,"The operation lasted too long: It took 395 milliseconds, but should not have lasted longer than 30 milliseconds.",276,227,928,928,http://localhost:3001/character/356,395,0,0
1745251872846,408,Create,201,Created,Thread Group 1-275,text,false,"The operation lasted too long: It took 408 milliseconds, but should not have lasted longer than 30 milliseconds.",281,224,928,928,http://localhost:3001/character,408,0,0
1745251872856,400,get by ID,200,OK,Thread Group 1-209,text,false,"The operation lasted too long: It took 400 milliseconds, but should not have lasted longer than 30 milliseconds.",276,161,928,928,http://localhost:3001/character/533,400,0,0
1745251872856,400,Update,200,OK,Thread Group 1-98,text,false,"The operation lasted too long: It took 400 milliseconds, but should not have lasted longer than 30 milliseconds.",276,227,928,928,http://localhost:3001/character/351,400,0,0
1745251872855,402,Update,200,OK,Thread Group 1-46,text,false,"The operation lasted too long: It took 402 milliseconds, but should not have lasted longer than 30 milliseconds.",276,227,928,928,http://localhost:3001/character/389,402,0,0
1745251872855,402,Update,200,OK,Thread Group 1-19,text,false,"The operation lasted too long: It took 402 milliseconds, but should not have lasted longer than 30 milliseconds.",276,227,928,928,http://localhost:3001/character/368,402,0,0
1745251872855,402,Update,200,OK,Thread Group 1-113,text,false,"The operation lasted too long: It took 402 milliseconds, but should not have lasted longer than 30 milliseconds.",276,227,928,928,http://localhost:3001/character/380,402,0,0
1745251872854,403,Update,200,OK,Thread Group 1-29,text,false,"The operation lasted too long: It took 403 milliseconds, but should not have lasted longer than 30 milliseconds.",276,227,928,928,http://localhost:3001/character/391,403,0,0
1745251871817,1441,Get characters,200,OK,Thread Group 1-304,text,false,"The operation lasted too long: It took 1,441 milliseconds, but should not have lasted longer than 30 milliseconds.",23569,158,928,928,http://localhost:3001/characters,1441,0,0
1745251872851,408,Update,200,OK,Thread Group 1-107,text,false,"The operation lasted too long: It took 408 milliseconds, but should not have lasted longer than 30 milliseconds.",276,227,928,928,http://localhost:3001/character/381,408,0,0
1745251872849,410,Update,200,OK,Thread Group 1-99,text,false,"The operation lasted too long: It took 410 milliseconds, but should not have lasted longer than 30 milliseconds.",276,227,928,928,http://localhost:3001/character/369,410,0,0
1745251872848,411,Update,200,OK,Thread Group 1-12,text,false,"The operation lasted too long: It took 411 milliseconds, but should not have lasted longer than 30 milliseconds.",276,227,928,928,http://localhost:3001/character/350,411,0,0
1745251872846,414,Update,200,OK,Thread Group 1-30,text,false,"The operation lasted too long: It took 414 milliseconds, but should not have lasted longer than 30 milliseconds.",276,227,928,928,http://localhost:3001/character/382,414,0,0
1745251872858,402,Update,200,OK,Thread Group 1-18,text,false,"The operation lasted too long: It took 402 milliseconds, but should not have lasted longer than 30 milliseconds.",276,227,928,928,http://localhost:3001/character/387,402,0,0
1745251872955,308,Update,200,OK,Thread Group 1-148,text,false,"The operation lasted too long: It took 308 milliseconds, but should not have lasted longer than 30 milliseconds.",276,227,929,929,http://localhost:3001/character/463,308,0,0
1745251872873,391,Update,200,OK,Thread Group 1-83,text,false,"The operation lasted too long: It took 391 milliseconds, but should not have lasted longer than 30 milliseconds.",276,227,929,929,http://localhost:3001/character/398,391,0,0
1745251872858,406,Update,200,OK,Thread Group 1-102,text,false,"The operation lasted too long: It took 406 milliseconds, but should not have lasted longer than 30 milliseconds.",276,227,929,929,http://localhost:3001/character/349,406,0,0
1745251872871,394,Create,201,Created,Thread Group 1-278,text,false,"The operation lasted too long: It took 394 milliseconds, but should not have lasted longer than 30 milliseconds.",281,224,929,929,http://localhost:3001/character,394,0,0
1745251871856,1409,Get characters,200,OK,Thread Group 1-327,text,false,"The operation lasted too long: It took 1,409 milliseconds, but should not have lasted longer than 30 milliseconds.",23527,158,929,929,http://localhost:3001/characters,1332,0,1
1745251872870,396,Create,201,Created,Thread Group 1-279,text,false,"The operation lasted too long: It took 396 milliseconds, but should not have lasted longer than 30 milliseconds.",281,224,929,929,http://localhost:3001/character,396,0,0
1745251872869,401,Update,200,OK,Thread Group 1-67,text,false,"The operation lasted too long: It took 401 milliseconds, but should not have lasted longer than 30 milliseconds.",276,227,929,929,http://localhost:3001/character/392,401,0,0
1745251872869,403,Update,200,OK,Thread Group 1-26,text,false,"The operation lasted too long: It took 403 milliseconds, but should not have lasted longer than 30 milliseconds.",276,227,929,929,http://localhost:3001/character/386,403,0,0
1745251872866,407,Update,200,OK,Thread Group 1-84,text,false,"The operation lasted too long: It took 407 milliseconds, but should not have lasted longer than 30 milliseconds.",276,227,929,929,http://localhost:3001/character/384,407,0,0
1745251872867,406,Update,200,OK,Thread Group 1-34,text,false,"The operation lasted too long: It took 406 milliseconds, but should not have lasted longer than 30 milliseconds.",276,227,929,929,http://localhost:3001/character/379,406,0,0
1745251872868,405,get by ID,200,OK,Thread Group 1-205,text,false,"The operation lasted too long: It took 405 milliseconds, but should not have lasted longer than 30 milliseconds.",276,161,929,929,http://localhost:3001/character/536,405,0,0
1745251872866,408,get by ID,200,OK,Thread Group 1-207,text,false,"The operation lasted too long: It took 408 milliseconds, but should not have lasted longer than 30 milliseconds.",276,161,929,929,http://localhost:3001/character/534,408,0,0
1745251872861,413,Update,200,OK,Thread Group 1-42,text,false,"The operation lasted too long: It took 413 milliseconds, but should not have lasted longer than 30 milliseconds.",276,227,929,929,http://localhost:3001/character/358,413,0,0
1745251872866,408,Update,200,OK,Thread Group 1-88,text,false,"The operation lasted too long: It took 408 milliseconds, but should not have lasted longer than 30 milliseconds.",276,227,929,929,http://localhost:3001/character/385,408,0,0
1745251872864,410,Update,200,OK,Thread Group 1-85,text,false,"The operation lasted too long: It took 410 milliseconds, but should not have lasted longer than 30 milliseconds.",276,227,929,929,http://localhost:3001/character/357,410,0,0
1745251872863,412,get by ID,200,OK,Thread Group 1-206,text,false,"The operation lasted too long: It took 412 milliseconds, but should not have lasted longer than 30 milliseconds.",276,161,929,929,http://localhost:3001/character/535,412,0,0
1745251872859,416,Update,200,OK,Thread Group 1-73,text,false,"The operation lasted too long: It took 416 milliseconds, but should not have lasted longer than 30 milliseconds.",276,227,929,929,http://localhost:3001/character/347,416,0,0
1745251872859,416,Update,200,OK,Thread Group 1-68,text,false,"The operation lasted too long: It took 416 milliseconds, but should not have lasted longer than 30 milliseconds.",276,227,929,929,http://localhost:3001/character/348,416,0,0
1745251872858,417,Update,200,OK,Thread Group 1-13,text,false,"The operation lasted too long: It took 417 milliseconds, but should not have lasted longer than 30 milliseconds.",276,227,929,929,http://localhost:3001/character/378,417,0,0
1745251872874,401,Update,200,OK,Thread Group 1-28,text,false,"The operation lasted too long: It took 401 milliseconds, but should not have lasted longer than 30 milliseconds.",276,227,929,929,http://localhost:3001/character/396,401,0,0
1745251872903,373,Update,200,OK,Thread Group 1-78,text,false,"The operation lasted too long: It took 373 milliseconds, but should not have lasted longer than 30 milliseconds.",276,227,929,929,http://localhost:3001/character/395,373,0,0
1745251872874,402,Update,200,OK,Thread Group 1-66,text,false,"The operation lasted too long: It took 402 milliseconds, but should not have lasted longer than 30 milliseconds.",276,227,929,929,http://localhost:3001/character/407,402,0,0
1745251872904,372,Update,200,OK,Thread Group 1-72,text,false,"The operation lasted too long: It took 372 milliseconds, but should not have lasted longer than 30 milliseconds.",276,227,929,929,http://localhost:3001/character/409,372,0,0
1745251872904,372,Update,200,OK,Thread Group 1-94,text,false,"The operation lasted too long: It took 372 milliseconds, but should not have lasted longer than 30 milliseconds.",276,227,929,929,http://localhost:3001/character/410,372,0,0
1745251872874,402,Create,201,Created,Thread Group 1-277,text,false,"The operation lasted too long: It took 402 milliseconds, but should not have lasted longer than 30 milliseconds.",281,224,929,929,http://localhost:3001/character,402,0,0
1745251872873,404,Update,200,OK,Thread Group 1-56,text,false,"The operation lasted too long: It took 404 milliseconds, but should not have lasted longer than 30 milliseconds.",276,227,929,929,http://localhost:3001/character/397,404,0,0
1745251872885,392,get by ID,200,OK,Thread Group 1-201,text,false,"The operation lasted too long: It took 392 milliseconds, but should not have lasted longer than 30 milliseconds.",276,161,929,929,http://localhost:3001/character/538,392,0,0
1745251872901,376,get by ID,200,OK,Thread Group 1-203,text,false,"The operation lasted too long: It took 376 milliseconds, but should not have lasted longer than 30 milliseconds.",276,161,929,929,http://localhost:3001/character/540,376,0,0
1745251872902,376,Update,200,OK,Thread Group 1-52,text,false,"The operation lasted too long: It took 376 milliseconds, but should not have lasted longer than 30 milliseconds.",276,227,930,930,http://localhost:3001/character/400,376,0,0
1745251872887,391,Update,200,OK,Thread Group 1-115,text,false,"The operation lasted too long: It took 391 milliseconds, but should not have lasted longer than 30 milliseconds.",276,227,930,930,http://localhost:3001/character/401,391,0,0
1745251872899,379,get by ID,200,OK,Thread Group 1-208,text,false,"The operation lasted too long: It took 379 milliseconds, but should not have lasted longer than 30 milliseconds.",276,161,930,930,http://localhost:3001/character/539,379,0,0
1745251872900,379,Update,200,OK,Thread Group 1-36,text,false,"The operation lasted too long: It took 379 milliseconds, but should not have lasted longer than 30 milliseconds.",276,227,930,930,http://localhost:3001/character/402,379,0,0
1745251872886,393,Update,200,OK,Thread Group 1-37,text,false,"The operation lasted too long: It took 393 milliseconds, but should not have lasted longer than 30 milliseconds.",276,227,930,930,http://localhost:3001/character/399,393,0,0
1745251872884,395,Update,200,OK,Thread Group 1-91,text,false,"The operation lasted too long: It took 395 milliseconds, but should not have lasted longer than 30 milliseconds.",276,227,930,930,http://localhost:3001/character/405,395,0,0
1745251872882,397,Update,200,OK,Thread Group 1-62,text,false,"The operation lasted too long: It took 397 milliseconds, but should not have lasted longer than 30 milliseconds.",276,227,930,930,http://localhost:3001/character/406,397,0,0
1745251872883,396,get by ID,200,OK,Thread Group 1-199,text,false,"The operation lasted too long: It took 396 milliseconds, but should not have lasted longer than 30 milliseconds.",276,161,930,930,http://localhost:3001/character/537,396,0,0
1745251872884,395,Update,200,OK,Thread Group 1-90,text,false,"The operation lasted too long: It took 395 milliseconds, but should not have lasted longer than 30 milliseconds.",276,227,930,930,http://localhost:3001/character/404,395,0,0
1745251872881,398,Update,200,OK,Thread Group 1-8,text,false,"The operation lasted too long: It took 398 milliseconds, but should not have lasted longer than 30 milliseconds.",276,227,930,930,http://localhost:3001/character/394,398,0,0
1745251872919,360,Update,200,OK,Thread Group 1-25,text,false,"The operation lasted too long: It took 360 milliseconds, but should not have lasted longer than 30 milliseconds.",276,227,930,930,http://localhost:3001/character/424,360,0,0
1745251872881,398,Create,201,Created,Thread Group 1-280,text,false,"The operation lasted too long: It took 398 milliseconds, but should not have lasted longer than 30 milliseconds.",281,224,930,930,http://localhost:3001/character,398,0,0
1745251872922,358,Update,200,OK,Thread Group 1-20,text,false,"The operation lasted too long: It took 358 milliseconds, but should not have lasted longer than 30 milliseconds.",276,227,930,930,http://localhost:3001/character/440,358,0,0
1745251872919,361,Update,200,OK,Thread Group 1-3,text,false,"The operation lasted too long: It took 361 milliseconds, but should not have lasted longer than 30 milliseconds.",276,227,930,930,http://localhost:3001/character/416,361,0,0
1745251872922,358,Update,200,OK,Thread Group 1-9,text,false,"The operation lasted too long: It took 358 milliseconds, but should not have lasted longer than 30 milliseconds.",276,227,930,930,http://localhost:3001/character/451,358,0,0
1745251872917,363,Update,200,OK,Thread Group 1-38,text,false,"The operation lasted too long: It took 363 milliseconds, but should not have lasted longer than 30 milliseconds.",276,227,930,930,http://localhost:3001/character/423,363,0,0
1745251872918,363,Update,200,OK,Thread Group 1-27,text,false,"The operation lasted too long: It took 363 milliseconds, but should not have lasted longer than 30 milliseconds.",276,227,930,930,http://localhost:3001/character/413,363,0,0
1745251872918,363,Update,200,OK,Thread Group 1-92,text,false,"The operation lasted too long: It took 363 milliseconds, but should not have lasted longer than 30 milliseconds.",276,227,930,930,http://localhost:3001/character/418,363,0,0
1745251872918,363,Update,200,OK,Thread Group 1-63,text,false,"The operation lasted too long: It took 363 milliseconds, but should not have lasted longer than 30 milliseconds.",276,227,930,930,http://localhost:3001/character/417,363,0,0
1745251872918,363,Update,200,OK,Thread Group 1-44,text,false,"The operation lasted too long: It took 363 milliseconds, but should not have lasted longer than 30 milliseconds.",276,227,931,931,http://localhost:3001/character/415,363,0,0
1745251872917,365,Update,200,OK,Thread Group 1-109,text,false,"The operation lasted too long: It took 365 milliseconds, but should not have lasted longer than 30 milliseconds.",276,227,931,931,http://localhost:3001/character/412,365,0,0
1745251872917,365,get by ID,200,OK,Thread Group 1-273,text,false,"The operation lasted too long: It took 365 milliseconds, but should not have lasted longer than 30 milliseconds.",276,161,931,931,http://localhost:3001/character/544,365,0,0
1745251872930,353,Update,200,OK,Thread Group 1-100,text,false,"The operation lasted too long: It took 353 milliseconds, but should not have lasted longer than 30 milliseconds.",276,227,931,931,http://localhost:3001/character/428,353,0,0
1745251872923,361,Update,200,OK,Thread Group 1-106,text,false,"The operation lasted too long: It took 361 milliseconds, but should not have lasted longer than 30 milliseconds.",276,227,931,931,http://localhost:3001/character/426,361,0,0
1745251872916,369,get by ID,200,OK,Thread Group 1-267,text,false,"The operation lasted too long: It took 369 milliseconds, but should not have lasted longer than 30 milliseconds.",276,161,931,931,http://localhost:3001/character/543,369,0,0
1745251872929,357,Update,200,OK,Thread Group 1-111,text,false,"The operation lasted too long: It took 357 milliseconds, but should not have lasted longer than 30 milliseconds.",276,227,931,931,http://localhost:3001/character/431,357,0,0
1745251872916,371,Update,200,OK,Thread Group 1-93,text,false,"The operation lasted too long: It took 371 milliseconds, but should not have lasted longer than 30 milliseconds.",276,227,931,931,http://localhost:3001/character/411,371,0,0
1745251872928,360,Update,200,OK,Thread Group 1-70,text,false,"The operation lasted too long: It took 360 milliseconds, but should not have lasted longer than 30 milliseconds.",276,227,931,931,http://localhost:3001/character/438,360,0,0
1745251872915,373,get by ID,200,OK,Thread Group 1-195,text,false,"The operation lasted too long: It took 373 milliseconds, but should not have lasted longer than 30 milliseconds.",276,161,931,931,http://localhost:3001/character/542,373,0,0
1745251872927,361,Update,200,OK,Thread Group 1-76,text,false,"The operation lasted too long: It took 361 milliseconds, but should not have lasted longer than 30 milliseconds.",276,227,931,931,http://localhost:3001/character/414,361,0,0
1745251872915,373,get by ID,200,OK,Thread Group 1-269,text,false,"The operation lasted too long: It took 373 milliseconds, but should not have lasted longer than 30 milliseconds.",276,161,931,931,http://localhost:3001/character/541,373,0,0
1745251872934,355,Update,200,OK,Thread Group 1-141,text,false,"The operation lasted too long: It took 355 milliseconds, but should not have lasted longer than 30 milliseconds.",276,227,931,931,http://localhost:3001/character/456,355,0,0
1745251872935,354,Update,200,OK,Thread Group 1-143,text,false,"The operation lasted too long: It took 354 milliseconds, but should not have lasted longer than 30 milliseconds.",276,227,932,932,http://localhost:3001/character/455,354,0,0
1745251872922,367,Update,200,OK,Thread Group 1-61,text,false,"The operation lasted too long: It took 367 milliseconds, but should not have lasted longer than 30 milliseconds.",276,227,932,932,http://localhost:3001/character/420,367,0,0
1745251872934,355,Update,200,OK,Thread Group 1-122,text,false,"The operation lasted too long: It took 355 milliseconds, but should not have lasted longer than 30 milliseconds.",276,227,932,932,http://localhost:3001/character/454,355,0,0
1745251872923,367,Update,200,OK,Thread Group 1-64,text,false,"The operation lasted too long: It took 367 milliseconds, but should not have lasted longer than 30 milliseconds.",276,227,932,932,http://localhost:3001/character/427,367,0,0
1745251872922,368,Update,200,OK,Thread Group 1-22,text,false,"The operation lasted too long: It took 368 milliseconds, but should not have lasted longer than 30 milliseconds.",276,227,932,932,http://localhost:3001/character/419,368,0,0
1745251872923,367,Update,200,OK,Thread Group 1-60,text,false,"The operation lasted too long: It took 367 milliseconds, but should not have lasted longer than 30 milliseconds.",276,227,932,932,http://localhost:3001/character/425,367,0,0
1745251872924,366,Update,200,OK,Thread Group 1-6,text,false,"The operation lasted too long: It took 366 milliseconds, but should not have lasted longer than 30 milliseconds.",276,227,932,932,http://localhost:3001/character/429,366,0,0
1745251872905,385,Update,200,OK,Thread Group 1-77,text,false,"The operation lasted too long: It took 385 milliseconds, but should not have lasted longer than 30 milliseconds.",276,227,932,932,http://localhost:3001/character/408,385,0,0
1745251872933,358,Update,200,OK,Thread Group 1-140,text,false,"The operation lasted too long: It took 358 milliseconds, but should not have lasted longer than 30 milliseconds.",276,227,933,933,http://localhost:3001/character/446,358,0,0
1745251872926,365,Update,200,OK,Thread Group 1-45,text,false,"The operation lasted too long: It took 365 milliseconds, but should not have lasted longer than 30 milliseconds.",276,227,933,933,http://localhost:3001/character/422,365,0,0
1745251872948,343,Update,200,OK,Thread Group 1-139,text,false,"The operation lasted too long: It took 343 milliseconds, but should not have lasted longer than 30 milliseconds.",276,227,933,933,http://localhost:3001/character/443,343,0,0
1745251872933,359,Update,200,OK,Thread Group 1-128,text,false,"The operation lasted too long: It took 359 milliseconds, but should not have lasted longer than 30 milliseconds.",276,227,933,933,http://localhost:3001/character/460,359,0,0
1745251872932,360,Update,200,OK,Thread Group 1-40,text,false,"The operation lasted too long: It took 360 milliseconds, but should not have lasted longer than 30 milliseconds.",276,227,933,933,http://localhost:3001/character/432,360,0,0
1745251872947,346,Update,200,OK,Thread Group 1-135,text,false,"The operation lasted too long: It took 346 milliseconds, but should not have lasted longer than 30 milliseconds.",276,227,933,933,http://localhost:3001/character/479,345,0,0
1745251872950,343,Update,200,OK,Thread Group 1-142,text,false,"The operation lasted too long: It took 343 milliseconds, but should not have lasted longer than 30 milliseconds.",276,227,933,933,http://localhost:3001/character/449,343,0,0
1745251872952,341,Update,200,OK,Thread Group 1-14,text,false,"The operation lasted too long: It took 341 milliseconds, but should not have lasted longer than 30 milliseconds.",276,227,933,933,http://localhost:3001/character/448,341,0,0
1745251872954,339,Update,200,OK,Thread Group 1-154,text,false,"The operation lasted too long: It took 339 milliseconds, but should not have lasted longer than 30 milliseconds.",276,227,933,933,http://localhost:3001/character/478,339,0,0
1745251872951,342,Update,200,OK,Thread Group 1-119,text,false,"The operation lasted too long: It took 342 milliseconds, but should not have lasted longer than 30 milliseconds.",276,227,933,933,http://localhost:3001/character/450,342,0,0
1745251872954,339,Update,200,OK,Thread Group 1-39,text,false,"The operation lasted too long: It took 339 milliseconds, but should not have lasted longer than 30 milliseconds.",276,227,933,933,http://localhost:3001/character/447,339,0,0
1745251872947,346,Update,200,OK,Thread Group 1-134,text,false,"The operation lasted too long: It took 346 milliseconds, but should not have lasted longer than 30 milliseconds.",276,227,933,933,http://localhost:3001/character/484,346,0,0
1745251872952,342,Update,200,OK,Thread Group 1-125,text,false,"The operation lasted too long: It took 342 milliseconds, but should not have lasted longer than 30 milliseconds.",276,227,933,933,http://localhost:3001/character/461,342,0,0
1745251872948,346,Update,200,OK,Thread Group 1-132,text,false,"The operation lasted too long: It took 346 milliseconds, but should not have lasted longer than 30 milliseconds.",276,227,933,933,http://localhost:3001/character/481,346,0,0
1745251872953,341,Update,200,OK,Thread Group 1-164,text,false,"The operation lasted too long: It took 341 milliseconds, but should not have lasted longer than 30 milliseconds.",276,227,933,933,http://localhost:3001/character/493,341,0,0
1745251872953,341,Update,200,OK,Thread Group 1-131,text,false,"The operation lasted too long: It took 341 milliseconds, but should not have lasted longer than 30 milliseconds.",276,227,933,933,http://localhost:3001/character/477,341,0,0
1745251872948,347,Update,200,OK,Thread Group 1-127,text,false,"The operation lasted too long: It took 347 milliseconds, but should not have lasted longer than 30 milliseconds.",276,227,933,933,http://localhost:3001/character/466,347,0,0
1745251872932,363,Update,200,OK,Thread Group 1-110,text,false,"The operation lasted too long: It took 363 milliseconds, but should not have lasted longer than 30 milliseconds.",276,227,933,933,http://localhost:3001/character/430,363,0,0
1745251872955,340,Update,200,OK,Thread Group 1-145,text,false,"The operation lasted too long: It took 340 milliseconds, but should not have lasted longer than 30 milliseconds.",276,227,933,933,http://localhost:3001/character/464,340,0,0
1745251872938,358,Update,200,OK,Thread Group 1-48,text,false,"The operation lasted too long: It took 358 milliseconds, but should not have lasted longer than 30 milliseconds.",276,227,933,933,http://localhost:3001/character/445,358,0,0
1745251872938,358,Update,200,OK,Thread Group 1-4,text,false,"The operation lasted too long: It took 358 milliseconds, but should not have lasted longer than 30 milliseconds.",276,227,933,933,http://localhost:3001/character/437,358,0,0
1745251872947,349,Update,200,OK,Thread Group 1-149,text,false,"The operation lasted too long: It took 349 milliseconds, but should not have lasted longer than 30 milliseconds.",276,227,933,933,http://localhost:3001/character/462,349,0,0
1745251872937,359,Update,200,OK,Thread Group 1-116,text,false,"The operation lasted too long: It took 359 milliseconds, but should not have lasted longer than 30 milliseconds.",276,227,933,933,http://localhost:3001/character/421,359,0,0
1745251872951,345,Update,200,OK,Thread Group 1-151,text,false,"The operation lasted too long: It took 345 milliseconds, but should not have lasted longer than 30 milliseconds.",276,227,933,933,http://localhost:3001/character/474,345,0,0
1745251872947,349,Update,200,OK,Thread Group 1-155,text,false,"The operation lasted too long: It took 349 milliseconds, but should not have lasted longer than 30 milliseconds.",276,227,933,933,http://localhost:3001/character/482,349,0,0
1745251872931,366,Update,200,OK,Thread Group 1-75,text,false,"The operation lasted too long: It took 366 milliseconds, but should not have lasted longer than 30 milliseconds.",276,227,933,933,http://localhost:3001/character/434,366,0,0
1745251872936,361,Update,200,OK,Thread Group 1-121,text,false,"The operation lasted too long: It took 361 milliseconds, but should not have lasted longer than 30 milliseconds.",276,227,933,933,http://localhost:3001/character/452,361,0,0
1745251872935,362,Update,200,OK,Thread Group 1-35,text,false,"The operation lasted too long: It took 362 milliseconds, but should not have lasted longer than 30 milliseconds.",276,227,933,933,http://localhost:3001/character/453,362,0,0
1745251872942,355,Update,200,OK,Thread Group 1-86,text,false,"The operation lasted too long: It took 355 milliseconds, but should not have lasted longer than 30 milliseconds.",276,227,933,933,http://localhost:3001/character/436,355,0,0
1745251872971,352,Update,200,OK,Thread Group 1-157,text,false,"The operation lasted too long: It took 352 milliseconds, but should not have lasted longer than 30 milliseconds.",276,227,953,953,http://localhost:3001/character/486,352,0,0
1745251871863,1461,Get characters,200,OK,Thread Group 1-350,text,false,"The operation lasted too long: It took 1,461 milliseconds, but should not have lasted longer than 30 milliseconds.",23527,158,953,953,http://localhost:3001/characters,1383,0,1
1745251872936,388,Update,200,OK,Thread Group 1-23,text,false,"The operation lasted too long: It took 388 milliseconds, but should not have lasted longer than 30 milliseconds.",276,227,953,953,http://localhost:3001/character/439,388,0,0
1745251872949,376,Update,200,OK,Thread Group 1-103,text,false,"The operation lasted too long: It took 376 milliseconds, but should not have lasted longer than 30 milliseconds.",276,227,953,953,http://localhost:3001/character/442,376,0,0
1745251871816,1512,Get characters,200,OK,Thread Group 1-305,text,false,"The operation lasted too long: It took 1,512 milliseconds, but should not have lasted longer than 30 milliseconds.",23527,158,959,959,http://localhost:3001/characters,1437,0,1
1745251871864,1464,Get characters,200,OK,Thread Group 1-351,text,false,"The operation lasted too long: It took 1,464 milliseconds, but should not have lasted longer than 30 milliseconds.",23527,158,959,959,http://localhost:3001/characters,1392,0,0
1745251872946,383,Update,200,OK,Thread Group 1-147,text,false,"The operation lasted too long: It took 383 milliseconds, but should not have lasted longer than 30 milliseconds.",276,227,959,959,http://localhost:3001/character/459,383,0,0
1745251872970,361,Update,200,OK,Thread Group 1-150,text,false,"The operation lasted too long: It took 361 milliseconds, but should not have lasted longer than 30 milliseconds.",276,227,959,959,http://localhost:3001/character/470,361,0,0
1745251872947,385,Update,200,OK,Thread Group 1-120,text,false,"The operation lasted too long: It took 385 milliseconds, but should not have lasted longer than 30 milliseconds.",276,227,959,959,http://localhost:3001/character/457,385,0,0
1745251872950,383,Update,200,OK,Thread Group 1-5,text,false,"The operation lasted too long: It took 383 milliseconds, but should not have lasted longer than 30 milliseconds.",276,227,959,959,http://localhost:3001/character/444,383,0,0
1745251872946,388,Update,200,OK,Thread Group 1-126,text,false,"The operation lasted too long: It took 388 milliseconds, but should not have lasted longer than 30 milliseconds.",276,227,959,959,http://localhost:3001/character/458,388,0,0
1745251872950,385,Update,200,OK,Thread Group 1-167,text,false,"The operation lasted too long: It took 385 milliseconds, but should not have lasted longer than 30 milliseconds.",276,227,959,959,http://localhost:3001/character/499,385,0,0
1745251872946,391,Update,200,OK,Thread Group 1-161,text,false,"The operation lasted too long: It took 391 milliseconds, but should not have lasted longer than 30 milliseconds.",276,227,959,959,http://localhost:3001/character/488,391,0,0
1745251872978,359,Update,200,OK,Thread Group 1-176,text,false,"The operation lasted too long: It took 359 milliseconds, but should not have lasted longer than 30 milliseconds.",276,227,959,959,http://localhost:3001/character/515,359,0,0
1745251872978,359,Update,200,OK,Thread Group 1-196,text,false,"The operation lasted too long: It took 359 milliseconds, but should not have lasted longer than 30 milliseconds.",276,227,959,959,http://localhost:3001/character/511,359,0,0
1745251872945,392,Update,200,OK,Thread Group 1-65,text,false,"The operation lasted too long: It took 392 milliseconds, but should not have lasted longer than 30 milliseconds.",276,227,959,959,http://localhost:3001/character/433,392,0,0
1745251872977,361,Update,200,OK,Thread Group 1-175,text,false,"The operation lasted too long: It took 361 milliseconds, but should not have lasted longer than 30 milliseconds.",276,227,959,959,http://localhost:3001/character/512,361,0,0
1745251872976,362,Update,200,OK,Thread Group 1-184,text,false,"The operation lasted too long: It took 362 milliseconds, but should not have lasted longer than 30 milliseconds.",276,227,959,959,http://localhost:3001/character/500,362,0,0
1745251872944,394,Update,200,OK,Thread Group 1-152,text,false,"The operation lasted too long: It took 394 milliseconds, but should not have lasted longer than 30 milliseconds.",276,227,959,959,http://localhost:3001/character/476,394,0,0
1745251872974,365,Update,200,OK,Thread Group 1-129,text,false,"The operation lasted too long: It took 365 milliseconds, but should not have lasted longer than 30 milliseconds.",276,227,959,959,http://localhost:3001/character/471,365,0,0
1745251872975,364,Update,200,OK,Thread Group 1-170,text,false,"The operation lasted too long: It took 364 milliseconds, but should not have lasted longer than 30 milliseconds.",276,227,959,959,http://localhost:3001/character/498,364,0,0
1745251873031,308,Create,201,Created,Thread Group 1-284,text,false,"The operation lasted too long: It took 308 milliseconds, but should not have lasted longer than 30 milliseconds.",281,224,959,959,http://localhost:3001/character,308,0,0
1745251872963,377,Update,200,OK,Thread Group 1-146,text,false,"The operation lasted too long: It took 377 milliseconds, but should not have lasted longer than 30 milliseconds.",276,227,959,959,http://localhost:3001/character/468,377,0,0
1745251872964,376,Update,200,OK,Thread Group 1-160,text,false,"The operation lasted too long: It took 376 milliseconds, but should not have lasted longer than 30 milliseconds.",276,227,959,959,http://localhost:3001/character/487,376,0,0
1745251872961,379,Update,200,OK,Thread Group 1-133,text,false,"The operation lasted too long: It took 379 milliseconds, but should not have lasted longer than 30 milliseconds.",276,227,959,959,http://localhost:3001/character/475,379,0,0
1745251873019,322,Delete,200,OK,Thread Group 1-104,text,false,"The operation lasted too long: It took 322 milliseconds, but should not have lasted longer than 30 milliseconds.",293,183,959,959,http://localhost:3001/character/332,322,0,0
1745251873019,322,Update,200,OK,Thread Group 1-216,text,false,"The operation lasted too long: It took 322 milliseconds, but should not have lasted longer than 30 milliseconds.",276,227,959,959,http://localhost:3001/character/527,322,0,0
1745251872978,363,Update,200,OK,Thread Group 1-177,text,false,"The operation lasted too long: It took 363 milliseconds, but should not have lasted longer than 30 milliseconds.",276,227,959,959,http://localhost:3001/character/516,363,0,0
1745251873000,342,get by ID,200,OK,Thread Group 1-266,text,false,"The operation lasted too long: It took 342 milliseconds, but should not have lasted longer than 30 milliseconds.",276,161,959,959,http://localhost:3001/character/547,342,0,0
1745251873019,323,Update,200,OK,Thread Group 1-219,text,false,"The operation lasted too long: It took 323 milliseconds, but should not have lasted longer than 30 milliseconds.",276,227,958,958,http://localhost:3001/character/526,323,0,0
1745251872969,374,Update,200,OK,Thread Group 1-153,text,false,"The operation lasted too long: It took 374 milliseconds, but should not have lasted longer than 30 milliseconds.",276,227,959,959,http://localhost:3001/character/472,374,0,0
1745251872999,344,Delete,200,OK,Thread Group 1-97,text,false,"The operation lasted too long: It took 344 milliseconds, but should not have lasted longer than 30 milliseconds.",293,183,959,959,http://localhost:3001/character/354,344,0,0
1745251873019,335,Update,200,OK,Thread Group 1-214,text,false,"The operation lasted too long: It took 335 milliseconds, but should not have lasted longer than 30 milliseconds.",276,227,965,965,http://localhost:3001/character/528,335,0,0
1745251872969,385,Update,200,OK,Thread Group 1-130,text,false,"The operation lasted too long: It took 385 milliseconds, but should not have lasted longer than 30 milliseconds.",276,227,965,965,http://localhost:3001/character/473,385,0,0
1745251872999,356,get by ID,200,OK,Thread Group 1-268,text,false,"The operation lasted too long: It took 356 milliseconds, but should not have lasted longer than 30 milliseconds.",276,161,965,965,http://localhost:3001/character/546,356,0,0
1745251873018,337,Update,200,OK,Thread Group 1-212,text,false,"The operation lasted too long: It took 337 milliseconds, but should not have lasted longer than 30 milliseconds.",276,227,965,965,http://localhost:3001/character/529,337,0,0
1745251872968,387,Update,200,OK,Thread Group 1-136,text,false,"The operation lasted too long: It took 387 milliseconds, but should not have lasted longer than 30 milliseconds.",276,227,965,965,http://localhost:3001/character/485,387,0,0
1745251872998,357,Update,200,OK,Thread Group 1-181,text,false,"The operation lasted too long: It took 357 milliseconds, but should not have lasted longer than 30 milliseconds.",276,227,965,965,http://localhost:3001/character/525,357,0,0
1745251873018,337,Update,200,OK,Thread Group 1-183,text,false,"The operation lasted too long: It took 337 milliseconds, but should not have lasted longer than 30 milliseconds.",276,227,965,965,http://localhost:3001/character/530,337,0,0
1745251872965,391,Update,200,OK,Thread Group 1-156,text,false,"The operation lasted too long: It took 391 milliseconds, but should not have lasted longer than 30 milliseconds.",276,227,966,966,http://localhost:3001/character/480,391,0,0
1745251872998,358,Update,200,OK,Thread Group 1-221,text,false,"The operation lasted too long: It took 358 milliseconds, but should not have lasted longer than 30 milliseconds.",276,227,966,966,http://localhost:3001/character/518,358,0,0
1745251873018,339,Delete,200,OK,Thread Group 1-16,text,false,"The operation lasted too long: It took 339 milliseconds, but should not have lasted longer than 30 milliseconds.",293,183,966,966,http://localhost:3001/character/343,339,0,0
1745251872965,392,Update,200,OK,Thread Group 1-158,text,false,"The operation lasted too long: It took 392 milliseconds, but should not have lasted longer than 30 milliseconds.",276,227,966,966,http://localhost:3001/character/483,392,0,0
1745251873016,342,Delete,200,OK,Thread Group 1-96,text,false,"The operation lasted too long: It took 342 milliseconds, but should not have lasted longer than 30 milliseconds.",293,183,966,966,http://localhost:3001/character/365,342,0,0
1745251872998,360,Update,200,OK,Thread Group 1-182,text,false,"The operation lasted too long: It took 360 milliseconds, but should not have lasted longer than 30 milliseconds.",276,227,966,966,http://localhost:3001/character/503,360,0,0
1745251872965,394,Update,200,OK,Thread Group 1-124,text,false,"The operation lasted too long: It took 394 milliseconds, but should not have lasted longer than 30 milliseconds.",276,227,965,965,http://localhost:3001/character/469,394,0,0
1745251873015,344,Create,201,Created,Thread Group 1-283,text,false,"The operation lasted too long: It took 344 milliseconds, but should not have lasted longer than 30 milliseconds.",281,224,965,965,http://localhost:3001/character,344,0,0
1745251872965,394,Update,200,OK,Thread Group 1-112,text,false,"The operation lasted too long: It took 394 milliseconds, but should not have lasted longer than 30 milliseconds.",276,227,965,965,http://localhost:3001/character/441,394,0,0
1745251872997,362,Update,200,OK,Thread Group 1-222,text,false,"The operation lasted too long: It took 362 milliseconds, but should not have lasted longer than 30 milliseconds.",276,227,965,965,http://localhost:3001/character/519,362,0,0
1745251873014,345,get by ID,200,OK,Thread Group 1-200,text,false,"The operation lasted too long: It took 345 milliseconds, but should not have lasted longer than 30 milliseconds.",276,161,965,965,http://localhost:3001/character/552,345,0,0
1745251872964,396,Update,200,OK,Thread Group 1-123,text,false,"The operation lasted too long: It took 396 milliseconds, but should not have lasted longer than 30 milliseconds.",276,227,965,965,http://localhost:3001/character/467,396,0,0
1745251873013,347,Update,200,OK,Thread Group 1-55,text,false,"The operation lasted too long: It took 347 milliseconds, but should not have lasted longer than 30 milliseconds.",276,227,965,965,http://localhost:3001/character/403,347,0,0
1745251872997,363,Update,200,OK,Thread Group 1-171,text,false,"The operation lasted too long: It took 363 milliseconds, but should not have lasted longer than 30 milliseconds.",276,227,965,965,http://localhost:3001/character/502,363,0,0
1745251872994,366,Update,200,OK,Thread Group 1-169,text,false,"The operation lasted too long: It took 366 milliseconds, but should not have lasted longer than 30 milliseconds.",276,227,965,965,http://localhost:3001/character/497,366,0,0
1745251873013,347,get by ID,200,OK,Thread Group 1-276,text,false,"The operation lasted too long: It took 347 milliseconds, but should not have lasted longer than 30 milliseconds.",276,161,965,965,http://localhost:3001/character/551,347,0,0
1745251872994,367,Update,200,OK,Thread Group 1-210,text,false,"The operation lasted too long: It took 367 milliseconds, but should not have lasted longer than 30 milliseconds.",276,227,965,965,http://localhost:3001/character/520,367,0,0
1745251872997,364,Update,200,OK,Thread Group 1-187,text,false,"The operation lasted too long: It took 364 milliseconds, but should not have lasted longer than 30 milliseconds.",276,227,965,965,http://localhost:3001/character/507,364,0,0
1745251873027,334,Delete,200,OK,Thread Group 1-117,text,false,"The operation lasted too long: It took 334 milliseconds, but should not have lasted longer than 30 milliseconds.",293,183,965,965,http://localhost:3001/character/341,334,0,0
1745251872984,377,Update,200,OK,Thread Group 1-166,text,false,"The operation lasted too long: It took 377 milliseconds, but should not have lasted longer than 30 milliseconds.",276,227,965,965,http://localhost:3001/character/496,377,0,0
1745251872997,364,Update,200,OK,Thread Group 1-165,text,false,"The operation lasted too long: It took 364 milliseconds, but should not have lasted longer than 30 milliseconds.",276,227,964,964,http://localhost:3001/character/505,364,0,0
1745251872979,383,Delete,200,OK,Thread Group 1-47,text,false,"The operation lasted too long: It took 383 milliseconds, but should not have lasted longer than 30 milliseconds.",293,183,964,964,http://localhost:3001/character/435,383,0,0
1745251873027,335,Delete,200,OK,Thread Group 1-101,text,false,"The operation lasted too long: It took 335 milliseconds, but should not have lasted longer than 30 milliseconds.",293,183,964,964,http://localhost:3001/character/373,335,0,0
1745251872996,367,Update,200,OK,Thread Group 1-202,text,false,"The operation lasted too long: It took 367 milliseconds, but should not have lasted longer than 30 milliseconds.",276,227,962,962,http://localhost:3001/character/513,367,0,0
1745251872983,381,get by ID,200,OK,Thread Group 1-211,text,false,"The operation lasted too long: It took 381 milliseconds, but should not have lasted longer than 30 milliseconds.",276,161,962,962,http://localhost:3001/character/545,381,0,0
1745251872996,369,Update,200,OK,Thread Group 1-172,text,false,"The operation lasted too long: It took 369 milliseconds, but should not have lasted longer than 30 milliseconds.",276,227,962,962,http://localhost:3001/character/501,369,0,0
1745251873026,340,Delete,200,OK,Thread Group 1-108,text,false,"The operation lasted too long: It took 340 milliseconds, but should not have lasted longer than 30 milliseconds.",293,183,962,962,http://localhost:3001/character/361,340,0,0
1745251872982,385,Create,201,Created,Thread Group 1-281,text,false,"The operation lasted too long: It took 385 milliseconds, but should not have lasted longer than 30 milliseconds.",281,224,961,961,http://localhost:3001/character,385,0,0
1745251872995,373,Update,200,OK,Thread Group 1-173,text,false,"The operation lasted too long: It took 373 milliseconds, but should not have lasted longer than 30 milliseconds.",276,227,961,961,http://localhost:3001/character/510,373,0,0
1745251873025,343,Delete,200,OK,Thread Group 1-24,text,false,"The operation lasted too long: It took 343 milliseconds, but should not have lasted longer than 30 milliseconds.",293,183,961,961,http://localhost:3001/character/340,343,0,0
1745251872981,388,Update,200,OK,Thread Group 1-138,text,false,"The operation lasted too long: It took 388 milliseconds, but should not have lasted longer than 30 milliseconds.",276,227,960,960,http://localhost:3001/character/489,388,0,0
1745251872995,374,Update,200,OK,Thread Group 1-189,text,false,"The operation lasted too long: It took 374 milliseconds, but should not have lasted longer than 30 milliseconds.",276,227,960,960,http://localhost:3001/character/508,374,0,0
1745251872980,390,Update,200,OK,Thread Group 1-162,text,false,"The operation lasted too long: It took 390 milliseconds, but should not have lasted longer than 30 milliseconds.",276,227,960,960,http://localhost:3001/character/494,390,0,0
1745251873025,345,Update,200,OK,Thread Group 1-178,text,false,"The operation lasted too long: It took 345 milliseconds, but should not have lasted longer than 30 milliseconds.",276,227,960,960,http://localhost:3001/character/532,345,0,0
1745251872995,375,Update,200,OK,Thread Group 1-185,text,false,"The operation lasted too long: It took 375 milliseconds, but should not have lasted longer than 30 milliseconds.",276,227,960,960,http://localhost:3001/character/504,375,0,0
1745251872980,391,Update,200,OK,Thread Group 1-168,text,false,"The operation lasted too long: It took 391 milliseconds, but should not have lasted longer than 30 milliseconds.",276,227,960,960,http://localhost:3001/character/495,391,0,0
1745251873024,347,Delete,200,OK,Thread Group 1-59,text,false,"The operation lasted too long: It took 347 milliseconds, but should not have lasted longer than 30 milliseconds.",293,183,960,960,http://localhost:3001/character/366,347,0,0
1745251872995,377,Update,200,OK,Thread Group 1-186,text,false,"The operation lasted too long: It took 377 milliseconds, but should not have lasted longer than 30 milliseconds.",276,227,959,959,http://localhost:3001/character/509,377,0,0
1745251872979,393,Update,200,OK,Thread Group 1-159,text,false,"The operation lasted too long: It took 393 milliseconds, but should not have lasted longer than 30 milliseconds.",276,227,959,959,http://localhost:3001/character/491,393,0,0
1745251873012,361,get by ID,200,OK,Thread Group 1-198,text,false,"The operation lasted too long: It took 361 milliseconds, but should not have lasted longer than 30 milliseconds.",276,161,959,959,http://localhost:3001/character/549,361,0,0
1745251873024,349,Delete,200,OK,Thread Group 1-80,text,false,"The operation lasted too long: It took 349 milliseconds, but should not have lasted longer than 30 milliseconds.",293,183,959,959,http://localhost:3001/character/367,349,0,0
1745251872979,394,Update,200,OK,Thread Group 1-163,text,false,"The operation lasted too long: It took 394 milliseconds, but should not have lasted longer than 30 milliseconds.",276,227,958,958,http://localhost:3001/character/492,394,0,0
1745251873012,362,get by ID,200,OK,Thread Group 1-194,text,false,"The operation lasted too long: It took 362 milliseconds, but should not have lasted longer than 30 milliseconds.",276,161,958,958,http://localhost:3001/character/550,362,0,0
1745251873006,368,get by ID,200,OK,Thread Group 1-265,text,false,"The operation lasted too long: It took 368 milliseconds, but should not have lasted longer than 30 milliseconds.",276,161,958,958,http://localhost:3001/character/548,368,0,0
1745251873023,351,Delete,200,OK,Thread Group 1-114,text,false,"The operation lasted too long: It took 351 milliseconds, but should not have lasted longer than 30 milliseconds.",293,183,958,958,http://localhost:3001/character/342,351,0,0
1745251872979,395,Update,200,OK,Thread Group 1-174,text,false,"The operation lasted too long: It took 395 milliseconds, but should not have lasted longer than 30 milliseconds.",276,227,958,958,http://localhost:3001/character/506,395,0,0
1745251873002,373,Update,200,OK,Thread Group 1-220,text,false,"The operation lasted too long: It took 373 milliseconds, but should not have lasted longer than 30 milliseconds.",276,227,957,957,http://localhost:3001/character/521,373,0,0
1745251873023,352,Delete,200,OK,Thread Group 1-89,text,false,"The operation lasted too long: It took 352 milliseconds, but should not have lasted longer than 30 milliseconds.",293,183,957,957,http://localhost:3001/character/331,352,0,0
1745251872979,396,Update,200,OK,Thread Group 1-217,text,false,"The operation lasted too long: It took 396 milliseconds, but should not have lasted longer than 30 milliseconds.",276,227,957,957,http://localhost:3001/character/517,396,0,0
1745251873020,355,get by ID,200,OK,Thread Group 1-272,text,false,"The operation lasted too long: It took 355 milliseconds, but should not have lasted longer than 30 milliseconds.",276,161,956,956,http://localhost:3001/character/554,355,0,0
1745251873020,355,Update,200,OK,Thread Group 1-215,text,false,"The operation lasted too long: It took 355 milliseconds, but should not have lasted longer than 30 milliseconds.",276,227,956,956,http://localhost:3001/character/524,355,0,0
1745251872978,432,Update,200,OK,Thread Group 1-137,text,false,"The operation lasted too long: It took 432 milliseconds, but should not have lasted longer than 30 milliseconds.",276,227,971,971,http://localhost:3001/character/490,432,0,0
1745251873022,388,Delete,200,OK,Thread Group 1-32,text,false,"The operation lasted too long: It took 388 milliseconds, but should not have lasted longer than 30 milliseconds.",293,183,971,971,http://localhost:3001/character/334,388,0,0
1745251873020,390,get by ID,200,OK,Thread Group 1-274,text,false,"The operation lasted too long: It took 390 milliseconds, but should not have lasted longer than 30 milliseconds.",276,161,970,970,http://localhost:3001/character/553,390,0,0
1745251872978,433,Update,200,OK,Thread Group 1-179,text,false,"The operation lasted too long: It took 433 milliseconds, but should not have lasted longer than 30 milliseconds.",276,227,970,970,http://localhost:3001/character/514,433,0,0
1745251873022,389,Delete,200,OK,Thread Group 1-17,text,false,"The operation lasted too long: It took 389 milliseconds, but should not have lasted longer than 30 milliseconds.",293,183,970,970,http://localhost:3001/character/344,389,0,0
1745251873019,392,Delete,200,OK,Thread Group 1-54,text,false,"The operation lasted too long: It took 392 milliseconds, but should not have lasted longer than 30 milliseconds.",293,183,969,969,http://localhost:3001/character/370,392,0,0
1745251873021,391,Delete,200,OK,Thread Group 1-87,text,false,"The operation lasted too long: It took 391 milliseconds, but should not have lasted longer than 30 milliseconds.",293,183,968,968,http://localhost:3001/character/362,391,0,0
1745251873029,383,Delete,200,OK,Thread Group 1-69,text,false,"The operation lasted too long: It took 383 milliseconds, but should not have lasted longer than 30 milliseconds.",293,183,968,968,http://localhost:3001/character/346,383,0,0
1745251873030,383,Delete,200,OK,Thread Group 1-43,text,false,"The operation lasted too long: It took 383 milliseconds, but should not have lasted longer than 30 milliseconds.",293,183,966,966,http://localhost:3001/character/372,383,0,0
1745251873029,384,Delete,200,OK,Thread Group 1-50,text,false,"The operation lasted too long: It took 384 milliseconds, but should not have lasted longer than 30 milliseconds.",293,183,966,966,http://localhost:3001/character/336,384,0,0
1745251873030,384,Delete,200,OK,Thread Group 1-79,text,false,"The operation lasted too long: It took 384 milliseconds, but should not have lasted longer than 30 milliseconds.",293,183,965,965,http://localhost:3001/character/371,384,0,0
1745251873021,394,get by ID,200,OK,Thread Group 1-270,text,false,"The operation lasted too long: It took 394 milliseconds, but should not have lasted longer than 30 milliseconds.",276,161,963,963,http://localhost:3001/character/556,394,0,0
1745251873028,387,Delete,200,OK,Thread Group 1-1,text,false,"The operation lasted too long: It took 387 milliseconds, but should not have lasted longer than 30 milliseconds.",293,183,963,963,http://localhost:3001/character/352,387,0,0
1745251873030,385,Delete,200,OK,Thread Group 1-11,text,false,"The operation lasted too long: It took 385 milliseconds, but should not have lasted longer than 30 milliseconds.",293,183,962,962,http://localhost:3001/character/337,385,0,0
1745251873021,394,get by ID,200,OK,Thread Group 1-271,text,false,"The operation lasted too long: It took 394 milliseconds, but should not have lasted longer than 30 milliseconds.",276,161,962,962,http://localhost:3001/character/555,394,0,0
1745251873028,387,Delete,200,OK,Thread Group 1-95,text,false,"The operation lasted too long: It took 387 milliseconds, but should not have lasted longer than 30 milliseconds.",293,183,962,962,http://localhost:3001/character/353,387,0,0
1745251873030,386,Delete,200,OK,Thread Group 1-118,text,false,"The operation lasted too long: It took 386 milliseconds, but should not have lasted longer than 30 milliseconds.",293,183,960,960,http://localhost:3001/character/339,386,0,0
1745251873020,396,Update,200,OK,Thread Group 1-224,text,false,"The operation lasted too long: It took 396 milliseconds, but should not have lasted longer than 30 milliseconds.",276,227,960,960,http://localhost:3001/character/522,396,0,0
1745251873028,388,Update,200,OK,Thread Group 1-218,text,false,"The operation lasted too long: It took 388 milliseconds, but should not have lasted longer than 30 milliseconds.",276,227,960,960,http://localhost:3001/character/531,388,0,0
1745251873030,387,Delete,200,OK,Thread Group 1-41,text,false,"The operation lasted too long: It took 387 milliseconds, but should not have lasted longer than 30 milliseconds.",293,183,959,959,http://localhost:3001/character/360,387,0,0
1745251873020,397,Update,200,OK,Thread Group 1-180,text,false,"The operation lasted too long: It took 397 milliseconds, but should not have lasted longer than 30 milliseconds.",276,227,959,959,http://localhost:3001/character/523,397,0,0
1745251873028,389,Delete,200,OK,Thread Group 1-82,text,false,"The operation lasted too long: It took 389 milliseconds, but should not have lasted longer than 30 milliseconds.",293,183,959,959,http://localhost:3001/character/364,389,0,0
1745251873030,387,Delete,200,OK,Thread Group 1-21,text,false,"The operation lasted too long: It took 387 milliseconds, but should not have lasted longer than 30 milliseconds.",293,183,957,957,http://localhost:3001/character/375,387,0,0
1745251873031,386,Delete,200,OK,Thread Group 1-7,text,false,"The operation lasted too long: It took 386 milliseconds, but should not have lasted longer than 30 milliseconds.",293,183,957,957,http://localhost:3001/character/363,386,0,0
1745251873027,390,Delete,200,OK,Thread Group 1-15,text,false,"The operation lasted too long: It took 390 milliseconds, but should not have lasted longer than 30 milliseconds.",293,183,957,957,http://localhost:3001/character/333,390,0,0
1745251873032,386,Delete,200,OK,Thread Group 1-49,text,false,"The operation lasted too long: It took 386 milliseconds, but should not have lasted longer than 30 milliseconds.",293,183,955,955,http://localhost:3001/character/374,386,0,0
1745251873032,386,Delete,200,OK,Thread Group 1-57,text,false,"The operation lasted too long: It took 386 milliseconds, but should not have lasted longer than 30 milliseconds.",293,183,955,955,http://localhost:3001/character/359,386,0,0
1745251873029,389,Delete,200,OK,Thread Group 1-81,text,false,"The operation lasted too long: It took 389 milliseconds, but should not have lasted longer than 30 milliseconds.",293,183,955,955,http://localhost:3001/character/390,389,0,0
1745251873033,386,Create,201,Created,Thread Group 1-289,text,false,"The operation lasted too long: It took 386 milliseconds, but should not have lasted longer than 30 milliseconds.",281,224,952,952,http://localhost:3001/character,386,0,0
1745251873032,387,Delete,200,OK,Thread Group 1-71,text,false,"The operation lasted too long: It took 387 milliseconds, but should not have lasted longer than 30 milliseconds.",293,183,952,952,http://localhost:3001/character/376,387,0,0
1745251873032,388,Create,201,Created,Thread Group 1-286,text,false,"The operation lasted too long: It took 388 milliseconds, but should not have lasted longer than 30 milliseconds.",281,224,951,951,http://localhost:3001/character,388,0,0
1745251873027,393,Delete,200,OK,Thread Group 1-2,text,false,"The operation lasted too long: It took 393 milliseconds, but should not have lasted longer than 30 milliseconds.",293,183,951,951,http://localhost:3001/character/335,393,0,0
1745251873031,390,Delete,200,OK,Thread Group 1-105,text,false,"The operation lasted too long: It took 390 milliseconds, but should not have lasted longer than 30 milliseconds.",293,183,950,950,http://localhost:3001/character/345,390,0,0
1745251871864,1557,Get characters,200,OK,Thread Group 1-343,text,false,"The operation lasted too long: It took 1,557 milliseconds, but should not have lasted longer than 30 milliseconds.",22435,158,949,949,http://localhost:3001/characters,1557,0,0
1745251873264,157,Delete,200,OK,Thread Group 1-102,text,false,"The operation lasted too long: It took 157 milliseconds, but should not have lasted longer than 30 milliseconds.",293,183,949,949,http://localhost:3001/character/349,157,0,0
1745251873264,174,Delete,200,OK,Thread Group 1-83,text,false,"The operation lasted too long: It took 174 milliseconds, but should not have lasted longer than 30 milliseconds.",293,183,963,963,http://localhost:3001/character/398,174,0,0
1745251873265,174,get by ID,200,OK,Thread Group 1-278,text,false,"The operation lasted too long: It took 174 milliseconds, but should not have lasted longer than 30 milliseconds.",276,161,963,963,http://localhost:3001/character/558,174,0,0
1745251873269,170,get by ID,200,OK,Thread Group 1-279,text,false,"The operation lasted too long: It took 170 milliseconds, but should not have lasted longer than 30 milliseconds.",276,161,962,962,http://localhost:3001/character/559,170,0,0
1745251873272,168,Delete,200,OK,Thread Group 1-67,text,false,"The operation lasted too long: It took 168 milliseconds, but should not have lasted longer than 30 milliseconds.",293,183,962,962,http://localhost:3001/character/392,168,0,0
1745251873272,169,Delete,200,OK,Thread Group 1-26,text,false,"The operation lasted too long: It took 169 milliseconds, but should not have lasted longer than 30 milliseconds.",293,183,961,961,http://localhost:3001/character/386,169,0,0
1745251873273,168,Delete,200,OK,Thread Group 1-84,text,false,"The operation lasted too long: It took 168 milliseconds, but should not have lasted longer than 30 milliseconds.",293,183,960,960,http://localhost:3001/character/384,168,0,0
1745251873273,169,Delete,200,OK,Thread Group 1-34,text,false,"The operation lasted too long: It took 169 milliseconds, but should not have lasted longer than 30 milliseconds.",293,183,959,959,http://localhost:3001/character/379,169,0,0
1745251873273,175,Update,200,OK,Thread Group 1-205,text,false,"The operation lasted too long: It took 175 milliseconds, but should not have lasted longer than 30 milliseconds.",276,227,958,958,http://localhost:3001/character/536,175,0,0
1745251873274,175,Update,200,OK,Thread Group 1-207,text,false,"The operation lasted too long: It took 175 milliseconds, but should not have lasted longer than 30 milliseconds.",276,227,958,958,http://localhost:3001/character/534,175,0,0
1745251873274,176,Delete,200,OK,Thread Group 1-42,text,false,"The operation lasted too long: It took 176 milliseconds, but should not have lasted longer than 30 milliseconds.",293,183,958,958,http://localhost:3001/character/358,176,0,0
1745251873274,178,Delete,200,OK,Thread Group 1-88,text,false,"The operation lasted too long: It took 178 milliseconds, but should not have lasted longer than 30 milliseconds.",293,183,957,957,http://localhost:3001/character/385,178,0,0
1745251873274,179,Delete,200,OK,Thread Group 1-85,text,false,"The operation lasted too long: It took 179 milliseconds, but should not have lasted longer than 30 milliseconds.",293,183,957,957,http://localhost:3001/character/357,179,0,0
1745251873275,178,Update,200,OK,Thread Group 1-206,text,false,"The operation lasted too long: It took 178 milliseconds, but should not have lasted longer than 30 milliseconds.",276,227,957,957,http://localhost:3001/character/535,178,0,0
1745251873275,178,Delete,200,OK,Thread Group 1-73,text,false,"The operation lasted too long: It took 178 milliseconds, but should not have lasted longer than 30 milliseconds.",293,183,955,955,http://localhost:3001/character/347,178,0,0
1745251873275,178,Delete,200,OK,Thread Group 1-68,text,false,"The operation lasted too long: It took 178 milliseconds, but should not have lasted longer than 30 milliseconds.",293,183,955,955,http://localhost:3001/character/348,178,0,0
1745251873275,178,Delete,200,OK,Thread Group 1-13,text,false,"The operation lasted too long: It took 178 milliseconds, but should not have lasted longer than 30 milliseconds.",293,183,955,955,http://localhost:3001/character/378,178,0,0
1745251873275,179,Delete,200,OK,Thread Group 1-28,text,false,"The operation lasted too long: It took 179 milliseconds, but should not have lasted longer than 30 milliseconds.",293,183,952,952,http://localhost:3001/character/396,179,0,0
1745251873277,178,get by ID,200,OK,Thread Group 1-277,text,false,"The operation lasted too long: It took 178 milliseconds, but should not have lasted longer than 30 milliseconds.",276,161,951,951,http://localhost:3001/character/560,178,0,0
1745251873276,179,Delete,200,OK,Thread Group 1-78,text,false,"The operation lasted too long: It took 179 milliseconds, but should not have lasted longer than 30 milliseconds.",293,183,951,951,http://localhost:3001/character/395,179,0,0
1745251873276,181,Delete,200,OK,Thread Group 1-66,text,false,"The operation lasted too long: It took 181 milliseconds, but should not have lasted longer than 30 milliseconds.",293,183,950,950,http://localhost:3001/character/407,181,0,0
1745251873276,182,Delete,200,OK,Thread Group 1-72,text,false,"The operation lasted too long: It took 182 milliseconds, but should not have lasted longer than 30 milliseconds.",293,183,950,950,http://localhost:3001/character/409,182,0,0
1745251873277,183,Delete,200,OK,Thread Group 1-94,text,false,"The operation lasted too long: It took 183 milliseconds, but should not have lasted longer than 30 milliseconds.",293,183,948,948,http://localhost:3001/character/410,183,0,0
1745251873277,184,Delete,200,OK,Thread Group 1-56,text,false,"The operation lasted too long: It took 184 milliseconds, but should not have lasted longer than 30 milliseconds.",293,183,947,947,http://localhost:3001/character/397,184,0,0
1745251873277,186,Update,200,OK,Thread Group 1-201,text,false,"The operation lasted too long: It took 186 milliseconds, but should not have lasted longer than 30 milliseconds.",276,227,946,946,http://localhost:3001/character/538,186,0,0
1745251873277,187,Update,200,OK,Thread Group 1-203,text,false,"The operation lasted too long: It took 187 milliseconds, but should not have lasted longer than 30 milliseconds.",276,227,946,946,http://localhost:3001/character/540,187,0,0
1745251873278,187,Delete,200,OK,Thread Group 1-52,text,false,"The operation lasted too long: It took 187 milliseconds, but should not have lasted longer than 30 milliseconds.",293,183,946,946,http://localhost:3001/character/400,187,0,0
1745251873278,187,Delete,200,OK,Thread Group 1-115,text,false,"The operation lasted too long: It took 187 milliseconds, but should not have lasted longer than 30 milliseconds.",293,183,946,946,http://localhost:3001/character/401,187,0,0
1745251873278,187,Update,200,OK,Thread Group 1-208,text,false,"The operation lasted too long: It took 187 milliseconds, but should not have lasted longer than 30 milliseconds.",276,227,944,944,http://localhost:3001/character/539,187,0,0
1745251873279,187,Delete,200,OK,Thread Group 1-36,text,false,"The operation lasted too long: It took 187 milliseconds, but should not have lasted longer than 30 milliseconds.",293,183,944,944,http://localhost:3001/character/402,187,0,0
1745251873279,187,Delete,200,OK,Thread Group 1-37,text,false,"The operation lasted too long: It took 187 milliseconds, but should not have lasted longer than 30 milliseconds.",293,183,944,944,http://localhost:3001/character/399,187,0,0
1745251873280,186,get by ID,200,OK,Thread Group 1-280,text,false,"The operation lasted too long: It took 186 milliseconds, but should not have lasted longer than 30 milliseconds.",276,161,942,942,http://localhost:3001/character/561,186,0,0
1745251873279,188,Delete,200,OK,Thread Group 1-91,text,false,"The operation lasted too long: It took 188 milliseconds, but should not have lasted longer than 30 milliseconds.",293,183,942,942,http://localhost:3001/character/405,188,0,0
1745251873279,188,Delete,200,OK,Thread Group 1-62,text,false,"The operation lasted too long: It took 188 milliseconds, but should not have lasted longer than 30 milliseconds.",293,183,942,942,http://localhost:3001/character/406,188,0,0
1745251873279,189,Update,200,OK,Thread Group 1-199,text,false,"The operation lasted too long: It took 189 milliseconds, but should not have lasted longer than 30 milliseconds.",276,227,940,940,http://localhost:3001/character/537,189,0,0
1745251873279,189,Delete,200,OK,Thread Group 1-90,text,false,"The operation lasted too long: It took 189 milliseconds, but should not have lasted longer than 30 milliseconds.",293,183,940,940,http://localhost:3001/character/404,189,0,0
1745251873280,189,Delete,200,OK,Thread Group 1-8,text,false,"The operation lasted too long: It took 189 milliseconds, but should not have lasted longer than 30 milliseconds.",293,183,939,939,http://localhost:3001/character/394,189,0,0
1745251873280,189,Delete,200,OK,Thread Group 1-25,text,false,"The operation lasted too long: It took 189 milliseconds, but should not have lasted longer than 30 milliseconds.",293,183,938,938,http://localhost:3001/character/424,189,0,0
1745251873280,189,Delete,200,OK,Thread Group 1-20,text,false,"The operation lasted too long: It took 189 milliseconds, but should not have lasted longer than 30 milliseconds.",293,183,938,938,http://localhost:3001/character/440,189,0,0
1745251873280,190,Delete,200,OK,Thread Group 1-9,text,false,"The operation lasted too long: It took 190 milliseconds, but should not have lasted longer than 30 milliseconds.",293,183,936,936,http://localhost:3001/character/451,190,0,0
1745251873281,190,Delete,200,OK,Thread Group 1-63,text,false,"The operation lasted too long: It took 190 milliseconds, but should not have lasted longer than 30 milliseconds.",293,183,936,936,http://localhost:3001/character/417,190,0,0
1745251873281,190,Delete,200,OK,Thread Group 1-27,text,false,"The operation lasted too long: It took 190 milliseconds, but should not have lasted longer than 30 milliseconds.",293,183,935,935,http://localhost:3001/character/413,190,0,0
1745251873280,191,Delete,200,OK,Thread Group 1-38,text,false,"The operation lasted too long: It took 191 milliseconds, but should not have lasted longer than 30 milliseconds.",293,183,934,934,http://localhost:3001/character/423,191,0,0
1745251873280,191,Delete,200,OK,Thread Group 1-3,text,false,"The operation lasted too long: It took 191 milliseconds, but should not have lasted longer than 30 milliseconds.",293,183,932,932,http://localhost:3001/character/416,191,0,0
1745251873281,191,Delete,200,OK,Thread Group 1-92,text,false,"The operation lasted too long: It took 191 milliseconds, but should not have lasted longer than 30 milliseconds.",293,183,931,931,http://localhost:3001/character/418,191,0,0
1745251873263,209,Delete,200,OK,Thread Group 1-148,text,false,"The operation lasted too long: It took 209 milliseconds, but should not have lasted longer than 30 milliseconds.",293,183,931,931,http://localhost:3001/character/463,209,0,0
1745251873238,239,Delete,200,OK,Thread Group 1-144,text,false,"The operation lasted too long: It took 239 milliseconds, but should not have lasted longer than 30 milliseconds.",293,183,929,929,http://localhost:3001/character/465,239,0,0
1745251873047,430,Create,201,Created,Thread Group 1-290,text,false,"The operation lasted too long: It took 430 milliseconds, but should not have lasted longer than 30 milliseconds.",281,224,929,929,http://localhost:3001/character,430,0,0
1745251873045,433,Create,201,Created,Thread Group 1-291,text,false,"The operation lasted too long: It took 433 milliseconds, but should not have lasted longer than 30 milliseconds.",281,224,928,928,http://localhost:3001/character,433,0,0
1745251873048,430,Create,201,Created,Thread Group 1-282,text,false,"The operation lasted too long: It took 430 milliseconds, but should not have lasted longer than 30 milliseconds.",281,224,928,928,http://localhost:3001/character,430,0,0
1745251873046,433,Create,201,Created,Thread Group 1-339,text,false,"The operation lasted too long: It took 433 milliseconds, but should not have lasted longer than 30 milliseconds.",281,224,928,928,http://localhost:3001/character,433,0,0
1745251873047,432,Create,201,Created,Thread Group 1-355,text,false,"The operation lasted too long: It took 432 milliseconds, but should not have lasted longer than 30 milliseconds.",281,224,928,928,http://localhost:3001/character,432,0,0
1745251873082,398,Create,201,Created,Thread Group 1-346,text,false,"The operation lasted too long: It took 398 milliseconds, but should not have lasted longer than 30 milliseconds.",281,224,928,928,http://localhost:3001/character,398,0,0
1745251873082,399,Create,201,Created,Thread Group 1-285,text,false,"The operation lasted too long: It took 399 milliseconds, but should not have lasted longer than 30 milliseconds.",281,224,928,928,http://localhost:3001/character,399,0,0
1745251873174,307,Create,201,Created,Thread Group 1-288,text,false,"The operation lasted too long: It took 307 milliseconds, but should not have lasted longer than 30 milliseconds.",281,224,928,928,http://localhost:3001/character,307,0,0
1745251873173,308,Create,201,Created,Thread Group 1-348,text,false,"The operation lasted too long: It took 308 milliseconds, but should not have lasted longer than 30 milliseconds.",281,224,928,928,http://localhost:3001/character,308,0,0
1745251873172,310,Create,201,Created,Thread Group 1-287,text,false,"The operation lasted too long: It took 310 milliseconds, but should not have lasted longer than 30 milliseconds.",281,224,928,928,http://localhost:3001/character,310,0,0
1745251873177,305,Create,201,Created,Thread Group 1-334,text,false,"The operation lasted too long: It took 305 milliseconds, but should not have lasted longer than 30 milliseconds.",281,224,928,928,http://localhost:3001/character,305,0,0
1745251873182,300,Create,201,Created,Thread Group 1-292,text,false,"The operation lasted too long: It took 300 milliseconds, but should not have lasted longer than 30 milliseconds.",281,224,928,928,http://localhost:3001/character,300,0,0
1745251873182,301,Create,201,Created,Thread Group 1-357,text,false,"The operation lasted too long: It took 301 milliseconds, but should not have lasted longer than 30 milliseconds.",281,224,928,928,http://localhost:3001/character,301,0,0
1745251873172,310,Create,201,Created,Thread Group 1-356,text,false,"The operation lasted too long: It took 310 milliseconds, but should not have lasted longer than 30 milliseconds.",281,224,928,928,http://localhost:3001/character,310,0,0
1745251873184,299,Create,201,Created,Thread Group 1-358,text,false,"The operation lasted too long: It took 299 milliseconds, but should not have lasted longer than 30 milliseconds.",281,224,928,928,http://localhost:3001/character,299,0,0
1745251873188,295,Create,201,Created,Thread Group 1-294,text,false,"The operation lasted too long: It took 295 milliseconds, but should not have lasted longer than 30 milliseconds.",281,224,928,928,http://localhost:3001/character,295,0,0
1745251873186,298,Create,201,Created,Thread Group 1-325,text,false,"The operation lasted too long: It took 298 milliseconds, but should not have lasted longer than 30 milliseconds.",281,224,928,928,http://localhost:3001/character,298,0,0
1745251873186,298,Create,201,Created,Thread Group 1-337,text,false,"The operation lasted too long: It took 298 milliseconds, but should not have lasted longer than 30 milliseconds.",281,224,928,928,http://localhost:3001/character,298,0,0
1745251873187,298,Create,201,Created,Thread Group 1-336,text,false,"The operation lasted too long: It took 298 milliseconds, but should not have lasted longer than 30 milliseconds.",281,224,928,928,http://localhost:3001/character,298,0,0
1745251873187,298,Create,201,Created,Thread Group 1-296,text,false,"The operation lasted too long: It took 298 milliseconds, but should not have lasted longer than 30 milliseconds.",281,224,928,928,http://localhost:3001/character,298,0,0
1745251873187,298,Create,201,Created,Thread Group 1-295,text,false,"The operation lasted too long: It took 298 milliseconds, but should not have lasted longer than 30 milliseconds.",281,224,928,928,http://localhost:3001/character,298,0,0
1745251873188,298,Delete,200,OK,Thread Group 1-51,text,false,"The operation lasted too long: It took 298 milliseconds, but should not have lasted longer than 30 milliseconds.",293,183,928,928,http://localhost:3001/character/388,298,0,0
1745251873188,299,Create,201,Created,Thread Group 1-293,text,false,"The operation lasted too long: It took 299 milliseconds, but should not have lasted longer than 30 milliseconds.",281,224,927,927,http://localhost:3001/character,299,0,0
1745251873188,300,Create,201,Created,Thread Group 1-335,text,false,"The operation lasted too long: It took 300 milliseconds, but should not have lasted longer than 30 milliseconds.",281,224,927,927,http://localhost:3001/character,300,0,0
1745251873189,299,Delete,200,OK,Thread Group 1-58,text,false,"The operation lasted too long: It took 299 milliseconds, but should not have lasted longer than 30 milliseconds.",293,183,927,927,http://localhost:3001/character/377,299,0,0
1745251873188,300,Delete,200,OK,Thread Group 1-33,text,false,"The operation lasted too long: It took 300 milliseconds, but should not have lasted longer than 30 milliseconds.",293,183,927,927,http://localhost:3001/character/338,300,0,0
1745251873189,300,Delete,200,OK,Thread Group 1-74,text,false,"The operation lasted too long: It took 300 milliseconds, but should not have lasted longer than 30 milliseconds.",293,183,925,925,http://localhost:3001/character/383,300,0,0
1745251873189,300,Create,201,Created,Thread Group 1-298,text,false,"The operation lasted too long: It took 300 milliseconds, but should not have lasted longer than 30 milliseconds.",281,224,925,925,http://localhost:3001/character,300,0,0
1745251873193,297,Create,201,Created,Thread Group 1-331,text,false,"The operation lasted too long: It took 297 milliseconds, but should not have lasted longer than 30 milliseconds.",281,224,924,924,http://localhost:3001/character,297,0,0
1745251873191,299,Create,201,Created,Thread Group 1-338,text,false,"The operation lasted too long: It took 299 milliseconds, but should not have lasted longer than 30 milliseconds.",281,224,924,924,http://localhost:3001/character,299,0,0
1745251873191,301,Create,201,Created,Thread Group 1-299,text,false,"The operation lasted too long: It took 301 milliseconds, but should not have lasted longer than 30 milliseconds.",281,224,924,924,http://localhost:3001/character,301,0,0
1745251873194,300,Create,201,Created,Thread Group 1-308,text,false,"The operation lasted too long: It took 300 milliseconds, but should not have lasted longer than 30 milliseconds.",281,224,924,924,http://localhost:3001/character,300,0,0
1745251873217,277,Create,201,Created,Thread Group 1-340,text,false,"The operation lasted too long: It took 277 milliseconds, but should not have lasted longer than 30 milliseconds.",281,224,924,924,http://localhost:3001/character,277,0,0
1745251873211,284,Create,201,Created,Thread Group 1-332,text,false,"The operation lasted too long: It took 284 milliseconds, but should not have lasted longer than 30 milliseconds.",281,224,924,924,http://localhost:3001/character,284,0,0
1745251873210,286,Create,201,Created,Thread Group 1-341,text,false,"The operation lasted too long: It took 286 milliseconds, but should not have lasted longer than 30 milliseconds.",281,224,924,924,http://localhost:3001/character,286,0,0
1745251873210,287,Create,201,Created,Thread Group 1-300,text,false,"The operation lasted too long: It took 287 milliseconds, but should not have lasted longer than 30 milliseconds.",281,224,924,924,http://localhost:3001/character,287,0,0
1745251873209,288,Create,201,Created,Thread Group 1-328,text,false,"The operation lasted too long: It took 288 milliseconds, but should not have lasted longer than 30 milliseconds.",281,224,924,924,http://localhost:3001/character,288,0,0
1745251873259,246,Delete,200,OK,Thread Group 1-99,text,false,"The operation lasted too long: It took 246 milliseconds, but should not have lasted longer than 30 milliseconds.",293,183,924,924,http://localhost:3001/character/369,246,0,0
1745251873260,245,Delete,200,OK,Thread Group 1-12,text,false,"The operation lasted too long: It took 245 milliseconds, but should not have lasted longer than 30 milliseconds.",293,183,924,924,http://localhost:3001/character/350,245,0,0
1745251873243,262,Create,201,Created,Thread Group 1-309,text,false,"The operation lasted too long: It took 262 milliseconds, but should not have lasted longer than 30 milliseconds.",281,224,924,924,http://localhost:3001/character,262,0,0
1745251873257,248,Delete,200,OK,Thread Group 1-113,text,false,"The operation lasted too long: It took 248 milliseconds, but should not have lasted longer than 30 milliseconds.",293,183,924,924,http://localhost:3001/character/380,248,0,0
1745251873245,261,Create,201,Created,Thread Group 1-303,text,false,"The operation lasted too long: It took 261 milliseconds, but should not have lasted longer than 30 milliseconds.",281,224,922,922,http://localhost:3001/character,261,0,0
1745251873240,268,Create,201,Created,Thread Group 1-342,text,false,"The operation lasted too long: It took 268 milliseconds, but should not have lasted longer than 30 milliseconds.",281,224,921,921,http://localhost:3001/character,268,0,0
1745251873240,269,Create,201,Created,Thread Group 1-302,text,false,"The operation lasted too long: It took 269 milliseconds, but should not have lasted longer than 30 milliseconds.",281,224,921,921,http://localhost:3001/character,269,0,0
1745251873230,279,Create,201,Created,Thread Group 1-297,text,false,"The operation lasted too long: It took 279 milliseconds, but should not have lasted longer than 30 milliseconds.",281,224,921,921,http://localhost:3001/character,279,0,0
1745251873209,301,Create,201,Created,Thread Group 1-301,text,false,"The operation lasted too long: It took 301 milliseconds, but should not have lasted longer than 30 milliseconds.",281,224,921,921,http://localhost:3001/character,301,0,0
1745251873260,250,Delete,200,OK,Thread Group 1-30,text,false,"The operation lasted too long: It took 250 milliseconds, but should not have lasted longer than 30 milliseconds.",293,183,921,921,http://localhost:3001/character/382,250,0,0
1745251873244,266,Create,201,Created,Thread Group 1-345,text,false,"The operation lasted too long: It took 266 milliseconds, but should not have lasted longer than 30 milliseconds.",281,224,921,921,http://localhost:3001/character,266,0,0
1745251873241,270,Create,201,Created,Thread Group 1-344,text,false,"The operation lasted too long: It took 270 milliseconds, but should not have lasted longer than 30 milliseconds.",281,224,920,920,http://localhost:3001/character,270,0,0
1745251871817,1699,Get characters,200,OK,Thread Group 1-311,text,false,"The operation lasted too long: It took 1,699 milliseconds, but should not have lasted longer than 30 milliseconds.",22015,158,920,920,http://localhost:3001/characters,1699,0,1
1745251873265,251,Create,201,Created,Thread Group 1-327,text,false,"The operation lasted too long: It took 251 milliseconds, but should not have lasted longer than 30 milliseconds.",281,224,920,920,http://localhost:3001/character,251,0,0
1745251873439,77,Update,200,OK,Thread Group 1-278,text,false,"The operation lasted too long: It took 77 milliseconds, but should not have lasted longer than 30 milliseconds.",276,227,920,920,http://localhost:3001/character/558,77,0,0
1745251873253,263,Delete,200,OK,Thread Group 1-53,text,false,"The operation lasted too long: It took 263 milliseconds, but should not have lasted longer than 30 milliseconds.",293,183,920,920,http://localhost:3001/character/393,263,0,0
1745251873260,256,Delete,200,OK,Thread Group 1-18,text,false,"The operation lasted too long: It took 256 milliseconds, but should not have lasted longer than 30 milliseconds.",293,183,920,920,http://localhost:3001/character/387,256,0,0
1745251873254,262,Delete,200,OK,Thread Group 1-10,text,false,"The operation lasted too long: It took 262 milliseconds, but should not have lasted longer than 30 milliseconds.",293,183,920,920,http://localhost:3001/character/356,262,0,0
1745251873253,263,Delete,200,OK,Thread Group 1-31,text,false,"The operation lasted too long: It took 263 milliseconds, but should not have lasted longer than 30 milliseconds.",293,183,920,920,http://localhost:3001/character/355,263,0,0
1745251873440,76,Update,200,OK,Thread Group 1-279,text,false,"The operation lasted too long: It took 76 milliseconds, but should not have lasted longer than 30 milliseconds.",276,227,920,920,http://localhost:3001/character/559,76,0,0
1745251873256,261,Update,200,OK,Thread Group 1-209,text,false,"The operation lasted too long: It took 261 milliseconds, but should not have lasted longer than 30 milliseconds.",276,227,916,916,http://localhost:3001/character/533,261,0,0
1745251873256,261,Delete,200,OK,Thread Group 1-98,text,false,"The operation lasted too long: It took 261 milliseconds, but should not have lasted longer than 30 milliseconds.",293,183,916,916,http://localhost:3001/character/351,261,0,0
1745251873257,261,Delete,200,OK,Thread Group 1-19,text,false,"The operation lasted too long: It took 261 milliseconds, but should not have lasted longer than 30 milliseconds.",293,183,915,915,http://localhost:3001/character/368,261,0,0
1745251873257,262,Delete,200,OK,Thread Group 1-46,text,false,"The operation lasted too long: It took 262 milliseconds, but should not have lasted longer than 30 milliseconds.",293,183,915,915,http://localhost:3001/character/389,261,0,0
1745251873258,260,Create,201,Created,Thread Group 1-304,text,false,"The operation lasted too long: It took 260 milliseconds, but should not have lasted longer than 30 milliseconds.",281,224,915,915,http://localhost:3001/character,260,0,0
1745251873257,263,Delete,200,OK,Thread Group 1-29,text,false,"The operation lasted too long: It took 263 milliseconds, but should not have lasted longer than 30 milliseconds.",293,183,913,913,http://localhost:3001/character/391,263,0,0
1745251873259,261,Delete,200,OK,Thread Group 1-107,text,false,"The operation lasted too long: It took 261 milliseconds, but should not have lasted longer than 30 milliseconds.",293,183,912,912,http://localhost:3001/character/381,261,0,0
1745251873256,264,get by ID,200,OK,Thread Group 1-275,text,false,"The operation lasted too long: It took 264 milliseconds, but should not have lasted longer than 30 milliseconds.",276,161,912,912,http://localhost:3001/character/557,264,0,0
1745251873450,71,Delete,200,OK,Thread Group 1-207,text,false,"The operation lasted too long: It took 71 milliseconds, but should not have lasted longer than 30 milliseconds.",293,183,911,911,http://localhost:3001/character/534,71,0,0
1745251873449,72,Delete,200,OK,Thread Group 1-205,text,false,"The operation lasted too long: It took 72 milliseconds, but should not have lasted longer than 30 milliseconds.",293,183,911,911,http://localhost:3001/character/536,72,0,0
1745251873455,83,Update,200,OK,Thread Group 1-277,text,false,"The operation lasted too long: It took 83 milliseconds, but should not have lasted longer than 30 milliseconds.",276,227,909,909,http://localhost:3001/character/560,83,0,0
1745251873453,85,Delete,200,OK,Thread Group 1-206,text,false,"The operation lasted too long: It took 85 milliseconds, but should not have lasted longer than 30 milliseconds.",293,183,909,909,http://localhost:3001/character/535,85,0,0
1745251873463,76,Delete,200,OK,Thread Group 1-201,text,false,"The operation lasted too long: It took 76 milliseconds, but should not have lasted longer than 30 milliseconds.",293,183,908,908,http://localhost:3001/character/538,76,0,0
1745251873464,75,Delete,200,OK,Thread Group 1-203,text,false,"The operation lasted too long: It took 75 milliseconds, but should not have lasted longer than 30 milliseconds.",293,183,908,908,http://localhost:3001/character/540,75,0,0
1745251873466,74,Delete,200,OK,Thread Group 1-208,text,false,"The operation lasted too long: It took 74 milliseconds, but should not have lasted longer than 30 milliseconds.",293,183,906,906,http://localhost:3001/character/539,74,0,0
1745251873466,74,Update,200,OK,Thread Group 1-280,text,false,"The operation lasted too long: It took 74 milliseconds, but should not have lasted longer than 30 milliseconds.",276,227,906,906,http://localhost:3001/character/561,74,0,0
1745251873468,72,Delete,200,OK,Thread Group 1-199,text,false,"The operation lasted too long: It took 72 milliseconds, but should not have lasted longer than 30 milliseconds.",293,183,905,905,http://localhost:3001/character/537,72,0,0
1745251873479,61,get by ID,200,OK,Thread Group 1-282,text,false,"The operation lasted too long: It took 61 milliseconds, but should not have lasted longer than 30 milliseconds.",276,161,905,905,http://localhost:3001/character/495,61,0,0
1745251873477,64,get by ID,200,OK,Thread Group 1-290,text,false,"The operation lasted too long: It took 64 milliseconds, but should not have lasted longer than 30 milliseconds.",276,161,904,904,http://localhost:3001/character/496,64,0,0
1745251873478,63,get by ID,200,OK,Thread Group 1-291,text,false,"The operation lasted too long: It took 63 milliseconds, but should not have lasted longer than 30 milliseconds.",276,161,904,904,http://localhost:3001/character/497,63,0,0
1745251873480,61,get by ID,200,OK,Thread Group 1-339,text,false,"The operation lasted too long: It took 61 milliseconds, but should not have lasted longer than 30 milliseconds.",276,161,904,904,http://localhost:3001/character/498,61,0,0
1745251873481,61,get by ID,200,OK,Thread Group 1-355,text,false,"The operation lasted too long: It took 61 milliseconds, but should not have lasted longer than 30 milliseconds.",276,161,904,904,http://localhost:3001/character/499,61,0,0
1745251873481,61,get by ID,200,OK,Thread Group 1-346,text,false,"The operation lasted too long: It took 61 milliseconds, but should not have lasted longer than 30 milliseconds.",276,161,904,904,http://localhost:3001/character/500,61,0,0
1745251873481,64,get by ID,200,OK,Thread Group 1-288,text,false,"The operation lasted too long: It took 64 milliseconds, but should not have lasted longer than 30 milliseconds.",276,161,904,904,http://localhost:3001/character/502,64,0,0
1745251873481,64,get by ID,200,OK,Thread Group 1-285,text,false,"The operation lasted too long: It took 64 milliseconds, but should not have lasted longer than 30 milliseconds.",276,161,904,904,http://localhost:3001/character/501,64,0,0
1745251873483,62,get by ID,200,OK,Thread Group 1-356,text,false,"The operation lasted too long: It took 62 milliseconds, but should not have lasted longer than 30 milliseconds.",276,161,904,904,http://localhost:3001/character/503,62,0,0
1745251873482,63,get by ID,200,OK,Thread Group 1-348,text,false,"The operation lasted too long: It took 63 milliseconds, but should not have lasted longer than 30 milliseconds.",276,161,904,904,http://localhost:3001/character/504,63,0,0
1745251873482,64,get by ID,200,OK,Thread Group 1-287,text,false,"The operation lasted too long: It took 64 milliseconds, but should not have lasted longer than 30 milliseconds.",276,161,904,904,http://localhost:3001/character/505,64,0,0
1745251873482,64,get by ID,200,OK,Thread Group 1-334,text,false,"The operation lasted too long: It took 64 milliseconds, but should not have lasted longer than 30 milliseconds.",276,161,904,904,http://localhost:3001/character/506,64,0,0
1745251873482,64,get by ID,200,OK,Thread Group 1-292,text,false,"The operation lasted too long: It took 64 milliseconds, but should not have lasted longer than 30 milliseconds.",276,161,904,904,http://localhost:3001/character/507,64,0,0
1745251873483,63,get by ID,200,OK,Thread Group 1-357,text,false,"The operation lasted too long: It took 63 milliseconds, but should not have lasted longer than 30 milliseconds.",276,161,904,904,http://localhost:3001/character/508,63,0,0
1745251873484,62,get by ID,200,OK,Thread Group 1-358,text,false,"The operation lasted too long: It took 62 milliseconds, but should not have lasted longer than 30 milliseconds.",276,161,904,904,http://localhost:3001/character/509,62,0,0
1745251873484,63,get by ID,200,OK,Thread Group 1-294,text,false,"The operation lasted too long: It took 63 milliseconds, but should not have lasted longer than 30 milliseconds.",276,161,904,904,http://localhost:3001/character/510,63,0,0
1745251873484,63,get by ID,200,OK,Thread Group 1-337,text,false,"The operation lasted too long: It took 63 milliseconds, but should not have lasted longer than 30 milliseconds.",276,161,904,904,http://localhost:3001/character/511,63,0,0
1745251873484,64,get by ID,200,OK,Thread Group 1-325,text,false,"The operation lasted too long: It took 64 milliseconds, but should not have lasted longer than 30 milliseconds.",276,161,904,904,http://localhost:3001/character/512,64,0,0
1745251873485,65,get by ID,200,OK,Thread Group 1-296,text,false,"The operation lasted too long: It took 65 milliseconds, but should not have lasted longer than 30 milliseconds.",276,161,904,904,http://localhost:3001/character/513,65,0,0
1745251873486,65,get by ID,200,OK,Thread Group 1-295,text,false,"The operation lasted too long: It took 65 milliseconds, but should not have lasted longer than 30 milliseconds.",276,161,904,904,http://localhost:3001/character/514,65,0,0
1745251873485,67,get by ID,200,OK,Thread Group 1-336,text,false,"The operation lasted too long: It took 67 milliseconds, but should not have lasted longer than 30 milliseconds.",276,161,904,904,http://localhost:3001/character/515,67,0,0
1745251873488,68,get by ID,200,OK,Thread Group 1-335,text,false,"The operation lasted too long: It took 68 milliseconds, but should not have lasted longer than 30 milliseconds.",276,161,904,904,http://localhost:3001/character/516,68,0,0
1745251873487,69,get by ID,200,OK,Thread Group 1-293,text,false,"The operation lasted too long: It took 69 milliseconds, but should not have lasted longer than 30 milliseconds.",276,161,904,904,http://localhost:3001/character/515,69,0,0
1745251873490,67,get by ID,200,OK,Thread Group 1-298,text,false,"The operation lasted too long: It took 67 milliseconds, but should not have lasted longer than 30 milliseconds.",276,161,904,904,http://localhost:3001/character/514,67,0,0
1745251873490,67,get by ID,200,OK,Thread Group 1-331,text,false,"The operation lasted too long: It took 67 milliseconds, but should not have lasted longer than 30 milliseconds.",276,161,904,904,http://localhost:3001/character/515,67,0,0
1745251873491,66,get by ID,200,OK,Thread Group 1-338,text,false,"The operation lasted too long: It took 66 milliseconds, but should not have lasted longer than 30 milliseconds.",276,161,904,904,http://localhost:3001/character/516,66,0,0
1745251873492,66,get by ID,200,OK,Thread Group 1-299,text,false,"The operation lasted too long: It took 66 milliseconds, but should not have lasted longer than 30 milliseconds.",276,161,904,904,http://localhost:3001/character/517,65,0,0
1745251873495,63,get by ID,200,OK,Thread Group 1-308,text,false,"The operation lasted too long: It took 63 milliseconds, but should not have lasted longer than 30 milliseconds.",276,161,904,904,http://localhost:3001/character/518,63,0,0
1745251873495,63,get by ID,200,OK,Thread Group 1-340,text,false,"The operation lasted too long: It took 63 milliseconds, but should not have lasted longer than 30 milliseconds.",276,161,904,904,http://localhost:3001/character/519,63,0,0
1745251873496,63,get by ID,200,OK,Thread Group 1-341,text,false,"The operation lasted too long: It took 63 milliseconds, but should not have lasted longer than 30 milliseconds.",276,161,904,904,http://localhost:3001/character/521,63,0,0
1745251873496,63,get by ID,200,OK,Thread Group 1-332,text,false,"The operation lasted too long: It took 63 milliseconds, but should not have lasted longer than 30 milliseconds.",276,161,904,904,http://localhost:3001/character/520,63,0,0
1745251873497,62,get by ID,200,OK,Thread Group 1-328,text,false,"The operation lasted too long: It took 62 milliseconds, but should not have lasted longer than 30 milliseconds.",276,161,904,904,http://localhost:3001/character/523,62,0,0
1745251873497,62,get by ID,200,OK,Thread Group 1-300,text,false,"The operation lasted too long: It took 62 milliseconds, but should not have lasted longer than 30 milliseconds.",276,161,904,904,http://localhost:3001/character/522,62,0,0
1745251873289,274,Delete,200,OK,Thread Group 1-61,text,false,"The operation lasted too long: It took 274 milliseconds, but should not have lasted longer than 30 milliseconds.",293,183,904,904,http://localhost:3001/character/420,274,0,0
1745251873289,276,Delete,200,OK,Thread Group 1-141,text,false,"The operation lasted too long: It took 276 milliseconds, but should not have lasted longer than 30 milliseconds.",293,183,903,903,http://localhost:3001/character/456,276,0,0
1745251873289,277,Delete,200,OK,Thread Group 1-122,text,false,"The operation lasted too long: It took 277 milliseconds, but should not have lasted longer than 30 milliseconds.",293,183,902,902,http://localhost:3001/character/454,277,0,0
1745251873289,279,Delete,200,OK,Thread Group 1-143,text,false,"The operation lasted too long: It took 279 milliseconds, but should not have lasted longer than 30 milliseconds.",293,183,901,901,http://localhost:3001/character/455,279,0,0
1745251873288,282,Update,200,OK,Thread Group 1-269,text,false,"The operation lasted too long: It took 282 milliseconds, but should not have lasted longer than 30 milliseconds.",276,227,900,900,http://localhost:3001/character/541,282,0,0
1745251873288,283,Delete,200,OK,Thread Group 1-76,text,false,"The operation lasted too long: It took 283 milliseconds, but should not have lasted longer than 30 milliseconds.",293,183,900,900,http://localhost:3001/character/414,283,0,0
1745251873288,284,Update,200,OK,Thread Group 1-195,text,false,"The operation lasted too long: It took 284 milliseconds, but should not have lasted longer than 30 milliseconds.",276,227,899,899,http://localhost:3001/character/542,284,0,0
1745251873288,285,Delete,200,OK,Thread Group 1-70,text,false,"The operation lasted too long: It took 285 milliseconds, but should not have lasted longer than 30 milliseconds.",293,183,899,899,http://localhost:3001/character/438,285,0,0
1745251873287,286,Delete,200,OK,Thread Group 1-93,text,false,"The operation lasted too long: It took 286 milliseconds, but should not have lasted longer than 30 milliseconds.",293,183,898,898,http://localhost:3001/character/411,286,0,0
1745251873286,287,Delete,200,OK,Thread Group 1-111,text,false,"The operation lasted too long: It took 287 milliseconds, but should not have lasted longer than 30 milliseconds.",293,183,898,898,http://localhost:3001/character/431,287,0,0
1745251873284,290,Delete,200,OK,Thread Group 1-100,text,false,"The operation lasted too long: It took 290 milliseconds, but should not have lasted longer than 30 milliseconds.",293,183,896,896,http://localhost:3001/character/428,290,0,0
1745251873286,288,Update,200,OK,Thread Group 1-267,text,false,"The operation lasted too long: It took 288 milliseconds, but should not have lasted longer than 30 milliseconds.",276,227,895,895,http://localhost:3001/character/543,288,0,0
1745251873285,289,Delete,200,OK,Thread Group 1-106,text,false,"The operation lasted too long: It took 289 milliseconds, but should not have lasted longer than 30 milliseconds.",293,183,895,895,http://localhost:3001/character/426,289,0,0
1745251873283,292,Delete,200,OK,Thread Group 1-109,text,false,"The operation lasted too long: It took 292 milliseconds, but should not have lasted longer than 30 milliseconds.",293,183,895,895,http://localhost:3001/character/412,292,0,0
1745251873293,282,Delete,200,OK,Thread Group 1-119,text,false,"The operation lasted too long: It took 282 milliseconds, but should not have lasted longer than 30 milliseconds.",293,183,893,893,http://localhost:3001/character/450,282,0,0
1745251873281,294,Delete,200,OK,Thread Group 1-44,text,false,"The operation lasted too long: It took 294 milliseconds, but should not have lasted longer than 30 milliseconds.",293,183,893,893,http://localhost:3001/character/415,294,0,0
1745251873282,296,Update,200,OK,Thread Group 1-273,text,false,"The operation lasted too long: It took 296 milliseconds, but should not have lasted longer than 30 milliseconds.",276,227,891,891,http://localhost:3001/character/544,296,0,0
1745251873294,284,Delete,200,OK,Thread Group 1-39,text,false,"The operation lasted too long: It took 284 milliseconds, but should not have lasted longer than 30 milliseconds.",293,183,891,891,http://localhost:3001/character/447,284,0,0
1745251873293,285,Delete,200,OK,Thread Group 1-14,text,false,"The operation lasted too long: It took 285 milliseconds, but should not have lasted longer than 30 milliseconds.",293,183,890,890,http://localhost:3001/character/448,285,0,0
1745251873293,286,Delete,200,OK,Thread Group 1-154,text,false,"The operation lasted too long: It took 286 milliseconds, but should not have lasted longer than 30 milliseconds.",293,183,890,890,http://localhost:3001/character/478,286,0,0
1745251873293,291,Delete,200,OK,Thread Group 1-142,text,false,"The operation lasted too long: It took 291 milliseconds, but should not have lasted longer than 30 milliseconds.",293,183,888,888,http://localhost:3001/character/449,291,0,0
1745251873292,293,Delete,200,OK,Thread Group 1-45,text,false,"The operation lasted too long: It took 293 milliseconds, but should not have lasted longer than 30 milliseconds.",293,183,887,887,http://localhost:3001/character/422,293,0,0
1745251873292,293,Delete,200,OK,Thread Group 1-40,text,false,"The operation lasted too long: It took 293 milliseconds, but should not have lasted longer than 30 milliseconds.",293,183,887,887,http://localhost:3001/character/432,293,0,0
1745251873293,293,Delete,200,OK,Thread Group 1-135,text,false,"The operation lasted too long: It took 293 milliseconds, but should not have lasted longer than 30 milliseconds.",293,183,885,885,http://localhost:3001/character/479,293,0,0
1745251873292,294,Delete,200,OK,Thread Group 1-139,text,false,"The operation lasted too long: It took 294 milliseconds, but should not have lasted longer than 30 milliseconds.",293,183,885,885,http://localhost:3001/character/443,294,0,0
1745251873292,295,Delete,200,OK,Thread Group 1-128,text,false,"The operation lasted too long: It took 295 milliseconds, but should not have lasted longer than 30 milliseconds.",293,183,883,883,http://localhost:3001/character/460,295,0,0
1745251873296,293,Delete,200,OK,Thread Group 1-151,text,false,"The operation lasted too long: It took 293 milliseconds, but should not have lasted longer than 30 milliseconds.",293,183,882,882,http://localhost:3001/character/474,293,0,0
1745251873290,300,Delete,200,OK,Thread Group 1-22,text,false,"The operation lasted too long: It took 300 milliseconds, but should not have lasted longer than 30 milliseconds.",293,183,881,881,http://localhost:3001/character/419,300,0,0
1745251873290,300,Delete,200,OK,Thread Group 1-64,text,false,"The operation lasted too long: It took 300 milliseconds, but should not have lasted longer than 30 milliseconds.",293,183,880,880,http://localhost:3001/character/427,300,0,0
1745251873290,300,Delete,200,OK,Thread Group 1-6,text,false,"The operation lasted too long: It took 300 milliseconds, but should not have lasted longer than 30 milliseconds.",293,183,880,880,http://localhost:3001/character/429,300,0,0
1745251873297,294,Delete,200,OK,Thread Group 1-121,text,false,"The operation lasted too long: It took 294 milliseconds, but should not have lasted longer than 30 milliseconds.",293,183,878,878,http://localhost:3001/character/452,294,0,0
1745251873290,301,Delete,200,OK,Thread Group 1-77,text,false,"The operation lasted too long: It took 301 milliseconds, but should not have lasted longer than 30 milliseconds.",293,183,878,878,http://localhost:3001/character/408,301,0,0
1745251873291,301,Delete,200,OK,Thread Group 1-140,text,false,"The operation lasted too long: It took 301 milliseconds, but should not have lasted longer than 30 milliseconds.",293,183,876,876,http://localhost:3001/character/446,301,0,0
1745251873290,302,Delete,200,OK,Thread Group 1-60,text,false,"The operation lasted too long: It took 302 milliseconds, but should not have lasted longer than 30 milliseconds.",293,183,876,876,http://localhost:3001/character/425,302,0,0
1745251873297,295,Delete,200,OK,Thread Group 1-75,text,false,"The operation lasted too long: It took 295 milliseconds, but should not have lasted longer than 30 milliseconds.",293,183,874,874,http://localhost:3001/character/434,295,0,0
1745251873296,299,Delete,200,OK,Thread Group 1-116,text,false,"The operation lasted too long: It took 299 milliseconds, but should not have lasted longer than 30 milliseconds.",293,183,873,873,http://localhost:3001/character/421,298,0,0
1745251873296,299,Delete,200,OK,Thread Group 1-155,text,false,"The operation lasted too long: It took 299 milliseconds, but should not have lasted longer than 30 milliseconds.",293,183,873,873,http://localhost:3001/character/482,298,0,0
1745251873296,300,Delete,200,OK,Thread Group 1-149,text,false,"The operation lasted too long: It took 300 milliseconds, but should not have lasted longer than 30 milliseconds.",293,183,871,871,http://localhost:3001/character/462,300,0,0
1745251873341,270,Delete,200,OK,Thread Group 1-216,text,false,"The operation lasted too long: It took 270 milliseconds, but should not have lasted longer than 30 milliseconds.",293,183,870,870,http://localhost:3001/character/527,270,0,0
1745251873342,271,Update,200,OK,Thread Group 1-266,text,false,"The operation lasted too long: It took 271 milliseconds, but should not have lasted longer than 30 milliseconds.",276,227,869,869,http://localhost:3001/character/547,271,0,0
1745251873342,272,Delete,200,OK,Thread Group 1-219,text,false,"The operation lasted too long: It took 272 milliseconds, but should not have lasted longer than 30 milliseconds.",293,183,869,869,http://localhost:3001/character/526,272,0,0
1745251873341,273,Delete,200,OK,Thread Group 1-177,text,false,"The operation lasted too long: It took 273 milliseconds, but should not have lasted longer than 30 milliseconds.",293,183,869,869,http://localhost:3001/character/516,273,0,0
1745251873343,271,Delete,200,OK,Thread Group 1-153,text,false,"The operation lasted too long: It took 271 milliseconds, but should not have lasted longer than 30 milliseconds.",293,183,867,867,http://localhost:3001/character/472,271,0,0
1745251873354,261,Delete,200,OK,Thread Group 1-214,text,false,"The operation lasted too long: It took 261 milliseconds, but should not have lasted longer than 30 milliseconds.",293,183,867,867,http://localhost:3001/character/528,261,0,0
1745251873354,261,Delete,200,OK,Thread Group 1-130,text,false,"The operation lasted too long: It took 261 milliseconds, but should not have lasted longer than 30 milliseconds.",293,183,865,865,http://localhost:3001/character/473,261,0,0
1745251873355,261,Update,200,OK,Thread Group 1-268,text,false,"The operation lasted too long: It took 261 milliseconds, but should not have lasted longer than 30 milliseconds.",276,227,864,864,http://localhost:3001/character/546,261,0,0
1745251873355,261,Delete,200,OK,Thread Group 1-212,text,false,"The operation lasted too long: It took 261 milliseconds, but should not have lasted longer than 30 milliseconds.",293,183,864,864,http://localhost:3001/character/529,261,0,0
1745251873368,249,get by ID,200,OK,Thread Group 1-281,text,false,"The operation lasted too long: It took 249 milliseconds, but should not have lasted longer than 30 milliseconds.",276,161,863,863,http://localhost:3001/character/556,249,0,0
1745251873296,321,Delete,200,OK,Thread Group 1-4,text,false,"The operation lasted too long: It took 321 milliseconds, but should not have lasted longer than 30 milliseconds.",293,183,863,863,http://localhost:3001/character/437,321,0,0
1745251873324,294,Delete,200,OK,Thread Group 1-157,text,false,"The operation lasted too long: It took 294 milliseconds, but should not have lasted longer than 30 milliseconds.",293,183,862,862,http://localhost:3001/character/486,294,0,0
1745251873324,294,Create,201,Created,Thread Group 1-350,text,false,"The operation lasted too long: It took 294 milliseconds, but should not have lasted longer than 30 milliseconds.",281,224,861,861,http://localhost:3001/character,294,0,0
1745251873294,325,Delete,200,OK,Thread Group 1-125,text,false,"The operation lasted too long: It took 325 milliseconds, but should not have lasted longer than 30 milliseconds.",293,183,861,861,http://localhost:3001/character/461,325,0,0
1745251873294,326,Delete,200,OK,Thread Group 1-131,text,false,"The operation lasted too long: It took 326 milliseconds, but should not have lasted longer than 30 milliseconds.",293,183,861,861,http://localhost:3001/character/477,326,0,0
1745251873297,324,Delete,200,OK,Thread Group 1-35,text,false,"The operation lasted too long: It took 324 milliseconds, but should not have lasted longer than 30 milliseconds.",293,183,859,859,http://localhost:3001/character/453,324,0,0
1745251873294,327,Delete,200,OK,Thread Group 1-164,text,false,"The operation lasted too long: It took 327 milliseconds, but should not have lasted longer than 30 milliseconds.",293,183,859,859,http://localhost:3001/character/493,327,0,0
1745251873295,326,Delete,200,OK,Thread Group 1-110,text,false,"The operation lasted too long: It took 326 milliseconds, but should not have lasted longer than 30 milliseconds.",293,183,859,859,http://localhost:3001/character/430,326,0,0
1745251873324,298,Delete,200,OK,Thread Group 1-23,text,false,"The operation lasted too long: It took 298 milliseconds, but should not have lasted longer than 30 milliseconds.",293,183,857,857,http://localhost:3001/character/439,298,0,0
1745251873295,327,Delete,200,OK,Thread Group 1-145,text,false,"The operation lasted too long: It took 327 milliseconds, but should not have lasted longer than 30 milliseconds.",293,183,856,856,http://localhost:3001/character/464,327,0,0
1745251873295,329,Delete,200,OK,Thread Group 1-127,text,false,"The operation lasted too long: It took 329 milliseconds, but should not have lasted longer than 30 milliseconds.",293,183,854,854,http://localhost:3001/character/466,329,0,0
1745251873294,331,Delete,200,OK,Thread Group 1-134,text,false,"The operation lasted too long: It took 331 milliseconds, but should not have lasted longer than 30 milliseconds.",293,183,853,853,http://localhost:3001/character/484,331,0,0
1745251873296,330,Delete,200,OK,Thread Group 1-48,text,false,"The operation lasted too long: It took 330 milliseconds, but should not have lasted longer than 30 milliseconds.",293,183,852,852,http://localhost:3001/character/445,329,0,0
1745251873294,332,Delete,200,OK,Thread Group 1-132,text,false,"The operation lasted too long: It took 332 milliseconds, but should not have lasted longer than 30 milliseconds.",293,183,851,851,http://localhost:3001/character/481,332,0,0
1745251873340,287,Delete,200,OK,Thread Group 1-133,text,false,"The operation lasted too long: It took 287 milliseconds, but should not have lasted longer than 30 milliseconds.",293,183,850,850,http://localhost:3001/character/475,287,0,0
1745251873340,288,Delete,200,OK,Thread Group 1-160,text,false,"The operation lasted too long: It took 288 milliseconds, but should not have lasted longer than 30 milliseconds.",293,183,849,849,http://localhost:3001/character/487,288,0,0
1745251873340,288,Delete,200,OK,Thread Group 1-146,text,false,"The operation lasted too long: It took 288 milliseconds, but should not have lasted longer than 30 milliseconds.",293,183,849,849,http://localhost:3001/character/468,288,0,0
1745251873340,289,get by ID,200,OK,Thread Group 1-284,text,false,"The operation lasted too long: It took 289 milliseconds, but should not have lasted longer than 30 milliseconds.",276,161,847,847,http://localhost:3001/character/562,289,0,0
1745251873297,332,Delete,200,OK,Thread Group 1-86,text,false,"The operation lasted too long: It took 332 milliseconds, but should not have lasted longer than 30 milliseconds.",293,183,847,847,http://localhost:3001/character/436,332,0,0
1745251873325,304,Delete,200,OK,Thread Group 1-103,text,false,"The operation lasted too long: It took 304 milliseconds, but should not have lasted longer than 30 milliseconds.",293,183,846,846,http://localhost:3001/character/442,304,0,0
1745251873339,296,Delete,200,OK,Thread Group 1-170,text,false,"The operation lasted too long: It took 296 milliseconds, but should not have lasted longer than 30 milliseconds.",293,183,845,845,http://localhost:3001/character/498,296,0,0
1745251873356,279,Delete,200,OK,Thread Group 1-183,text,false,"The operation lasted too long: It took 279 milliseconds, but should not have lasted longer than 30 milliseconds.",293,183,845,845,http://localhost:3001/character/530,279,0,0
1745251873359,276,get by ID,200,OK,Thread Group 1-283,text,false,"The operation lasted too long: It took 276 milliseconds, but should not have lasted longer than 30 milliseconds.",276,161,843,843,http://localhost:3001/character/559,276,0,0
1745251873356,279,Delete,200,OK,Thread Group 1-156,text,false,"The operation lasted too long: It took 279 milliseconds, but should not have lasted longer than 30 milliseconds.",293,183,843,843,http://localhost:3001/character/480,279,0,0
1745251873356,280,Delete,200,OK,Thread Group 1-221,text,false,"The operation lasted too long: It took 280 milliseconds, but should not have lasted longer than 30 milliseconds.",293,183,842,842,http://localhost:3001/character/518,280,0,0
1745251873359,277,Delete,200,OK,Thread Group 1-112,text,false,"The operation lasted too long: It took 277 milliseconds, but should not have lasted longer than 30 milliseconds.",293,183,841,841,http://localhost:3001/character/441,277,0,0
1745251873359,277,Delete,200,OK,Thread Group 1-222,text,false,"The operation lasted too long: It took 277 milliseconds, but should not have lasted longer than 30 milliseconds.",293,183,840,840,http://localhost:3001/character/519,277,0,0
1745251873360,277,Update,200,OK,Thread Group 1-200,text,false,"The operation lasted too long: It took 277 milliseconds, but should not have lasted longer than 30 milliseconds.",276,227,840,840,http://localhost:3001/character/552,277,0,0
1745251873360,277,Delete,200,OK,Thread Group 1-123,text,false,"The operation lasted too long: It took 277 milliseconds, but should not have lasted longer than 30 milliseconds.",293,183,839,839,http://localhost:3001/character/467,277,0,0
1745251873360,277,Delete,200,OK,Thread Group 1-55,text,false,"The operation lasted too long: It took 277 milliseconds, but should not have lasted longer than 30 milliseconds.",293,183,839,839,http://localhost:3001/character/403,277,0,0
1745251873359,279,Delete,200,OK,Thread Group 1-124,text,false,"The operation lasted too long: It took 279 milliseconds, but should not have lasted longer than 30 milliseconds.",293,183,837,837,http://localhost:3001/character/469,279,0,0
1745251873358,280,Delete,200,OK,Thread Group 1-182,text,false,"The operation lasted too long: It took 280 milliseconds, but should not have lasted longer than 30 milliseconds.",293,183,837,837,http://localhost:3001/character/503,280,0,0
1745251873358,280,Delete,200,OK,Thread Group 1-158,text,false,"The operation lasted too long: It took 280 milliseconds, but should not have lasted longer than 30 milliseconds.",293,183,836,836,http://localhost:3001/character/483,280,0,0
1745251873360,282,Update,200,OK,Thread Group 1-276,text,false,"The operation lasted too long: It took 282 milliseconds, but should not have lasted longer than 30 milliseconds.",276,227,834,834,http://localhost:3001/character/551,282,0,0
1745251873360,283,Delete,200,OK,Thread Group 1-169,text,false,"The operation lasted too long: It took 283 milliseconds, but should not have lasted longer than 30 milliseconds.",293,183,834,834,http://localhost:3001/character/497,283,0,0
1745251873361,282,Delete,200,OK,Thread Group 1-210,text,false,"The operation lasted too long: It took 282 milliseconds, but should not have lasted longer than 30 milliseconds.",293,183,833,833,http://localhost:3001/character/520,282,0,0
1745251873365,279,Delete,200,OK,Thread Group 1-172,text,false,"The operation lasted too long: It took 279 milliseconds, but should not have lasted longer than 30 milliseconds.",293,183,832,832,http://localhost:3001/character/501,279,0,0
1745251873361,284,Delete,200,OK,Thread Group 1-166,text,false,"The operation lasted too long: It took 284 milliseconds, but should not have lasted longer than 30 milliseconds.",293,183,831,831,http://localhost:3001/character/496,284,0,0
1745251873355,291,Delete,200,OK,Thread Group 1-181,text,false,"The operation lasted too long: It took 291 milliseconds, but should not have lasted longer than 30 milliseconds.",293,183,830,830,http://localhost:3001/character/525,291,0,0
1745251873362,284,Delete,200,OK,Thread Group 1-165,text,false,"The operation lasted too long: It took 284 milliseconds, but should not have lasted longer than 30 milliseconds.",293,183,830,830,http://localhost:3001/character/505,284,0,0
1745251873360,286,Delete,200,OK,Thread Group 1-171,text,false,"The operation lasted too long: It took 286 milliseconds, but should not have lasted longer than 30 milliseconds.",293,183,830,830,http://localhost:3001/character/502,286,0,0
1745251873355,291,Delete,200,OK,Thread Group 1-136,text,false,"The operation lasted too long: It took 291 milliseconds, but should not have lasted longer than 30 milliseconds.",293,183,830,830,http://localhost:3001/character/485,291,0,0
1745251873364,282,Delete,200,OK,Thread Group 1-202,text,false,"The operation lasted too long: It took 282 milliseconds, but should not have lasted longer than 30 milliseconds.",293,183,830,830,http://localhost:3001/character/513,282,0,0
1745251873361,285,Delete,200,OK,Thread Group 1-187,text,false,"The operation lasted too long: It took 285 milliseconds, but should not have lasted longer than 30 milliseconds.",293,183,829,829,http://localhost:3001/character/507,285,0,0
1745251873364,283,Update,200,OK,Thread Group 1-211,text,false,"The operation lasted too long: It took 283 milliseconds, but should not have lasted longer than 30 milliseconds.",276,227,824,824,http://localhost:3001/character/545,283,0,0
1745251873374,273,Update,200,OK,Thread Group 1-194,text,false,"The operation lasted too long: It took 273 milliseconds, but should not have lasted longer than 30 milliseconds.",276,227,824,824,http://localhost:3001/character/550,273,0,0
1745251873374,275,Update,200,OK,Thread Group 1-265,text,false,"The operation lasted too long: It took 275 milliseconds, but should not have lasted longer than 30 milliseconds.",276,227,824,824,http://localhost:3001/character/548,274,0,0
1745251873371,278,Delete,200,OK,Thread Group 1-168,text,false,"The operation lasted too long: It took 278 milliseconds, but should not have lasted longer than 30 milliseconds.",293,183,824,824,http://localhost:3001/character/495,278,0,0
1745251873369,280,Delete,200,OK,Thread Group 1-189,text,false,"The operation lasted too long: It took 280 milliseconds, but should not have lasted longer than 30 milliseconds.",293,183,824,824,http://localhost:3001/character/508,280,0,0
1745251873373,276,Delete,200,OK,Thread Group 1-159,text,false,"The operation lasted too long: It took 276 milliseconds, but should not have lasted longer than 30 milliseconds.",293,183,822,822,http://localhost:3001/character/491,276,0,0
1745251873373,276,Delete,200,OK,Thread Group 1-186,text,false,"The operation lasted too long: It took 276 milliseconds, but should not have lasted longer than 30 milliseconds.",293,183,822,822,http://localhost:3001/character/509,276,0,0
1745251873373,277,Update,200,OK,Thread Group 1-198,text,false,"The operation lasted too long: It took 277 milliseconds, but should not have lasted longer than 30 milliseconds.",276,227,822,822,http://localhost:3001/character/549,277,0,0
1745251873370,280,Delete,200,OK,Thread Group 1-162,text,false,"The operation lasted too long: It took 280 milliseconds, but should not have lasted longer than 30 milliseconds.",293,183,820,820,http://localhost:3001/character/494,280,0,0
1745251873371,279,Delete,200,OK,Thread Group 1-185,text,false,"The operation lasted too long: It took 279 milliseconds, but should not have lasted longer than 30 milliseconds.",293,183,820,820,http://localhost:3001/character/504,279,0,0
1745251873373,277,Delete,200,OK,Thread Group 1-163,text,false,"The operation lasted too long: It took 277 milliseconds, but should not have lasted longer than 30 milliseconds.",293,183,820,820,http://localhost:3001/character/492,277,0,0
1745251873370,280,Delete,200,OK,Thread Group 1-178,text,false,"The operation lasted too long: It took 280 milliseconds, but should not have lasted longer than 30 milliseconds.",293,183,820,820,http://localhost:3001/character/532,280,0,0
1745251873375,277,Delete,200,OK,Thread Group 1-217,text,false,"The operation lasted too long: It took 277 milliseconds, but should not have lasted longer than 30 milliseconds.",293,183,816,816,http://localhost:3001/character/517,277,0,0
1745251873376,277,Delete,200,OK,Thread Group 1-215,text,false,"The operation lasted too long: It took 277 milliseconds, but should not have lasted longer than 30 milliseconds.",293,183,815,815,http://localhost:3001/character/524,277,0,0
1745251873369,285,Delete,200,OK,Thread Group 1-138,text,false,"The operation lasted too long: It took 285 milliseconds, but should not have lasted longer than 30 milliseconds.",293,183,814,814,http://localhost:3001/character/489,285,0,0
1745251873375,280,Update,200,OK,Thread Group 1-272,text,false,"The operation lasted too long: It took 280 milliseconds, but should not have lasted longer than 30 milliseconds.",276,227,813,813,http://localhost:3001/character/554,280,0,0
1745251873368,289,Delete,200,OK,Thread Group 1-173,text,false,"The operation lasted too long: It took 289 milliseconds, but should not have lasted longer than 30 milliseconds.",293,183,813,813,http://localhost:3001/character/510,289,0,0
1745251873375,283,Delete,200,OK,Thread Group 1-220,text,false,"The operation lasted too long: It took 283 milliseconds, but should not have lasted longer than 30 milliseconds.",293,183,812,812,http://localhost:3001/character/521,283,0,0
1745251873374,284,Delete,200,OK,Thread Group 1-174,text,false,"The operation lasted too long: It took 284 milliseconds, but should not have lasted longer than 30 milliseconds.",293,183,812,812,http://localhost:3001/character/506,284,0,0
1745251873338,321,Delete,200,OK,Thread Group 1-152,text,false,"The operation lasted too long: It took 321 milliseconds, but should not have lasted longer than 30 milliseconds.",293,183,810,810,http://localhost:3001/character/476,321,0,0
1745251873335,325,Delete,200,OK,Thread Group 1-167,text,false,"The operation lasted too long: It took 325 milliseconds, but should not have lasted longer than 30 milliseconds.",293,183,810,810,http://localhost:3001/character/499,325,0,0
1745251873338,323,Delete,200,OK,Thread Group 1-184,text,false,"The operation lasted too long: It took 323 milliseconds, but should not have lasted longer than 30 milliseconds.",293,183,808,808,http://localhost:3001/character/500,323,0,0
1745251873338,323,Delete,200,OK,Thread Group 1-175,text,false,"The operation lasted too long: It took 323 milliseconds, but should not have lasted longer than 30 milliseconds.",293,183,808,808,http://localhost:3001/character/512,323,0,0
1745251873338,323,Delete,200,OK,Thread Group 1-65,text,false,"The operation lasted too long: It took 323 milliseconds, but should not have lasted longer than 30 milliseconds.",293,183,808,808,http://localhost:3001/character/433,323,0,0
1745251873328,334,Create,201,Created,Thread Group 1-305,text,false,"The operation lasted too long: It took 334 milliseconds, but should not have lasted longer than 30 milliseconds.",281,224,805,805,http://localhost:3001/character,334,0,0
1745251873331,331,Delete,200,OK,Thread Group 1-150,text,false,"The operation lasted too long: It took 331 milliseconds, but should not have lasted longer than 30 milliseconds.",293,183,805,805,http://localhost:3001/character/470,331,0,0
1745251873335,328,Delete,200,OK,Thread Group 1-126,text,false,"The operation lasted too long: It took 328 milliseconds, but should not have lasted longer than 30 milliseconds.",293,183,804,804,http://localhost:3001/character/458,328,0,0
1745251873337,327,Delete,200,OK,Thread Group 1-196,text,false,"The operation lasted too long: It took 327 milliseconds, but should not have lasted longer than 30 milliseconds.",293,183,803,803,http://localhost:3001/character/511,327,0,0
1745251873334,332,Delete,200,OK,Thread Group 1-5,text,false,"The operation lasted too long: It took 332 milliseconds, but should not have lasted longer than 30 milliseconds.",293,183,802,802,http://localhost:3001/character/444,332,0,0
1745251873333,334,Delete,200,OK,Thread Group 1-120,text,false,"The operation lasted too long: It took 334 milliseconds, but should not have lasted longer than 30 milliseconds.",293,183,801,801,http://localhost:3001/character/457,334,0,0
1745251873337,330,Delete,200,OK,Thread Group 1-176,text,false,"The operation lasted too long: It took 330 milliseconds, but should not have lasted longer than 30 milliseconds.",293,183,800,800,http://localhost:3001/character/515,330,0,0
1745251873337,331,Delete,200,OK,Thread Group 1-161,text,false,"The operation lasted too long: It took 331 milliseconds, but should not have lasted longer than 30 milliseconds.",293,183,799,799,http://localhost:3001/character/488,331,0,0
1745251873330,339,Delete,200,OK,Thread Group 1-147,text,false,"The operation lasted too long: It took 339 milliseconds, but should not have lasted longer than 30 milliseconds.",293,183,798,798,http://localhost:3001/character/459,339,0,0
1745251873328,342,Create,201,Created,Thread Group 1-351,text,false,"The operation lasted too long: It took 342 milliseconds, but should not have lasted longer than 30 milliseconds.",281,224,798,798,http://localhost:3001/character,342,0,0
1745251873339,332,Delete,200,OK,Thread Group 1-129,text,false,"The operation lasted too long: It took 332 milliseconds, but should not have lasted longer than 30 milliseconds.",293,183,797,797,http://localhost:3001/character/471,332,0,0
1745251873416,256,Update,200,OK,Thread Group 1-271,text,false,"The operation lasted too long: It took 256 milliseconds, but should not have lasted longer than 30 milliseconds.",276,227,796,796,http://localhost:3001/character/555,256,0,0
1745251873415,258,Update,200,OK,Thread Group 1-270,text,false,"The operation lasted too long: It took 258 milliseconds, but should not have lasted longer than 30 milliseconds.",276,227,796,796,http://localhost:3001/character/556,258,0,0
1745251873420,254,get by ID,200,OK,Thread Group 1-286,text,false,"The operation lasted too long: It took 254 milliseconds, but should not have lasted longer than 30 milliseconds.",276,161,796,796,http://localhost:3001/character/532,254,0,0
1745251873411,264,Delete,200,OK,Thread Group 1-179,text,false,"The operation lasted too long: It took 264 milliseconds, but should not have lasted longer than 30 milliseconds.",293,183,796,796,http://localhost:3001/character/514,264,0,0
1745251873410,265,Update,200,OK,Thread Group 1-274,text,false,"The operation lasted too long: It took 265 milliseconds, but should not have lasted longer than 30 milliseconds.",276,227,795,795,http://localhost:3001/character/553,265,0,0
1745251873410,266,Delete,200,OK,Thread Group 1-137,text,false,"The operation lasted too long: It took 266 milliseconds, but should not have lasted longer than 30 milliseconds.",293,183,795,795,http://localhost:3001/character/490,266,0,0
1745251873420,256,get by ID,200,OK,Thread Group 1-289,text,false,"The operation lasted too long: It took 256 milliseconds, but should not have lasted longer than 30 milliseconds.",276,161,795,795,http://localhost:3001/character/532,256,0,0
1745251873417,261,Delete,200,OK,Thread Group 1-180,text,false,"The operation lasted too long: It took 261 milliseconds, but should not have lasted longer than 30 milliseconds.",293,183,794,794,http://localhost:3001/character/523,261,0,0
1745251873416,264,Delete,200,OK,Thread Group 1-224,text,false,"The operation lasted too long: It took 264 milliseconds, but should not have lasted longer than 30 milliseconds.",293,183,793,793,http://localhost:3001/character/522,264,0,0
1745251873416,264,Delete,200,OK,Thread Group 1-218,text,false,"The operation lasted too long: It took 264 milliseconds, but should not have lasted longer than 30 milliseconds.",293,183,793,793,http://localhost:3001/character/531,264,0,0
1745251873421,267,Create,201,Created,Thread Group 1-343,text,false,"The operation lasted too long: It took 267 milliseconds, but should not have lasted longer than 30 milliseconds.",281,224,791,791,http://localhost:3001/character,267,0,0
1745251871867,1822,Get characters,200,OK,Thread Group 1-360,text,false,"The operation lasted too long: It took 1,822 milliseconds, but should not have lasted longer than 30 milliseconds.",17143,158,791,791,http://localhost:3001/characters,1822,0,0
1745251873516,177,Delete,200,OK,Thread Group 1-278,text,false,"The operation lasted too long: It took 177 milliseconds, but should not have lasted longer than 30 milliseconds.",293,183,791,791,http://localhost:3001/character/558,177,0,0
1745251873517,176,Delete,200,OK,Thread Group 1-279,text,false,"The operation lasted too long: It took 176 milliseconds, but should not have lasted longer than 30 milliseconds.",293,183,791,791,http://localhost:3001/character/559,176,0,0
1745251873539,157,Delete,200,OK,Thread Group 1-277,text,false,"The operation lasted too long: It took 157 milliseconds, but should not have lasted longer than 30 milliseconds.",293,183,789,789,http://localhost:3001/character/560,157,0,0
1745251873540,156,Delete,200,OK,Thread Group 1-280,text,false,"The operation lasted too long: It took 156 milliseconds, but should not have lasted longer than 30 milliseconds.",293,183,789,789,http://localhost:3001/character/561,156,0,0
1745251873541,156,Update,200,OK,Thread Group 1-282,text,false,"The operation lasted too long: It took 156 milliseconds, but should not have lasted longer than 30 milliseconds.",276,227,787,787,http://localhost:3001/character/495,156,0,0
1745251873541,157,Update,200,OK,Thread Group 1-290,text,false,"The operation lasted too long: It took 157 milliseconds, but should not have lasted longer than 30 milliseconds.",276,227,787,787,http://localhost:3001/character/496,157,0,0
1745251873541,162,Update,200,OK,Thread Group 1-291,text,false,"The operation lasted too long: It took 162 milliseconds, but should not have lasted longer than 30 milliseconds.",276,227,787,787,http://localhost:3001/character/497,162,0,0
1745251873542,161,Update,200,OK,Thread Group 1-339,text,false,"The operation lasted too long: It took 161 milliseconds, but should not have lasted longer than 30 milliseconds.",276,227,787,787,http://localhost:3001/character/498,161,0,0
1745251873542,162,Update,200,OK,Thread Group 1-355,text,false,"The operation lasted too long: It took 162 milliseconds, but should not have lasted longer than 30 milliseconds.",276,227,787,787,http://localhost:3001/character/499,162,0,0
1745251873542,162,Update,200,OK,Thread Group 1-346,text,false,"The operation lasted too long: It took 162 milliseconds, but should not have lasted longer than 30 milliseconds.",276,227,787,787,http://localhost:3001/character/500,162,0,0
1745251873545,161,Update,200,OK,Thread Group 1-285,text,false,"The operation lasted too long: It took 161 milliseconds, but should not have lasted longer than 30 milliseconds.",276,227,787,787,http://localhost:3001/character/501,161,0,0
1745251873545,163,Update,200,OK,Thread Group 1-288,text,false,"The operation lasted too long: It took 163 milliseconds, but should not have lasted longer than 30 milliseconds.",276,227,787,787,http://localhost:3001/character/502,163,0,0
1745251873545,165,Update,200,OK,Thread Group 1-356,text,false,"The operation lasted too long: It took 165 milliseconds, but should not have lasted longer than 30 milliseconds.",276,227,787,787,http://localhost:3001/character/503,165,0,0
1745251873546,164,Update,200,OK,Thread Group 1-348,text,false,"The operation lasted too long: It took 164 milliseconds, but should not have lasted longer than 30 milliseconds.",276,227,787,787,http://localhost:3001/character/504,164,0,0
1745251873546,165,Update,200,OK,Thread Group 1-287,text,false,"The operation lasted too long: It took 165 milliseconds, but should not have lasted longer than 30 milliseconds.",276,227,787,787,http://localhost:3001/character/505,165,0,0
1745251873546,168,Update,200,OK,Thread Group 1-334,text,false,"The operation lasted too long: It took 168 milliseconds, but should not have lasted longer than 30 milliseconds.",276,227,787,787,http://localhost:3001/character/506,168,0,0
1745251873546,169,Update,200,OK,Thread Group 1-292,text,false,"The operation lasted too long: It took 169 milliseconds, but should not have lasted longer than 30 milliseconds.",276,227,787,787,http://localhost:3001/character/507,169,0,0
1745251873546,169,Update,200,OK,Thread Group 1-357,text,false,"The operation lasted too long: It took 169 milliseconds, but should not have lasted longer than 30 milliseconds.",276,227,787,787,http://localhost:3001/character/508,169,0,0
1745251873547,169,Update,200,OK,Thread Group 1-358,text,false,"The operation lasted too long: It took 169 milliseconds, but should not have lasted longer than 30 milliseconds.",276,227,787,787,http://localhost:3001/character/509,169,0,0
1745251873547,170,Update,200,OK,Thread Group 1-294,text,false,"The operation lasted too long: It took 170 milliseconds, but should not have lasted longer than 30 milliseconds.",276,227,787,787,http://localhost:3001/character/510,169,0,0
1745251873547,170,Update,200,OK,Thread Group 1-337,text,false,"The operation lasted too long: It took 170 milliseconds, but should not have lasted longer than 30 milliseconds.",276,227,787,787,http://localhost:3001/character/511,170,0,0
1745251873549,169,Update,200,OK,Thread Group 1-325,text,false,"The operation lasted too long: It took 169 milliseconds, but should not have lasted longer than 30 milliseconds.",276,227,787,787,http://localhost:3001/character/512,169,0,0
1745251873550,168,Update,200,OK,Thread Group 1-296,text,false,"The operation lasted too long: It took 168 milliseconds, but should not have lasted longer than 30 milliseconds.",276,227,787,787,http://localhost:3001/character/513,168,0,0
1745251873551,168,Update,200,OK,Thread Group 1-295,text,false,"The operation lasted too long: It took 168 milliseconds, but should not have lasted longer than 30 milliseconds.",276,227,787,787,http://localhost:3001/character/514,168,0,0
1745251873553,166,Update,200,OK,Thread Group 1-336,text,false,"The operation lasted too long: It took 166 milliseconds, but should not have lasted longer than 30 milliseconds.",276,227,787,787,http://localhost:3001/character/515,166,0,0
1745251873556,164,Update,200,OK,Thread Group 1-293,text,false,"The operation lasted too long: It took 164 milliseconds, but should not have lasted longer than 30 milliseconds.",276,227,787,787,http://localhost:3001/character/515,164,0,0
1745251873556,164,Update,200,OK,Thread Group 1-335,text,false,"The operation lasted too long: It took 164 milliseconds, but should not have lasted longer than 30 milliseconds.",276,227,787,787,http://localhost:3001/character/516,164,0,0
1745251873557,164,Update,200,OK,Thread Group 1-298,text,false,"The operation lasted too long: It took 164 milliseconds, but should not have lasted longer than 30 milliseconds.",276,227,787,787,http://localhost:3001/character/514,164,0,0
1745251873557,164,Update,200,OK,Thread Group 1-331,text,false,"The operation lasted too long: It took 164 milliseconds, but should not have lasted longer than 30 milliseconds.",276,227,787,787,http://localhost:3001/character/515,164,0,0
1745251873557,165,Update,200,OK,Thread Group 1-338,text,false,"The operation lasted too long: It took 165 milliseconds, but should not have lasted longer than 30 milliseconds.",276,227,787,787,http://localhost:3001/character/516,165,0,0
1745251873558,165,Update,200,OK,Thread Group 1-299,text,false,"The operation lasted too long: It took 165 milliseconds, but should not have lasted longer than 30 milliseconds.",276,227,787,787,http://localhost:3001/character/517,165,0,0
1745251873558,166,Update,200,OK,Thread Group 1-308,text,false,"The operation lasted too long: It took 166 milliseconds, but should not have lasted longer than 30 milliseconds.",276,227,787,787,http://localhost:3001/character/518,166,0,0
1745251873558,167,Update,200,OK,Thread Group 1-340,text,false,"The operation lasted too long: It took 167 milliseconds, but should not have lasted longer than 30 milliseconds.",276,227,787,787,http://localhost:3001/character/519,167,0,0
1745251873559,166,Update,200,OK,Thread Group 1-332,text,false,"The operation lasted too long: It took 166 milliseconds, but should not have lasted longer than 30 milliseconds.",276,227,787,787,http://localhost:3001/character/520,166,0,0
1745251873559,167,Update,200,OK,Thread Group 1-341,text,false,"The operation lasted too long: It took 167 milliseconds, but should not have lasted longer than 30 milliseconds.",276,227,787,787,http://localhost:3001/character/521,167,0,0
1745251873559,168,Update,200,OK,Thread Group 1-300,text,false,"The operation lasted too long: It took 168 milliseconds, but should not have lasted longer than 30 milliseconds.",276,227,787,787,http://localhost:3001/character/522,168,0,0
1745251873559,169,Update,200,OK,Thread Group 1-328,text,false,"The operation lasted too long: It took 169 milliseconds, but should not have lasted longer than 30 milliseconds.",276,227,787,787,http://localhost:3001/character/523,169,0,0
1745251873571,158,Delete,200,OK,Thread Group 1-269,text,false,"The operation lasted too long: It took 158 milliseconds, but should not have lasted longer than 30 milliseconds.",293,183,787,787,http://localhost:3001/character/541,158,0,0
1745251873573,156,Delete,200,OK,Thread Group 1-195,text,false,"The operation lasted too long: It took 156 milliseconds, but should not have lasted longer than 30 milliseconds.",293,183,786,786,http://localhost:3001/character/542,156,0,0
1745251873574,156,Delete,200,OK,Thread Group 1-267,text,false,"The operation lasted too long: It took 156 milliseconds, but should not have lasted longer than 30 milliseconds.",293,183,785,785,http://localhost:3001/character/543,156,0,0
1745251873578,154,Delete,200,OK,Thread Group 1-273,text,false,"The operation lasted too long: It took 154 milliseconds, but should not have lasted longer than 30 milliseconds.",293,183,784,784,http://localhost:3001/character/544,154,0,0
1745251873617,116,Update,200,OK,Thread Group 1-281,text,false,"The operation lasted too long: It took 116 milliseconds, but should not have lasted longer than 30 milliseconds.",276,227,783,783,http://localhost:3001/character/556,116,0,0
1745251873619,114,get by ID,200,OK,Thread Group 1-350,text,false,"The operation lasted too long: It took 114 milliseconds, but should not have lasted longer than 30 milliseconds.",276,161,783,783,http://localhost:3001/character/465,114,0,0
1745251873617,117,Delete,200,OK,Thread Group 1-268,text,false,"The operation lasted too long: It took 117 milliseconds, but should not have lasted longer than 30 milliseconds.",293,183,783,783,http://localhost:3001/character/546,117,0,0
1745251873613,121,Delete,200,OK,Thread Group 1-266,text,false,"The operation lasted too long: It took 121 milliseconds, but should not have lasted longer than 30 milliseconds.",293,183,782,782,http://localhost:3001/character/547,121,0,0
1745251873629,106,Update,200,OK,Thread Group 1-284,text,false,"The operation lasted too long: It took 106 milliseconds, but should not have lasted longer than 30 milliseconds.",276,227,781,781,http://localhost:3001/character/562,106,0,0
1745251873637,99,Delete,200,OK,Thread Group 1-200,text,false,"The operation lasted too long: It took 99 milliseconds, but should not have lasted longer than 30 milliseconds.",293,183,781,781,http://localhost:3001/character/552,99,0,0
1745251873636,101,Update,200,OK,Thread Group 1-283,text,false,"The operation lasted too long: It took 101 milliseconds, but should not have lasted longer than 30 milliseconds.",276,227,780,780,http://localhost:3001/character/559,101,0,0
1745251873647,91,Delete,200,OK,Thread Group 1-211,text,false,"The operation lasted too long: It took 91 milliseconds, but should not have lasted longer than 30 milliseconds.",293,183,780,780,http://localhost:3001/character/545,91,0,0
1745251873642,97,Delete,200,OK,Thread Group 1-276,text,false,"The operation lasted too long: It took 97 milliseconds, but should not have lasted longer than 30 milliseconds.",293,183,779,779,http://localhost:3001/character/551,97,0,0
1745251873647,92,Delete,200,OK,Thread Group 1-194,text,false,"The operation lasted too long: It took 92 milliseconds, but should not have lasted longer than 30 milliseconds.",293,183,778,778,http://localhost:3001/character/550,92,0,0
1745251873649,92,Delete,200,OK,Thread Group 1-265,text,false,"The operation lasted too long: It took 92 milliseconds, but should not have lasted longer than 30 milliseconds.",293,183,777,777,http://localhost:3001/character/548,92,0,0
1745251873650,91,Delete,200,OK,Thread Group 1-198,text,false,"The operation lasted too long: It took 91 milliseconds, but should not have lasted longer than 30 milliseconds.",293,183,776,776,http://localhost:3001/character/549,91,0,0
1745251873655,88,Delete,200,OK,Thread Group 1-272,text,false,"The operation lasted too long: It took 88 milliseconds, but should not have lasted longer than 30 milliseconds.",293,183,775,775,http://localhost:3001/character/554,88,0,0
1745251873662,81,get by ID,200,OK,Thread Group 1-305,text,false,"The operation lasted too long: It took 81 milliseconds, but should not have lasted longer than 30 milliseconds.",276,161,774,774,http://localhost:3001/character/416,81,0,0
1745251873670,74,get by ID,200,OK,Thread Group 1-351,text,false,"The operation lasted too long: It took 74 milliseconds, but should not have lasted longer than 30 milliseconds.",276,161,774,774,http://localhost:3001/character/409,74,0,0
1745251873672,73,Delete,200,OK,Thread Group 1-271,text,false,"The operation lasted too long: It took 73 milliseconds, but should not have lasted longer than 30 milliseconds.",293,183,774,774,http://localhost:3001/character/555,73,0,0
1745251873673,74,Delete,200,OK,Thread Group 1-270,text,false,"The operation lasted too long: It took 74 milliseconds, but should not have lasted longer than 30 milliseconds.",293,183,773,773,http://localhost:3001/character/556,74,0,0
1745251873674,73,Update,200,OK,Thread Group 1-286,text,false,"The operation lasted too long: It took 73 milliseconds, but should not have lasted longer than 30 milliseconds.",276,227,773,773,http://localhost:3001/character/532,73,0,0
1745251873675,72,Delete,200,OK,Thread Group 1-274,text,false,"The operation lasted too long: It took 72 milliseconds, but should not have lasted longer than 30 milliseconds.",293,183,773,773,http://localhost:3001/character/553,72,0,0
1745251873677,72,Update,200,OK,Thread Group 1-289,text,false,"The operation lasted too long: It took 72 milliseconds, but should not have lasted longer than 30 milliseconds.",276,227,771,771,http://localhost:3001/character/532,72,0,0
1745251873511,238,get by ID,200,OK,Thread Group 1-345,text,false,"The operation lasted too long: It took 238 milliseconds, but should not have lasted longer than 30 milliseconds.",276,161,771,771,http://localhost:3001/character/530,238,0,0
1745251873510,240,get by ID,200,OK,Thread Group 1-297,text,false,"The operation lasted too long: It took 240 milliseconds, but should not have lasted longer than 30 milliseconds.",276,161,771,771,http://localhost:3001/character/525,240,0,0
1745251873510,241,get by ID,200,OK,Thread Group 1-302,text,false,"The operation lasted too long: It took 241 milliseconds, but should not have lasted longer than 30 milliseconds.",276,161,771,771,http://localhost:3001/character/526,241,0,0
1745251873509,242,get by ID,200,OK,Thread Group 1-342,text,false,"The operation lasted too long: It took 242 milliseconds, but should not have lasted longer than 30 milliseconds.",276,161,771,771,http://localhost:3001/character/527,242,0,0
1745251873506,246,get by ID,200,OK,Thread Group 1-309,text,false,"The operation lasted too long: It took 246 milliseconds, but should not have lasted longer than 30 milliseconds.",276,161,771,771,http://localhost:3001/character/528,246,0,0
1745251873507,245,get by ID,200,OK,Thread Group 1-303,text,false,"The operation lasted too long: It took 245 milliseconds, but should not have lasted longer than 30 milliseconds.",276,161,771,771,http://localhost:3001/character/531,245,0,0
1745251873510,243,get by ID,200,OK,Thread Group 1-301,text,false,"The operation lasted too long: It took 243 milliseconds, but should not have lasted longer than 30 milliseconds.",276,161,771,771,http://localhost:3001/character/524,243,0,0
1745251873511,242,get by ID,200,OK,Thread Group 1-344,text,false,"The operation lasted too long: It took 242 milliseconds, but should not have lasted longer than 30 milliseconds.",276,161,771,771,http://localhost:3001/character/529,242,0,0
1745251873521,233,Update,200,OK,Thread Group 1-275,text,false,"The operation lasted too long: It took 233 milliseconds, but should not have lasted longer than 30 milliseconds.",276,227,771,771,http://localhost:3001/character/557,233,0,0
1745251873519,235,get by ID,200,OK,Thread Group 1-304,text,false,"The operation lasted too long: It took 235 milliseconds, but should not have lasted longer than 30 milliseconds.",276,161,771,771,http://localhost:3001/character/527,235,0,0
1745251873517,238,Delete,200,OK,Thread Group 1-209,text,false,"The operation lasted too long: It took 238 milliseconds, but should not have lasted longer than 30 milliseconds.",293,183,771,771,http://localhost:3001/character/533,238,0,0
1745251873516,241,get by ID,200,OK,Thread Group 1-327,text,false,"The operation lasted too long: It took 241 milliseconds, but should not have lasted longer than 30 milliseconds.",276,161,770,770,http://localhost:3001/character/520,241,0,0
1745251873516,241,Create,201,Created,Thread Group 1-311,text,false,"The operation lasted too long: It took 241 milliseconds, but should not have lasted longer than 30 milliseconds.",281,224,770,770,http://localhost:3001/character,241,0,0
1745251871867,1890,Get characters,200,OK,Thread Group 1-359,text,false,"The operation lasted too long: It took 1,890 milliseconds, but should not have lasted longer than 30 milliseconds.",16303,158,770,770,http://localhost:3001/characters,1890,0,0
1745251873697,78,Delete,200,OK,Thread Group 1-282,text,false,"The operation lasted too long: It took 78 milliseconds, but should not have lasted longer than 30 milliseconds.",293,183,770,770,http://localhost:3001/character/495,78,0,0
1745251873698,83,Delete,200,OK,Thread Group 1-290,text,false,"The operation lasted too long: It took 83 milliseconds, but should not have lasted longer than 30 milliseconds.",293,183,769,769,http://localhost:3001/character/496,83,0,0
1745251873703,78,Delete,200,OK,Thread Group 1-291,text,false,"The operation lasted too long: It took 78 milliseconds, but should not have lasted longer than 30 milliseconds.",293,183,769,769,http://localhost:3001/character/497,78,0,0
1745251873704,77,Delete,200,OK,Thread Group 1-339,text,false,"The operation lasted too long: It took 77 milliseconds, but should not have lasted longer than 30 milliseconds.",293,183,769,769,http://localhost:3001/character/498,77,0,0
1745251873704,78,Delete,200,OK,Thread Group 1-355,text,false,"The operation lasted too long: It took 78 milliseconds, but should not have lasted longer than 30 milliseconds.",293,183,766,766,http://localhost:3001/character/499,78,0,0
1745251873704,85,Delete,200,OK,Thread Group 1-346,text,false,"The operation lasted too long: It took 85 milliseconds, but should not have lasted longer than 30 milliseconds.",293,183,765,765,http://localhost:3001/character/500,85,0,0
1745251873710,79,Delete,200,OK,Thread Group 1-356,text,false,"The operation lasted too long: It took 79 milliseconds, but should not have lasted longer than 30 milliseconds.",293,183,765,765,http://localhost:3001/character/503,79,0,0
1745251873707,82,Delete,200,OK,Thread Group 1-285,text,false,"The operation lasted too long: It took 82 milliseconds, but should not have lasted longer than 30 milliseconds.",293,183,765,765,http://localhost:3001/character/501,82,0,0
1745251873715,74,Delete,200,OK,Thread Group 1-334,text,false,"The operation lasted too long: It took 74 milliseconds, but should not have lasted longer than 30 milliseconds.",293,183,765,765,http://localhost:3001/character/506,74,0,0
1745251873710,80,Delete,200,OK,Thread Group 1-348,text,false,"The operation lasted too long: It took 80 milliseconds, but should not have lasted longer than 30 milliseconds.",293,183,761,761,http://localhost:3001/character/504,80,0,0
1745251873711,79,Delete,200,OK,Thread Group 1-287,text,false,"The operation lasted too long: It took 79 milliseconds, but should not have lasted longer than 30 milliseconds.",293,183,761,761,http://localhost:3001/character/505,79,0,0
1745251873708,82,Delete,200,OK,Thread Group 1-288,text,false,"The operation lasted too long: It took 82 milliseconds, but should not have lasted longer than 30 milliseconds.",293,183,759,759,http://localhost:3001/character/502,82,0,0
1745251873715,77,Delete,200,OK,Thread Group 1-292,text,false,"The operation lasted too long: It took 77 milliseconds, but should not have lasted longer than 30 milliseconds.",293,183,758,758,http://localhost:3001/character/507,77,0,0
1745251873718,74,Delete,200,OK,Thread Group 1-296,text,false,"The operation lasted too long: It took 74 milliseconds, but should not have lasted longer than 30 milliseconds.",293,183,757,757,http://localhost:3001/character/513,74,0,0
1745251873716,76,Delete,200,OK,Thread Group 1-357,text,false,"The operation lasted too long: It took 76 milliseconds, but should not have lasted longer than 30 milliseconds.",293,183,757,757,http://localhost:3001/character/508,76,0,0
1745251873716,76,Delete,200,OK,Thread Group 1-358,text,false,"The operation lasted too long: It took 76 milliseconds, but should not have lasted longer than 30 milliseconds.",293,183,757,757,http://localhost:3001/character/509,76,0,0
1745251873717,76,Delete,200,OK,Thread Group 1-337,text,false,"The operation lasted too long: It took 76 milliseconds, but should not have lasted longer than 30 milliseconds.",293,183,757,757,http://localhost:3001/character/511,76,0,0
1745251873717,76,Delete,200,OK,Thread Group 1-294,text,false,"The operation lasted too long: It took 76 milliseconds, but should not have lasted longer than 30 milliseconds.",293,183,757,757,http://localhost:3001/character/510,76,0,0
1745251873718,75,Delete,200,OK,Thread Group 1-325,text,false,"The operation lasted too long: It took 75 milliseconds, but should not have lasted longer than 30 milliseconds.",293,183,757,757,http://localhost:3001/character/512,75,0,0
1745251873719,75,Delete,200,OK,Thread Group 1-295,text,false,"The operation lasted too long: It took 75 milliseconds, but should not have lasted longer than 30 milliseconds.",293,183,751,751,http://localhost:3001/character/514,75,0,0
1745251873719,75,Delete,200,OK,Thread Group 1-336,text,false,"The operation lasted too long: It took 75 milliseconds, but should not have lasted longer than 30 milliseconds.",293,183,750,750,http://localhost:3001/character/515,75,0,0
1745251873720,75,Delete,200,OK,Thread Group 1-293,text,false,"The operation lasted too long: It took 75 milliseconds, but should not have lasted longer than 30 milliseconds.",293,183,749,749,http://localhost:3001/character/515,75,0,0
1745251873720,76,Delete,200,OK,Thread Group 1-335,text,false,"The operation lasted too long: It took 76 milliseconds, but should not have lasted longer than 30 milliseconds.",293,183,748,748,http://localhost:3001/character/516,76,0,0
1745251873721,76,Delete,200,OK,Thread Group 1-298,text,false,"The operation lasted too long: It took 76 milliseconds, but should not have lasted longer than 30 milliseconds.",293,183,747,747,http://localhost:3001/character/514,76,0,0
1745251873721,76,Delete,200,OK,Thread Group 1-331,text,false,"The operation lasted too long: It took 76 milliseconds, but should not have lasted longer than 30 milliseconds.",293,183,746,746,http://localhost:3001/character/515,76,0,0
1745251873722,77,Delete,200,OK,Thread Group 1-338,text,false,"The operation lasted too long: It took 77 milliseconds, but should not have lasted longer than 30 milliseconds.",293,183,745,745,http://localhost:3001/character/516,77,0,0
1745251873723,77,Delete,200,OK,Thread Group 1-299,text,false,"The operation lasted too long: It took 77 milliseconds, but should not have lasted longer than 30 milliseconds.",293,183,744,744,http://localhost:3001/character/517,77,0,0
1745251873724,78,Delete,200,OK,Thread Group 1-308,text,false,"The operation lasted too long: It took 78 milliseconds, but should not have lasted longer than 30 milliseconds.",293,183,743,743,http://localhost:3001/character/518,78,0,0
1745251873725,77,Delete,200,OK,Thread Group 1-340,text,false,"The operation lasted too long: It took 77 milliseconds, but should not have lasted longer than 30 milliseconds.",293,183,742,742,http://localhost:3001/character/519,77,0,0
1745251873726,78,Delete,200,OK,Thread Group 1-332,text,false,"The operation lasted too long: It took 78 milliseconds, but should not have lasted longer than 30 milliseconds.",293,183,741,741,http://localhost:3001/character/520,78,0,0
1745251873727,78,Delete,200,OK,Thread Group 1-341,text,false,"The operation lasted too long: It took 78 milliseconds, but should not have lasted longer than 30 milliseconds.",293,183,740,740,http://localhost:3001/character/521,78,0,0
1745251873728,79,Delete,200,OK,Thread Group 1-328,text,false,"The operation lasted too long: It took 79 milliseconds, but should not have lasted longer than 30 milliseconds.",293,183,739,739,http://localhost:3001/character/523,79,0,0
1745251873727,79,Delete,200,OK,Thread Group 1-300,text,false,"The operation lasted too long: It took 79 milliseconds, but should not have lasted longer than 30 milliseconds.",293,183,739,739,http://localhost:3001/character/522,79,0,0
1745251873733,75,Update,200,OK,Thread Group 1-350,text,false,"The operation lasted too long: It took 75 milliseconds, but should not have lasted longer than 30 milliseconds.",276,227,737,737,http://localhost:3001/character/465,75,0,0
1745251873735,73,Delete,200,OK,Thread Group 1-284,text,false,"The operation lasted too long: It took 73 milliseconds, but should not have lasted longer than 30 milliseconds.",293,183,737,737,http://localhost:3001/character/562,73,0,0
1745251873733,75,Delete,200,OK,Thread Group 1-281,text,false,"The operation lasted too long: It took 75 milliseconds, but should not have lasted longer than 30 milliseconds.",293,183,737,737,http://localhost:3001/character/556,75,0,0
1745251873744,66,Update,200,OK,Thread Group 1-305,text,false,"The operation lasted too long: It took 66 milliseconds, but should not have lasted longer than 30 milliseconds.",276,227,735,735,http://localhost:3001/character/416,66,0,0
1745251873737,73,Delete,200,OK,Thread Group 1-283,text,false,"The operation lasted too long: It took 73 milliseconds, but should not have lasted longer than 30 milliseconds.",293,183,735,735,http://localhost:3001/character/559,73,0,0
1745251873745,65,Update,200,OK,Thread Group 1-351,text,false,"The operation lasted too long: It took 65 milliseconds, but should not have lasted longer than 30 milliseconds.",276,227,735,735,http://localhost:3001/character/409,65,0,0
1745251873747,63,Delete,200,OK,Thread Group 1-286,text,false,"The operation lasted too long: It took 63 milliseconds, but should not have lasted longer than 30 milliseconds.",293,183,735,735,http://localhost:3001/character/532,63,0,0
1745251873749,62,Delete,200,OK,Thread Group 1-289,text,false,"The operation lasted too long: It took 62 milliseconds, but should not have lasted longer than 30 milliseconds.",293,183,733,733,http://localhost:3001/character/532,62,0,0
1745251873749,63,Update,200,OK,Thread Group 1-345,text,false,"The operation lasted too long: It took 63 milliseconds, but should not have lasted longer than 30 milliseconds.",276,227,732,732,http://localhost:3001/character/530,63,0,0
1745251873750,63,Update,200,OK,Thread Group 1-297,text,false,"The operation lasted too long: It took 63 milliseconds, but should not have lasted longer than 30 milliseconds.",276,227,732,732,http://localhost:3001/character/525,63,0,0
1745251873751,62,Update,200,OK,Thread Group 1-302,text,false,"The operation lasted too long: It took 62 milliseconds, but should not have lasted longer than 30 milliseconds.",276,227,732,732,http://localhost:3001/character/526,62,0,0
1745251873751,63,Update,200,OK,Thread Group 1-342,text,false,"The operation lasted too long: It took 63 milliseconds, but should not have lasted longer than 30 milliseconds.",276,227,732,732,http://localhost:3001/character/527,63,0,0
1745251873752,62,Update,200,OK,Thread Group 1-309,text,false,"The operation lasted too long: It took 62 milliseconds, but should not have lasted longer than 30 milliseconds.",276,227,732,732,http://localhost:3001/character/528,62,0,0
1745251873752,63,Update,200,OK,Thread Group 1-303,text,false,"The operation lasted too long: It took 63 milliseconds, but should not have lasted longer than 30 milliseconds.",276,227,732,732,http://localhost:3001/character/531,63,0,0
1745251873753,63,Update,200,OK,Thread Group 1-301,text,false,"The operation lasted too long: It took 63 milliseconds, but should not have lasted longer than 30 milliseconds.",276,227,732,732,http://localhost:3001/character/524,63,0,0
1745251873753,64,Update,200,OK,Thread Group 1-344,text,false,"The operation lasted too long: It took 64 milliseconds, but should not have lasted longer than 30 milliseconds.",276,227,732,732,http://localhost:3001/character/529,64,0,0
1745251873754,64,Delete,200,OK,Thread Group 1-275,text,false,"The operation lasted too long: It took 64 milliseconds, but should not have lasted longer than 30 milliseconds.",293,183,732,732,http://localhost:3001/character/557,64,0,0
1745251873754,65,Update,200,OK,Thread Group 1-304,text,false,"The operation lasted too long: It took 65 milliseconds, but should not have lasted longer than 30 milliseconds.",276,227,731,731,http://localhost:3001/character/527,65,0,0
1745251873757,63,get by ID,200,OK,Thread Group 1-311,text,false,"The operation lasted too long: It took 63 milliseconds, but should not have lasted longer than 30 milliseconds.",276,161,731,731,http://localhost:3001/character/384,63,0,0
1745251873757,64,Update,200,OK,Thread Group 1-327,text,false,"The operation lasted too long: It took 64 milliseconds, but should not have lasted longer than 30 milliseconds.",276,227,731,731,http://localhost:3001/character/520,64,0,0
1745251873758,63,Create,201,Created,Thread Group 1-359,text,false,"The operation lasted too long: It took 63 milliseconds, but should not have lasted longer than 30 milliseconds.",281,224,731,731,http://localhost:3001/character,63,0,0
1745251873690,132,Create,201,Created,Thread Group 1-360,text,false,"The operation lasted too long: It took 132 milliseconds, but should not have lasted longer than 30 milliseconds.",281,224,731,731,http://localhost:3001/character,132,0,0
1745251873688,135,get by ID,200,OK,Thread Group 1-343,text,false,"The operation lasted too long: It took 135 milliseconds, but should not have lasted longer than 30 milliseconds.",276,161,731,731,http://localhost:3001/character/404,135,0,0
1745251871817,2007,Get characters,200,OK,Thread Group 1-310,text,false,"The operation lasted too long: It took 2,007 milliseconds, but should not have lasted longer than 30 milliseconds.",14749,158,731,731,http://localhost:3001/characters,2007,0,1
1745251873809,19,Delete,200,OK,Thread Group 1-350,text,true,,293,183,731,731,http://localhost:3001/character/465,19,0,0
1745251873810,18,Delete,200,OK,Thread Group 1-351,text,true,,293,183,731,731,http://localhost:3001/character/409,18,0,0
1745251873810,18,Delete,200,OK,Thread Group 1-305,text,true,,293,183,731,731,http://localhost:3001/character/416,18,0,0
1745251873813,16,Delete,200,OK,Thread Group 1-297,text,true,,293,183,728,728,http://localhost:3001/character/525,16,0,0
1745251873813,16,Delete,200,OK,Thread Group 1-302,text,true,,293,183,728,728,http://localhost:3001/character/526,16,0,0
1745251873812,17,Delete,200,OK,Thread Group 1-345,text,true,,293,183,728,728,http://localhost:3001/character/530,17,0,0
1745251873814,16,Delete,200,OK,Thread Group 1-342,text,true,,293,183,725,725,http://localhost:3001/character/527,16,0,0
1745251873816,14,Delete,200,OK,Thread Group 1-303,text,true,,293,183,725,725,http://localhost:3001/character/531,14,0,0
1745251873815,16,Delete,200,OK,Thread Group 1-309,text,true,,293,183,723,723,http://localhost:3001/character/528,16,0,0
1745251873819,13,Delete,200,OK,Thread Group 1-304,text,true,,293,183,722,722,http://localhost:3001/character/527,13,0,0
1745251873816,16,Delete,200,OK,Thread Group 1-301,text,true,,293,183,722,722,http://localhost:3001/character/524,16,0,0
1745251873817,15,Delete,200,OK,Thread Group 1-344,text,true,,293,183,722,722,http://localhost:3001/character/529,15,0,0
1745251873821,12,Delete,200,OK,Thread Group 1-327,text,true,,293,183,719,719,http://localhost:3001/character/520,12,0,0
1745251873820,13,Update,200,OK,Thread Group 1-311,text,true,,276,227,719,719,http://localhost:3001/character/384,13,0,0
1745251873822,11,get by ID,200,OK,Thread Group 1-359,text,true,,276,161,718,718,http://localhost:3001/character/346,11,0,0
1745251871818,2017,Get characters,200,OK,Thread Group 1-312,text,false,"The operation lasted too long: It took 2,017 milliseconds, but should not have lasted longer than 30 milliseconds.",14203,158,718,718,http://localhost:3001/characters,2017,0,0
1745251873833,10,Delete,200,OK,Thread Group 1-311,text,true,,293,183,718,718,http://localhost:3001/character/384,10,0,0
1745251873833,10,Update,200,OK,Thread Group 1-359,text,true,,276,227,717,717,http://localhost:3001/character/346,10,0,0
1745251873835,9,Create,201,Created,Thread Group 1-312,text,true,,281,224,717,717,http://localhost:3001/character,9,0,0
1745251873824,22,Create,201,Created,Thread Group 1-310,text,true,,281,224,717,717,http://localhost:3001/character,22,0,0
1745251873823,24,Update,200,OK,Thread Group 1-343,text,true,,276,227,717,717,http://localhost:3001/character/404,24,0,0
1745251873823,24,get by ID,200,OK,Thread Group 1-360,text,true,,276,161,717,717,http://localhost:3001/character/347,24,0,0
1745251871867,1981,Get characters,200,OK,Thread Group 1-352,text,false,"The operation lasted too long: It took 1,981 milliseconds, but should not have lasted longer than 30 milliseconds.",14245,158,717,717,http://localhost:3001/characters,1981,0,1
1745251871818,2032,Get characters,200,OK,Thread Group 1-306,text,false,"The operation lasted too long: It took 2,032 milliseconds, but should not have lasted longer than 30 milliseconds.",14203,158,717,717,http://localhost:3001/characters,2032,0,0
1745251871867,1983,Get characters,200,OK,Thread Group 1-363,text,false,"The operation lasted too long: It took 1,983 milliseconds, but should not have lasted longer than 30 milliseconds.",14203,158,717,717,http://localhost:3001/characters,1983,0,1
1745251873843,8,Delete,200,OK,Thread Group 1-359,text,true,,293,183,717,717,http://localhost:3001/character/346,7,0,0
1745251873844,7,get by ID,200,OK,Thread Group 1-312,text,true,,276,161,717,717,http://localhost:3001/character/334,6,0,0
1745251871799,2067,Get characters,200,OK,Thread Group 1-349,text,false,"The operation lasted too long: It took 2,067 milliseconds, but should not have lasted longer than 30 milliseconds.",14203,158,716,716,http://localhost:3001/characters,2067,0,69
1745251871818,2048,Get characters,200,OK,Thread Group 1-307,text,false,"The operation lasted too long: It took 2,048 milliseconds, but should not have lasted longer than 30 milliseconds.",14203,158,716,716,http://localhost:3001/characters,2048,0,0
1745251873850,16,Create,201,Created,Thread Group 1-306,text,true,,281,224,716,716,http://localhost:3001/character,16,0,0
1745251873848,18,Update,200,OK,Thread Group 1-360,text,true,,276,227,716,716,http://localhost:3001/character/347,18,0,0
1745251873847,20,get by ID,200,OK,Thread Group 1-310,text,true,,276,161,716,716,http://localhost:3001/character/335,20,0,0
1745251873848,19,Create,201,Created,Thread Group 1-352,text,true,,281,224,716,716,http://localhost:3001/character,19,0,0
1745251873847,20,Delete,200,OK,Thread Group 1-343,text,true,,293,183,716,716,http://localhost:3001/character/404,20,0,0
1745251871821,2047,Get characters,200,OK,Thread Group 1-317,text,false,"The operation lasted too long: It took 2,047 milliseconds, but should not have lasted longer than 30 milliseconds.",14245,158,715,715,http://localhost:3001/characters,2047,0,0
1745251871819,2049,Get characters,200,OK,Thread Group 1-316,text,false,"The operation lasted too long: It took 2,049 milliseconds, but should not have lasted longer than 30 milliseconds.",14245,158,715,715,http://localhost:3001/characters,2048,0,0
1745251871868,2000,Get characters,200,OK,Thread Group 1-362,text,false,"The operation lasted too long: It took 2,000 milliseconds, but should not have lasted longer than 30 milliseconds.",14245,158,715,715,http://localhost:3001/characters,2000,0,0
1745251871868,2001,Get characters,200,OK,Thread Group 1-353,text,false,"The operation lasted too long: It took 2,001 milliseconds, but should not have lasted longer than 30 milliseconds.",14245,158,715,715,http://localhost:3001/characters,2001,0,1
1745251871821,2049,Get characters,200,OK,Thread Group 1-318,text,false,"The operation lasted too long: It took 2,049 milliseconds, but should not have lasted longer than 30 milliseconds.",14245,158,715,715,http://localhost:3001/characters,2049,0,0
1745251873863,10,Create,201,Created,Thread Group 1-363,text,true,,281,224,715,715,http://localhost:3001/character,10,0,0
1745251873864,10,Update,200,OK,Thread Group 1-312,text,true,,276,227,715,715,http://localhost:3001/character/334,10,0,0
1745251871869,2007,Get characters,200,OK,Thread Group 1-361,text,false,"The operation lasted too long: It took 2,007 milliseconds, but should not have lasted longer than 30 milliseconds.",14287,158,715,715,http://localhost:3001/characters,2007,0,0
1745251873873,4,get by ID,200,OK,Thread Group 1-363,text,true,,276,161,715,715,http://localhost:3001/character/336,4,0,0
1745251873874,3,Delete,200,OK,Thread Group 1-312,text,true,,293,183,715,715,http://localhost:3001/character/334,3,0,0
1745251873869,9,Create,201,Created,Thread Group 1-362,text,true,,281,224,714,714,http://localhost:3001/character,9,0,0
1745251873870,8,Create,201,Created,Thread Group 1-353,text,true,,281,224,714,714,http://localhost:3001/character,8,0,0
1745251873867,12,get by ID,200,OK,Thread Group 1-352,text,true,,276,161,714,714,http://localhost:3001/character/336,12,0,0
1745251873868,11,Create,201,Created,Thread Group 1-316,text,true,,281,224,714,714,http://localhost:3001/character,11,0,0
1745251873868,12,Create,201,Created,Thread Group 1-317,text,true,,281,224,714,714,http://localhost:3001/character,12,0,0
1745251873867,14,Update,200,OK,Thread Group 1-310,text,true,,276,227,714,714,http://localhost:3001/character/335,14,0,0
1745251873867,14,Delete,200,OK,Thread Group 1-360,text,true,,293,183,714,714,http://localhost:3001/character/347,14,0,0
1745251873866,15,Create,201,Created,Thread Group 1-349,text,true,,281,224,714,714,http://localhost:3001/character,15,0,0
1745251873866,15,get by ID,200,OK,Thread Group 1-306,text,true,,276,161,713,713,http://localhost:3001/character/335,15,0,0
1745251873870,13,Create,201,Created,Thread Group 1-318,text,true,,281,224,713,713,http://localhost:3001/character,13,0,0
1745251873866,16,Create,201,Created,Thread Group 1-307,text,true,,281,224,713,713,http://localhost:3001/character,16,0,0
1745251871869,2014,Get characters,200,OK,Thread Group 1-354,text,false,"The operation lasted too long: It took 2,014 milliseconds, but should not have lasted longer than 30 milliseconds.",14497,158,713,713,http://localhost:3001/characters,2014,0,0
1745251873877,6,Update,200,OK,Thread Group 1-363,text,true,,276,227,713,713,http://localhost:3001/character/336,6,0,0
1745251873878,6,get by ID,200,OK,Thread Group 1-362,text,true,,276,161,713,713,http://localhost:3001/character/336,6,0,0
1745251873878,7,get by ID,200,OK,Thread Group 1-353,text,true,,276,161,713,713,http://localhost:3001/character/337,7,0,0
1745251873879,6,Update,200,OK,Thread Group 1-352,text,true,,276,227,713,713,http://localhost:3001/character/336,6,0,0
1745251873880,5,get by ID,200,OK,Thread Group 1-316,text,true,,276,161,713,713,http://localhost:3001/character/338,5,0,0
1745251873880,6,get by ID,200,OK,Thread Group 1-317,text,true,,276,161,713,713,http://localhost:3001/character/339,6,0,0
1745251873881,5,Delete,200,OK,Thread Group 1-310,text,true,,293,183,713,713,http://localhost:3001/character/335,5,0,0
1745251873882,5,Update,200,OK,Thread Group 1-306,text,true,,276,227,712,712,http://localhost:3001/character/335,5,0,0
1745251873881,6,get by ID,200,OK,Thread Group 1-349,text,true,,276,161,712,712,http://localhost:3001/character/339,6,0,0
1745251873876,12,Create,201,Created,Thread Group 1-361,text,true,,281,224,712,712,http://localhost:3001/character,12,0,0
1745251871821,2068,Get characters,200,OK,Thread Group 1-321,text,false,"The operation lasted too long: It took 2,068 milliseconds, but should not have lasted longer than 30 milliseconds.",14497,158,712,712,http://localhost:3001/characters,2068,0,0
1745251873884,7,Delete,200,OK,Thread Group 1-363,text,true,,293,183,712,712,http://localhost:3001/character/336,7,0,0
1745251873884,7,Update,200,OK,Thread Group 1-362,text,true,,276,227,711,711,http://localhost:3001/character/336,7,0,0
1745251873885,7,Update,200,OK,Thread Group 1-353,text,true,,276,227,711,711,http://localhost:3001/character/337,7,0,0
1745251873885,8,Delete,200,OK,Thread Group 1-352,text,true,,293,183,711,711,http://localhost:3001/character/336,8,0,0
1745251873885,9,Update,200,OK,Thread Group 1-316,text,true,,276,227,710,710,http://localhost:3001/character/338,9,0,0
1745251873886,9,Update,200,OK,Thread Group 1-317,text,true,,276,227,710,710,http://localhost:3001/character/339,9,0,0
1745251873887,9,Delete,200,OK,Thread Group 1-306,text,true,,293,183,710,710,http://localhost:3001/character/335,9,0,0
1745251873887,10,Update,200,OK,Thread Group 1-349,text,true,,276,227,709,709,http://localhost:3001/character/339,10,0,0
1745251873888,9,get by ID,200,OK,Thread Group 1-361,text,true,,276,161,709,709,http://localhost:3001/character/341,9,0,0
1745251873883,14,get by ID,200,OK,Thread Group 1-307,text,true,,276,161,709,709,http://localhost:3001/character/340,14,0,0
1745251873883,15,get by ID,200,OK,Thread Group 1-318,text,true,,276,161,709,709,http://localhost:3001/character/341,15,0,0
1745251873883,15,Create,201,Created,Thread Group 1-354,text,true,,281,224,709,709,http://localhost:3001/character,15,0,0
1745251871869,2030,Get characters,200,OK,Thread Group 1-366,text,false,"The operation lasted too long: It took 2,030 milliseconds, but should not have lasted longer than 30 milliseconds.",14413,158,709,709,http://localhost:3001/characters,2030,0,0
1745251873891,9,Delete,200,OK,Thread Group 1-362,text,true,,293,183,709,709,http://localhost:3001/character/336,9,0,0
1745251873892,8,Delete,200,OK,Thread Group 1-353,text,true,,293,183,708,708,http://localhost:3001/character/337,8,0,0
1745251873894,7,Delete,200,OK,Thread Group 1-316,text,true,,293,183,708,708,http://localhost:3001/character/338,7,0,0
1745251873895,6,Delete,200,OK,Thread Group 1-317,text,true,,293,183,706,706,http://localhost:3001/character/339,6,0,0
1745251873897,5,Delete,200,OK,Thread Group 1-349,text,true,,293,183,705,705,http://localhost:3001/character/339,5,0,0
1745251873898,5,Update,200,OK,Thread Group 1-307,text,true,,276,227,704,704,http://localhost:3001/character/340,5,0,0
1745251873897,8,Update,200,OK,Thread Group 1-361,text,true,,276,227,704,704,http://localhost:3001/character/341,8,0,0
1745251871821,2086,Get characters,200,OK,Thread Group 1-320,text,false,"The operation lasted too long: It took 2,086 milliseconds, but should not have lasted longer than 30 milliseconds.",14245,158,704,704,http://localhost:3001/characters,2086,0,0
1745251873889,18,Create,201,Created,Thread Group 1-321,text,true,,281,224,704,704,http://localhost:3001/character,18,0,0
1745251873898,11,get by ID,200,OK,Thread Group 1-354,text,true,,276,161,704,704,http://localhost:3001/character/339,11,0,0
1745251873898,11,Update,200,OK,Thread Group 1-318,text,true,,276,227,704,704,http://localhost:3001/character/341,11,0,0
1745251873900,10,Create,201,Created,Thread Group 1-366,text,true,,281,224,704,704,http://localhost:3001/character,10,0,0
1745251871863,2047,Get characters,200,OK,Thread Group 1-347,text,false,"The operation lasted too long: It took 2,047 milliseconds, but should not have lasted longer than 30 milliseconds.",14287,158,704,704,http://localhost:3001/characters,2047,0,7
1745251873905,7,Delete,200,OK,Thread Group 1-361,text,true,,293,183,704,704,http://localhost:3001/character/341,7,0,0
1745251873904,9,Delete,200,OK,Thread Group 1-307,text,true,,293,183,703,703,http://localhost:3001/character/340,9,0,0
1745251871822,2092,Get characters,200,OK,Thread Group 1-315,text,false,"The operation lasted too long: It took 2,092 milliseconds, but should not have lasted longer than 30 milliseconds.",14203,158,702,702,http://localhost:3001/characters,2092,0,1
1745251873907,8,Create,201,Created,Thread Group 1-320,text,true,,281,224,702,702,http://localhost:3001/character,8,0,0
1745251873909,7,Update,200,OK,Thread Group 1-354,text,true,,276,227,702,702,http://localhost:3001/character/339,7,0,0
1745251873909,7,Delete,200,OK,Thread Group 1-318,text,true,,293,183,702,702,http://localhost:3001/character/341,7,0,0
1745251873907,10,get by ID,200,OK,Thread Group 1-321,text,true,,276,161,701,701,http://localhost:3001/character/335,10,0,0
1745251873910,8,get by ID,200,OK,Thread Group 1-366,text,true,,276,161,701,701,http://localhost:3001/character/336,8,0,0
1745251873910,9,Create,201,Created,Thread Group 1-347,text,true,,281,224,701,701,http://localhost:3001/character,9,0,0
1745251871901,2018,Get characters,200,OK,Thread Group 1-368,text,false,"The operation lasted too long: It took 2,018 milliseconds, but should not have lasted longer than 30 milliseconds.",14245,158,701,701,http://localhost:3001/characters,2018,0,0
1745251873915,5,get by ID,200,OK,Thread Group 1-320,text,true,,276,161,701,701,http://localhost:3001/character/335,5,0,0
1745251873916,5,Delete,200,OK,Thread Group 1-354,text,true,,293,183,701,701,http://localhost:3001/character/339,5,0,0
1745251873917,4,Update,200,OK,Thread Group 1-321,text,true,,276,227,701,701,http://localhost:3001/character/335,4,0,0
1745251873918,4,Update,200,OK,Thread Group 1-366,text,true,,276,227,700,700,http://localhost:3001/character/336,4,0,0
1745251873914,8,Create,201,Created,Thread Group 1-315,text,true,,281,224,700,700,http://localhost:3001/character,8,0,0
1745251871822,2101,Get characters,200,OK,Thread Group 1-324,text,false,"The operation lasted too long: It took 2,101 milliseconds, but should not have lasted longer than 30 milliseconds.",14245,158,700,700,http://localhost:3001/characters,2101,0,0
1745251873921,3,Update,200,OK,Thread Group 1-320,text,true,,276,227,700,700,http://localhost:3001/character/335,3,0,0
1745251873921,3,Delete,200,OK,Thread Group 1-321,text,true,,293,183,700,700,http://localhost:3001/character/335,3,0,0
1745251873919,6,get by ID,200,OK,Thread Group 1-347,text,true,,276,161,699,699,http://localhost:3001/character/335,6,0,0
1745251873920,6,Create,201,Created,Thread Group 1-368,text,true,,281,224,699,699,http://localhost:3001/character,6,0,0
1745251871902,2025,Get characters,200,OK,Thread Group 1-371,text,false,"The operation lasted too long: It took 2,025 milliseconds, but should not have lasted longer than 30 milliseconds.",14245,158,699,699,http://localhost:3001/characters,2025,0,1
1745251873924,4,Delete,200,OK,Thread Group 1-320,text,true,,293,183,699,699,http://localhost:3001/character/335,4,0,0
1745251873925,4,Update,200,OK,Thread Group 1-347,text,true,,276,227,698,698,http://localhost:3001/character/335,4,0,0
1745251873926,4,get by ID,200,OK,Thread Group 1-368,text,true,,276,161,698,698,http://localhost:3001/character/335,4,0,0
1745251873922,9,Delete,200,OK,Thread Group 1-366,text,true,,293,183,698,698,http://localhost:3001/character/336,9,0,0
1745251873923,8,get by ID,200,OK,Thread Group 1-315,text,true,,276,161,697,697,http://localhost:3001/character/335,8,0,0
1745251873924,8,Create,201,Created,Thread Group 1-324,text,true,,281,224,697,697,http://localhost:3001/character,8,0,0
1745251871992,1941,Get characters,200,OK,Thread Group 1-391,text,false,"The operation lasted too long: It took 1,941 milliseconds, but should not have lasted longer than 30 milliseconds.",14203,158,697,697,http://localhost:3001/characters,1941,0,0
1745251873929,5,Delete,200,OK,Thread Group 1-347,text,true,,293,183,697,697,http://localhost:3001/character/335,5,0,0
1745251873930,5,Update,200,OK,Thread Group 1-368,text,true,,276,227,696,696,http://localhost:3001/character/335,5,0,0
1745251873932,4,Update,200,OK,Thread Group 1-315,text,true,,276,227,696,696,http://localhost:3001/character/335,4,0,0
1745251873932,4,get by ID,200,OK,Thread Group 1-324,text,true,,276,161,696,696,http://localhost:3001/character/334,4,0,0
1745251873927,10,Create,201,Created,Thread Group 1-371,text,true,,281,224,696,696,http://localhost:3001/character,10,0,0
1745251871902,2035,Get characters,200,OK,Thread Group 1-367,text,false,"The operation lasted too long: It took 2,035 milliseconds, but should not have lasted longer than 30 milliseconds.",14203,158,696,696,http://localhost:3001/characters,2035,0,3
1745251873935,3,Delete,200,OK,Thread Group 1-368,text,true,,293,183,696,696,http://localhost:3001/character/335,3,0,0
1745251873936,2,Delete,200,OK,Thread Group 1-315,text,true,,293,183,696,696,http://localhost:3001/character/335,2,0,0
1745251873936,3,Update,200,OK,Thread Group 1-324,text,true,,276,227,694,694,http://localhost:3001/character/334,3,0,0
1745251873933,6,Create,201,Created,Thread Group 1-391,text,true,,281,224,694,694,http://localhost:3001/character,6,0,0
1745251871822,2118,Get characters,200,OK,Thread Group 1-314,text,false,"The operation lasted too long: It took 2,118 milliseconds, but should not have lasted longer than 30 milliseconds.",14161,158,694,694,http://localhost:3001/characters,2118,0,0
1745251873937,4,get by ID,200,OK,Thread Group 1-371,text,true,,276,161,694,694,http://localhost:3001/character/334,4,0,0
1745251873937,4,Create,201,Created,Thread Group 1-367,text,true,,281,224,694,694,http://localhost:3001/character,4,0,0
1745251871992,1950,Get characters,200,OK,Thread Group 1-388,text,false,"The operation lasted too long: It took 1,950 milliseconds, but should not have lasted longer than 30 milliseconds.",14203,158,694,694,http://localhost:3001/characters,1950,0,0
1745251873941,2,Update,200,OK,Thread Group 1-371,text,true,,276,227,694,694,http://localhost:3001/character/334,2,0,0
1745251873939,4,Delete,200,OK,Thread Group 1-324,text,true,,293,183,694,694,http://localhost:3001/character/334,4,0,0
1745251873940,4,get by ID,200,OK,Thread Group 1-391,text,true,,276,161,693,693,http://localhost:3001/character/333,4,0,0
1745251873940,5,Create,201,Created,Thread Group 1-314,text,true,,281,224,693,693,http://localhost:3001/character,5,0,0
1745251871904,2042,Get characters,200,OK,Thread Group 1-370,text,false,"The operation lasted too long: It took 2,042 milliseconds, but should not have lasted longer than 30 milliseconds.",14203,158,693,693,http://localhost:3001/characters,2041,0,2
1745251873943,4,Delete,200,OK,Thread Group 1-371,text,true,,293,183,693,693,http://localhost:3001/character/334,4,0,0
1745251873944,3,Update,200,OK,Thread Group 1-391,text,true,,276,227,692,692,http://localhost:3001/character/333,3,0,0
1745251873942,6,get by ID,200,OK,Thread Group 1-367,text,true,,276,161,692,692,http://localhost:3001/character/334,6,0,0
1745251873942,7,Create,201,Created,Thread Group 1-388,text,true,,281,224,692,692,http://localhost:3001/character,7,0,0
1745251871823,2127,Get characters,200,OK,Thread Group 1-326,text,false,"The operation lasted too long: It took 2,127 milliseconds, but should not have lasted longer than 30 milliseconds.",14203,158,692,692,http://localhost:3001/characters,2127,0,1
1745251873948,5,Delete,200,OK,Thread Group 1-391,text,true,,293,183,692,692,http://localhost:3001/character/333,5,0,0
1745251873948,6,Update,200,OK,Thread Group 1-367,text,true,,276,227,691,691,http://localhost:3001/character/334,6,0,0
1745251873950,6,get by ID,200,OK,Thread Group 1-388,text,true,,276,161,691,691,http://localhost:3001/character/334,6,0,0
1745251873951,5,Create,201,Created,Thread Group 1-326,text,true,,281,224,691,691,http://localhost:3001/character,5,0,0
1745251873945,12,get by ID,200,OK,Thread Group 1-314,text,true,,276,161,691,691,http://localhost:3001/character/334,12,0,0
1745251873946,11,Create,201,Created,Thread Group 1-370,text,true,,281,224,691,691,http://localhost:3001/character,11,0,0
1745251871908,2050,Get characters,200,OK,Thread Group 1-372,text,false,"The operation lasted too long: It took 2,050 milliseconds, but should not have lasted longer than 30 milliseconds.",14245,158,691,691,http://localhost:3001/characters,2050,0,0
1745251873954,5,Delete,200,OK,Thread Group 1-367,text,true,,293,183,691,691,http://localhost:3001/character/334,5,0,0
1745251873956,3,Update,200,OK,Thread Group 1-388,text,true,,276,227,691,691,http://localhost:3001/character/334,3,0,0
1745251873956,3,get by ID,200,OK,Thread Group 1-326,text,true,,276,161,690,690,http://localhost:3001/character/334,3,0,0
1745251871993,1968,Get characters,200,OK,Thread Group 1-384,text,false,"The operation lasted too long: It took 1,968 milliseconds, but should not have lasted longer than 30 milliseconds.",14203,158,690,690,http://localhost:3001/characters,1967,0,0
1745251873957,4,get by ID,200,OK,Thread Group 1-370,text,true,,276,161,690,690,http://localhost:3001/character/335,4,0,0
1745251873957,5,Update,200,OK,Thread Group 1-314,text,true,,276,227,690,690,http://localhost:3001/character/334,5,0,0
1745251873958,4,Create,201,Created,Thread Group 1-372,text,true,,281,224,690,690,http://localhost:3001/character,4,0,0
1745251871824,2139,Get characters,200,OK,Thread Group 1-329,text,false,"The operation lasted too long: It took 2,139 milliseconds, but should not have lasted longer than 30 milliseconds.",14245,158,690,690,http://localhost:3001/characters,2139,0,1
1745251873959,5,Delete,200,OK,Thread Group 1-388,text,true,,293,183,690,690,http://localhost:3001/character/334,5,0,0
1745251873960,4,Update,200,OK,Thread Group 1-326,text,true,,276,227,690,690,http://localhost:3001/character/334,4,0,0
1745251873961,4,Create,201,Created,Thread Group 1-384,text,true,,281,224,689,689,http://localhost:3001/character,4,0,0
1745251871913,2055,Get characters,200,OK,Thread Group 1-374,text,false,"The operation lasted too long: It took 2,055 milliseconds, but should not have lasted longer than 30 milliseconds.",14245,158,689,689,http://localhost:3001/characters,2055,0,0
1745251873964,6,Delete,200,OK,Thread Group 1-326,text,true,,293,183,689,689,http://localhost:3001/character/334,6,0,0
1745251873965,6,get by ID,200,OK,Thread Group 1-384,text,true,,276,161,688,688,http://localhost:3001/character/335,6,0,0
1745251873961,10,Update,200,OK,Thread Group 1-370,text,true,,276,227,688,688,http://localhost:3001/character/335,10,0,0
1745251873963,9,get by ID,200,OK,Thread Group 1-372,text,true,,276,161,688,688,http://localhost:3001/character/335,9,0,0
1745251873963,10,Delete,200,OK,Thread Group 1-314,text,true,,293,183,688,688,http://localhost:3001/character/334,10,0,0
1745251873963,10,Create,201,Created,Thread Group 1-329,text,true,,281,224,687,687,http://localhost:3001/character,10,0,0
1745251871993,1981,Get characters,200,OK,Thread Group 1-404,text,false,"The operation lasted too long: It took 1,981 milliseconds, but should not have lasted longer than 30 milliseconds.",14203,158,687,687,http://localhost:3001/characters,1981,0,1
1745251873971,4,Update,200,OK,Thread Group 1-384,text,true,,276,227,687,687,http://localhost:3001/character/335,4,0,0
1745251873971,5,Delete,200,OK,Thread Group 1-370,text,true,,293,183,687,687,http://localhost:3001/character/335,5,0,0
1745251873972,4,Update,200,OK,Thread Group 1-372,text,true,,276,227,686,686,http://localhost:3001/character/335,4,0,0
1745251873969,8,Create,201,Created,Thread Group 1-374,text,true,,281,224,686,686,http://localhost:3001/character,8,0,0
1745251871824,2154,Get characters,200,OK,Thread Group 1-330,text,false,"The operation lasted too long: It took 2,154 milliseconds, but should not have lasted longer than 30 milliseconds.",14203,158,686,686,http://localhost:3001/characters,2154,0,1
1745251873975,3,Delete,200,OK,Thread Group 1-384,text,true,,293,183,686,686,http://localhost:3001/character/335,3,0,0
1745251873974,5,get by ID,200,OK,Thread Group 1-329,text,true,,276,161,685,685,http://localhost:3001/character/334,5,0,0
1745251873977,2,Delete,200,OK,Thread Group 1-372,text,true,,293,183,685,685,http://localhost:3001/character/335,2,0,0
1745251873975,5,Create,201,Created,Thread Group 1-404,text,true,,281,224,684,684,http://localhost:3001/character,5,0,0
1745251871913,2067,Get characters,200,OK,Thread Group 1-365,text,false,"The operation lasted too long: It took 2,067 milliseconds, but should not have lasted longer than 30 milliseconds.",14161,158,684,684,http://localhost:3001/characters,2067,0,1
1745251873979,2,Update,200,OK,Thread Group 1-329,text,true,,276,227,684,684,http://localhost:3001/character/334,2,0,0
1745251873977,4,get by ID,200,OK,Thread Group 1-374,text,true,,276,161,684,684,http://localhost:3001/character/334,4,0,0
1745251873978,4,Create,201,Created,Thread Group 1-330,text,true,,281,224,684,684,http://localhost:3001/character,4,0,0
1745251871994,1989,Get characters,200,OK,Thread Group 1-405,text,false,"The operation lasted too long: It took 1,989 milliseconds, but should not have lasted longer than 30 milliseconds.",14203,158,684,684,http://localhost:3001/characters,1989,0,1
1745251873981,2,Delete,200,OK,Thread Group 1-329,text,true,,293,183,684,684,http://localhost:3001/character/334,2,0,0
1745251873982,2,Update,200,OK,Thread Group 1-374,text,true,,276,227,683,683,http://localhost:3001/character/334,2,0,0
1745251873980,5,get by ID,200,OK,Thread Group 1-404,text,true,,276,161,683,683,http://localhost:3001/character/333,5,0,0
1745251873981,4,Create,201,Created,Thread Group 1-365,text,true,,281,224,683,683,http://localhost:3001/character,4,0,0
1745251871835,2151,Get characters,200,OK,Thread Group 1-322,text,false,"The operation lasted too long: It took 2,151 milliseconds, but should not have lasted longer than 30 milliseconds.",14203,158,683,683,http://localhost:3001/characters,2151,0,1
1745251873982,4,get by ID,200,OK,Thread Group 1-330,text,true,,276,161,683,683,http://localhost:3001/character/334,4,0,0
1745251873983,4,Create,201,Created,Thread Group 1-405,text,true,,281,224,683,683,http://localhost:3001/character,4,0,0
1745251871995,1992,Get characters,200,OK,Thread Group 1-397,text,false,"The operation lasted too long: It took 1,992 milliseconds, but should not have lasted longer than 30 milliseconds.",14245,158,683,683,http://localhost:3001/characters,1992,0,0
1745251873986,3,Update,200,OK,Thread Group 1-330,text,true,,276,227,683,683,http://localhost:3001/character/334,3,0,0
1745251873985,4,Update,200,OK,Thread Group 1-404,text,true,,276,227,683,683,http://localhost:3001/character/333,4,0,0
1745251873984,6,Delete,200,OK,Thread Group 1-374,text,true,,293,183,683,683,http://localhost:3001/character/334,6,0,0
1745251873985,5,get by ID,200,OK,Thread Group 1-365,text,true,,276,161,682,682,http://localhost:3001/character/334,5,0,0
1745251873986,5,Create,201,Created,Thread Group 1-322,text,true,,281,224,682,682,http://localhost:3001/character,5,0,0
1745251871911,2081,Get characters,200,OK,Thread Group 1-364,text,false,"The operation lasted too long: It took 2,081 milliseconds, but should not have lasted longer than 30 milliseconds.",14245,158,682,682,http://localhost:3001/characters,2081,0,4
1745251873989,4,Delete,200,OK,Thread Group 1-330,text,true,,293,183,682,682,http://localhost:3001/character/334,4,0,0
1745251873989,5,Delete,200,OK,Thread Group 1-404,text,true,,293,183,681,681,http://localhost:3001/character/333,5,0,0
1745251873990,4,Update,200,OK,Thread Group 1-365,text,true,,276,227,681,681,http://localhost:3001/character/334,4,0,0
1745251873987,9,get by ID,200,OK,Thread Group 1-405,text,true,,276,161,680,680,http://localhost:3001/character/335,9,0,0
1745251873987,9,Create,201,Created,Thread Group 1-397,text,true,,281,224,680,680,http://localhost:3001/character,9,0,0
1745251871996,2002,Get characters,200,OK,Thread Group 1-406,text,false,"The operation lasted too long: It took 2,002 milliseconds, but should not have lasted longer than 30 milliseconds.",14203,158,680,680,http://localhost:3001/characters,2002,0,0
1745251873995,3,Delete,200,OK,Thread Group 1-365,text,true,,293,183,680,680,http://localhost:3001/character/334,3,0,0
1745251873996,3,Update,200,OK,Thread Group 1-405,text,true,,276,227,679,679,http://localhost:3001/character/335,3,0,0
1745251873992,7,get by ID,200,OK,Thread Group 1-322,text,true,,276,161,679,679,http://localhost:3001/character/335,7,0,0
1745251873992,8,Create,201,Created,Thread Group 1-364,text,true,,281,224,679,679,http://localhost:3001/character,8,0,0
1745251871839,2162,Get characters,200,OK,Thread Group 1-333,text,false,"The operation lasted too long: It took 2,162 milliseconds, but should not have lasted longer than 30 milliseconds.",14203,158,679,679,http://localhost:3001/characters,2162,0,1
1745251873999,3,Delete,200,OK,Thread Group 1-405,text,true,,293,183,679,679,http://localhost:3001/character/335,3,0,0
1745251873999,3,Update,200,OK,Thread Group 1-322,text,true,,276,227,679,679,http://localhost:3001/character/335,3,0,0
1745251873997,6,get by ID,200,OK,Thread Group 1-397,text,true,,276,161,678,678,http://localhost:3001/character/334,6,0,0
1745251873998,5,Create,201,Created,Thread Group 1-406,text,true,,281,224,678,678,http://localhost:3001/character,5,0,0
1745251871915,2089,Get characters,200,OK,Thread Group 1-373,text,false,"The operation lasted too long: It took 2,089 milliseconds, but should not have lasted longer than 30 milliseconds.",14203,158,678,678,http://localhost:3001/characters,2089,0,0
1745251874002,2,Delete,200,OK,Thread Group 1-322,text,true,,293,183,678,678,http://localhost:3001/character/335,2,0,0
1745251874001,4,Create,201,Created,Thread Group 1-333,text,true,,281,224,677,677,http://localhost:3001/character,4,0,0
1745251874000,6,get by ID,200,OK,Thread Group 1-364,text,true,,276,161,677,677,http://localhost:3001/character/334,6,0,0
1745251871996,2010,Get characters,200,OK,Thread Group 1-398,text,false,"The operation lasted too long: It took 2,010 milliseconds, but should not have lasted longer than 30 milliseconds.",14203,158,677,677,http://localhost:3001/characters,2010,0,0
1745251874006,2,get by ID,200,OK,Thread Group 1-333,text,true,,276,161,677,677,http://localhost:3001/character/334,2,0,0
1745251874006,2,Update,200,OK,Thread Group 1-364,text,true,,276,227,677,677,http://localhost:3001/character/334,2,0,0
1745251874003,6,Update,200,OK,Thread Group 1-397,text,true,,276,227,677,677,http://localhost:3001/character/334,6,0,0
1745251874003,6,get by ID,200,OK,Thread Group 1-406,text,true,,276,161,677,677,http://localhost:3001/character/334,6,0,0
1745251874004,6,Create,201,Created,Thread Group 1-373,text,true,,281,224,677,677,http://localhost:3001/character,6,0,0
1745251871916,2096,Get characters,200,OK,Thread Group 1-376,text,false,"The operation lasted too long: It took 2,096 milliseconds, but should not have lasted longer than 30 milliseconds.",14245,158,677,677,http://localhost:3001/characters,2096,0,1
1745251874008,5,Update,200,OK,Thread Group 1-333,text,true,,276,227,677,677,http://localhost:3001/character/334,5,0,0
1745251874008,5,Delete,200,OK,Thread Group 1-364,text,true,,293,183,677,677,http://localhost:3001/character/334,5,0,0
1745251874009,5,Delete,200,OK,Thread Group 1-397,text,true,,293,183,676,676,http://localhost:3001/character/334,5,0,0
1745251874010,5,Update,200,OK,Thread Group 1-406,text,true,,276,227,675,675,http://localhost:3001/character/334,5,0,0
1745251874007,8,Create,201,Created,Thread Group 1-398,text,true,,281,224,675,675,http://localhost:3001/character,8,0,0
1745251871842,2174,Get characters,200,OK,Thread Group 1-313,text,false,"The operation lasted too long: It took 2,174 milliseconds, but should not have lasted longer than 30 milliseconds.",14203,158,675,675,http://localhost:3001/characters,2174,0,1
1745251874013,4,Delete,200,OK,Thread Group 1-333,text,true,,293,183,675,675,http://localhost:3001/character/334,4,0,0
1745251874011,7,get by ID,200,OK,Thread Group 1-373,text,true,,276,161,674,674,http://localhost:3001/character/335,7,0,0
1745251874015,3,Delete,200,OK,Thread Group 1-406,text,true,,293,183,674,674,http://localhost:3001/character/334,3,0,0
1745251871997,2022,Get characters,200,OK,Thread Group 1-399,text,false,"The operation lasted too long: It took 2,022 milliseconds, but should not have lasted longer than 30 milliseconds.",14161,158,673,673,http://localhost:3001/characters,2022,0,0
1745251874012,7,Create,201,Created,Thread Group 1-376,text,true,,281,224,673,673,http://localhost:3001/character,7,0,0
1745251874015,7,get by ID,200,OK,Thread Group 1-398,text,true,,276,161,673,673,http://localhost:3001/character/334,7,0,0
1745251871917,2106,Get characters,200,OK,Thread Group 1-377,text,false,"The operation lasted too long: It took 2,106 milliseconds, but should not have lasted longer than 30 milliseconds.",14161,158,673,673,http://localhost:3001/characters,2106,0,0
1745251874016,7,Create,201,Created,Thread Group 1-313,text,true,,281,224,673,673,http://localhost:3001/character,7,0,0
1745251871845,2178,Get characters,200,OK,Thread Group 1-323,text,false,"The operation lasted too long: It took 2,178 milliseconds, but should not have lasted longer than 30 milliseconds.",14203,158,673,673,http://localhost:3001/characters,2178,0,1
1745251874018,6,Update,200,OK,Thread Group 1-373,text,true,,276,227,673,673,http://localhost:3001/character/335,6,0,0
1745251871997,2028,Get characters,200,OK,Thread Group 1-401,text,false,"The operation lasted too long: It took 2,028 milliseconds, but should not have lasted longer than 30 milliseconds.",14203,158,673,673,http://localhost:3001/characters,2028,0,1
1745251874020,5,get by ID,200,OK,Thread Group 1-376,text,true,,276,161,673,673,http://localhost:3001/character/333,5,0,0
1745251871917,2108,Get characters,200,OK,Thread Group 1-369,text,false,"The operation lasted too long: It took 2,108 milliseconds, but should not have lasted longer than 30 milliseconds.",14245,158,673,673,http://localhost:3001/characters,2108,0,1
1745251874019,6,Create,201,Created,Thread Group 1-399,text,true,,281,224,673,673,http://localhost:3001/character,6,0,0
1745251871998,2028,Get characters,200,OK,Thread Group 1-400,text,false,"The operation lasted too long: It took 2,028 milliseconds, but should not have lasted longer than 30 milliseconds.",14245,158,673,673,http://localhost:3001/characters,2028,0,1
1745251871918,2110,Get characters,200,OK,Thread Group 1-378,text,false,"The operation lasted too long: It took 2,110 milliseconds, but should not have lasted longer than 30 milliseconds.",14245,158,673,673,http://localhost:3001/characters,2109,0,1
1745251874024,4,Delete,200,OK,Thread Group 1-373,text,true,,293,183,673,673,http://localhost:3001/character/335,4,0,0
1745251874026,3,Create,201,Created,Thread Group 1-369,text,true,,281,224,672,672,http://localhost:3001/character,3,0,0
1745251874024,6,Create,201,Created,Thread Group 1-323,text,true,,281,224,672,672,http://localhost:3001/character,6,0,0
1745251874025,6,Update,200,OK,Thread Group 1-376,text,true,,276,227,672,672,http://localhost:3001/character/333,6,0,0
1745251874025,6,Create,201,Created,Thread Group 1-401,text,true,,281,224,672,672,http://localhost:3001/character,6,0,0
1745251874026,6,get by ID,200,OK,Thread Group 1-399,text,true,,276,161,672,672,http://localhost:3001/character/335,6,0,0
1745251874023,10,Create,201,Created,Thread Group 1-377,text,true,,281,224,672,672,http://localhost:3001/character,10,0,0
1745251874023,11,get by ID,200,OK,Thread Group 1-313,text,true,,276,161,672,672,http://localhost:3001/character/334,11,0,0
1745251874022,13,Update,200,OK,Thread Group 1-398,text,true,,276,227,672,672,http://localhost:3001/character/334,13,0,0
1745251872000,2036,Get characters,200,OK,Thread Group 1-409,text,false,"The operation lasted too long: It took 2,036 milliseconds, but should not have lasted longer than 30 milliseconds.",14413,158,672,672,http://localhost:3001/characters,2036,0,0
1745251874026,11,Create,201,Created,Thread Group 1-400,text,true,,281,224,672,672,http://localhost:3001/character,11,0,0
1745251874030,7,get by ID,200,OK,Thread Group 1-369,text,true,,276,161,672,672,http://localhost:3001/character/335,7,0,0
1745251874031,7,Delete,200,OK,Thread Group 1-376,text,true,,293,183,672,672,http://localhost:3001/character/333,7,0,0
1745251874030,8,get by ID,200,OK,Thread Group 1-323,text,true,,276,161,671,671,http://localhost:3001/character/336,8,0,0
1745251874034,5,get by ID,200,OK,Thread Group 1-377,text,true,,276,161,671,671,http://localhost:3001/character/338,5,0,0
1745251874032,7,get by ID,200,OK,Thread Group 1-401,text,true,,276,161,671,671,http://localhost:3001/character/337,7,0,0
1745251874032,7,Update,200,OK,Thread Group 1-399,text,true,,276,227,671,671,http://localhost:3001/character/335,7,0,0
1745251871926,2114,Get characters,200,OK,Thread Group 1-379,text,false,"The operation lasted too long: It took 2,114 milliseconds, but should not have lasted longer than 30 milliseconds.",14413,158,671,671,http://localhost:3001/characters,2114,0,0
1745251874028,12,Create,201,Created,Thread Group 1-378,text,true,,281,224,671,671,http://localhost:3001/character,12,0,0
1745251874039,2,Update,200,OK,Thread Group 1-401,text,true,,276,227,671,671,http://localhost:3001/character/337,2,0,0
1745251874034,8,Update,200,OK,Thread Group 1-313,text,true,,276,227,671,671,http://localhost:3001/character/334,8,0,0
1745251872001,2042,Get characters,200,OK,Thread Group 1-402,text,false,"The operation lasted too long: It took 2,042 milliseconds, but should not have lasted longer than 30 milliseconds.",14413,158,671,671,http://localhost:3001/characters,2042,0,1
1745251874041,3,Delete,200,OK,Thread Group 1-401,text,true,,293,183,671,671,http://localhost:3001/character/337,3,0,0
1745251874038,6,Update,200,OK,Thread Group 1-323,text,true,,276,227,670,670,http://localhost:3001/character/336,6,0,0
1745251874038,7,Update,200,OK,Thread Group 1-369,text,true,,276,227,670,670,http://localhost:3001/character/335,7,0,0
1745251874039,7,Update,200,OK,Thread Group 1-377,text,true,,276,227,670,670,http://localhost:3001/character/338,7,0,0
1745251874035,12,Delete,200,OK,Thread Group 1-398,text,true,,293,183,670,670,http://localhost:3001/character/334,12,0,0
1745251874036,12,Create,201,Created,Thread Group 1-409,text,true,,281,224,669,669,http://localhost:3001/character,12,0,0
1745251874037,11,get by ID,200,OK,Thread Group 1-400,text,true,,276,161,669,669,http://localhost:3001/character/339,11,0,0
1745251874040,9,Create,201,Created,Thread Group 1-379,text,true,,281,224,669,669,http://localhost:3001/character,9,0,0
1745251874039,11,Delete,200,OK,Thread Group 1-399,text,true,,293,183,669,669,http://localhost:3001/character/335,11,0,0
1745251874041,9,get by ID,200,OK,Thread Group 1-378,text,true,,276,161,668,668,http://localhost:3001/character/339,9,0,0
1745251871926,2126,Get characters,200,OK,Thread Group 1-380,text,false,"The operation lasted too long: It took 2,126 milliseconds, but should not have lasted longer than 30 milliseconds.",14371,158,668,668,http://localhost:3001/characters,2125,0,0
1745251874045,7,Delete,200,OK,Thread Group 1-323,text,true,,293,183,668,668,http://localhost:3001/character/336,7,0,0
1745251874045,8,Delete,200,OK,Thread Group 1-369,text,true,,293,183,667,667,http://localhost:3001/character/335,8,0,0
1745251874046,7,Delete,200,OK,Thread Group 1-377,text,true,,293,183,666,666,http://localhost:3001/character/338,7,0,0
1745251874048,6,get by ID,200,OK,Thread Group 1-409,text,true,,276,161,665,665,http://localhost:3001/character/338,6,0,0
1745251874049,5,Update,200,OK,Thread Group 1-400,text,true,,276,227,665,665,http://localhost:3001/character/339,5,0,0
1745251874049,6,get by ID,200,OK,Thread Group 1-379,text,true,,276,161,665,665,http://localhost:3001/character/339,6,0,0
1745251874042,13,Delete,200,OK,Thread Group 1-313,text,true,,293,183,665,665,http://localhost:3001/character/334,13,0,0
1745251874043,13,Create,201,Created,Thread Group 1-402,text,true,,281,224,664,664,http://localhost:3001/character,13,0,0
1745251872003,2053,Get characters,200,OK,Thread Group 1-411,text,false,"The operation lasted too long: It took 2,053 milliseconds, but should not have lasted longer than 30 milliseconds.",14245,158,664,664,http://localhost:3001/characters,2053,0,0
1745251874054,4,Update,200,OK,Thread Group 1-409,text,true,,276,227,664,664,http://localhost:3001/character/338,4,0,0
1745251874054,4,Delete,200,OK,Thread Group 1-400,text,true,,293,183,664,664,http://localhost:3001/character/339,4,0,0
1745251874055,4,Update,200,OK,Thread Group 1-379,text,true,,276,227,663,663,http://localhost:3001/character/339,4,0,0
1745251874051,8,Update,200,OK,Thread Group 1-378,text,true,,276,227,663,663,http://localhost:3001/character/339,8,0,0
1745251874052,9,Create,201,Created,Thread Group 1-380,text,true,,281,224,663,663,http://localhost:3001/character,9,0,0
1745251871927,2135,Get characters,200,OK,Thread Group 1-382,text,false,"The operation lasted too long: It took 2,135 milliseconds, but should not have lasted longer than 30 milliseconds.",14245,158,663,663,http://localhost:3001/characters,2135,0,1
1745251874058,6,Delete,200,OK,Thread Group 1-409,text,true,,293,183,663,663,http://localhost:3001/character/338,6,0,0
1745251874059,6,Delete,200,OK,Thread Group 1-379,text,true,,293,183,662,662,http://localhost:3001/character/339,6,0,0
1745251874059,7,Delete,200,OK,Thread Group 1-378,text,true,,293,183,661,661,http://localhost:3001/character/339,7,0,0
1745251874062,4,get by ID,200,OK,Thread Group 1-380,text,true,,276,161,660,660,http://localhost:3001/character/335,4,0,0
1745251874056,11,get by ID,200,OK,Thread Group 1-402,text,true,,276,161,660,660,http://localhost:3001/character/335,11,0,0
1745251874057,11,Create,201,Created,Thread Group 1-411,text,true,,281,224,660,660,http://localhost:3001/character,11,0,0
1745251871928,2141,Get characters,200,OK,Thread Group 1-381,text,false,"The operation lasted too long: It took 2,141 milliseconds, but should not have lasted longer than 30 milliseconds.",14161,158,660,660,http://localhost:3001/characters,2141,0,1
1745251874066,5,Update,200,OK,Thread Group 1-380,text,true,,276,227,660,660,http://localhost:3001/character/335,5,0,0
1745251874067,5,Update,200,OK,Thread Group 1-402,text,true,,276,227,660,660,http://localhost:3001/character/335,5,0,0
1745251874069,3,get by ID,200,OK,Thread Group 1-411,text,true,,276,161,660,660,http://localhost:3001/character/333,3,0,0
1745251874062,11,Create,201,Created,Thread Group 1-382,text,true,,281,224,660,660,http://localhost:3001/character,11,0,0
1745251872005,2069,Get characters,200,OK,Thread Group 1-403,text,false,"The operation lasted too long: It took 2,069 milliseconds, but should not have lasted longer than 30 milliseconds.",14203,158,660,660,http://localhost:3001/characters,2069,0,0
1745251874072,2,Delete,200,OK,Thread Group 1-402,text,true,,293,183,660,660,http://localhost:3001/character/335,2,0,0
1745251874071,3,Delete,200,OK,Thread Group 1-380,text,true,,293,183,660,660,http://localhost:3001/character/335,3,0,0
1745251874070,6,Create,201,Created,Thread Group 1-381,text,true,,281,224,658,658,http://localhost:3001/character,6,0,0
1745251874072,4,Update,200,OK,Thread Group 1-411,text,true,,276,227,658,658,http://localhost:3001/character/333,4,0,0
1745251871930,2146,Get characters,200,OK,Thread Group 1-383,text,false,"The operation lasted too long: It took 2,146 milliseconds, but should not have lasted longer than 30 milliseconds.",14161,158,658,658,http://localhost:3001/characters,2146,0,2
1745251874073,5,get by ID,200,OK,Thread Group 1-382,text,true,,276,161,658,658,http://localhost:3001/character/334,5,0,0
1745251872006,2073,Get characters,200,OK,Thread Group 1-408,text,false,"The operation lasted too long: It took 2,073 milliseconds, but should not have lasted longer than 30 milliseconds.",14161,158,658,658,http://localhost:3001/characters,2073,0,1
1745251874074,6,Create,201,Created,Thread Group 1-403,text,true,,281,224,658,658,http://localhost:3001/character,6,0,0
1745251871934,2146,Get characters,200,OK,Thread Group 1-375,text,false,"The operation lasted too long: It took 2,146 milliseconds, but should not have lasted longer than 30 milliseconds.",14203,158,658,658,http://localhost:3001/characters,2146,0,1
1745251874077,5,Delete,200,OK,Thread Group 1-411,text,true,,293,183,658,658,http://localhost:3001/character/333,5,0,0
1745251874076,6,get by ID,200,OK,Thread Group 1-381,text,true,,276,161,658,658,http://localhost:3001/character/333,6,0,0
1745251874077,6,Create,201,Created,Thread Group 1-383,text,true,,281,224,657,657,http://localhost:3001/character,6,0,0
1745251874078,6,Update,200,OK,Thread Group 1-382,text,true,,276,227,657,657,http://localhost:3001/character/334,6,0,0
1745251872008,2076,Get characters,200,OK,Thread Group 1-407,text,false,"The operation lasted too long: It took 2,076 milliseconds, but should not have lasted longer than 30 milliseconds.",14203,158,657,657,http://localhost:3001/characters,2076,0,0
1745251871942,2143,Get characters,200,OK,Thread Group 1-319,text,false,"The operation lasted too long: It took 2,143 milliseconds, but should not have lasted longer than 30 milliseconds.",14245,158,657,657,http://localhost:3001/characters,2143,0,2
1745251874079,5,Create,201,Created,Thread Group 1-408,text,true,,281,224,657,657,http://localhost:3001/character,5,0,0
1745251872008,2077,Get characters,200,OK,Thread Group 1-410,text,false,"The operation lasted too long: It took 2,077 milliseconds, but should not have lasted longer than 30 milliseconds.",14245,158,657,657,http://localhost:3001/characters,2077,0,0
1745251871946,2139,Get characters,200,OK,Thread Group 1-386,text,false,"The operation lasted too long: It took 2,139 milliseconds, but should not have lasted longer than 30 milliseconds.",14245,158,657,657,http://localhost:3001/characters,2139,0,1
1745251874082,4,Update,200,OK,Thread Group 1-381,text,true,,276,227,657,657,http://localhost:3001/character/333,4,0,0
1745251872009,2078,Get characters,200,OK,Thread Group 1-414,text,false,"The operation lasted too long: It took 2,078 milliseconds, but should not have lasted longer than 30 milliseconds.",14245,158,657,657,http://localhost:3001/characters,2078,0,1
1745251874087,1,Delete,200,OK,Thread Group 1-381,text,true,,293,183,657,657,http://localhost:3001/character/333,1,0,0
1745251874081,8,Create,201,Created,Thread Group 1-375,text,true,,281,224,656,656,http://localhost:3001/character,8,0,0
1745251874080,9,get by ID,200,OK,Thread Group 1-403,text,true,,276,161,656,656,http://localhost:3001/character/334,9,0,0
1745251874084,6,get by ID,200,OK,Thread Group 1-383,text,true,,276,161,656,656,http://localhost:3001/character/334,6,0,0
1745251874085,6,Create,201,Created,Thread Group 1-407,text,true,,281,224,656,656,http://localhost:3001/character,6,0,0
1745251874085,6,get by ID,200,OK,Thread Group 1-408,text,true,,276,161,656,656,http://localhost:3001/character/335,6,0,0
1745251874085,7,Create,201,Created,Thread Group 1-319,text,true,,281,224,656,656,http://localhost:3001/character,7,0,0
1745251874085,8,Create,201,Created,Thread Group 1-410,text,true,,281,224,656,656,http://localhost:3001/character,8,0,0
1745251874085,8,Delete,200,OK,Thread Group 1-382,text,true,,293,183,656,656,http://localhost:3001/character/334,8,0,0
1745251874085,9,Create,201,Created,Thread Group 1-386,text,true,,281,224,655,655,http://localhost:3001/character,9,0,0
1745251871957,2140,Get characters,200,OK,Thread Group 1-387,text,false,"The operation lasted too long: It took 2,140 milliseconds, but should not have lasted longer than 30 milliseconds.",14371,158,655,655,http://localhost:3001/characters,2140,0,0
1745251874089,10,get by ID,200,OK,Thread Group 1-375,text,true,,276,161,655,655,http://localhost:3001/character/335,10,0,0
1745251874090,10,Update,200,OK,Thread Group 1-403,text,true,,276,227,655,655,http://localhost:3001/character/334,10,0,0
1745251874090,13,Update,200,OK,Thread Group 1-383,text,true,,276,227,655,655,http://localhost:3001/character/334,13,0,0
1745251874091,13,get by ID,200,OK,Thread Group 1-407,text,true,,276,161,655,655,http://localhost:3001/character/336,13,0,0
1745251874091,13,Update,200,OK,Thread Group 1-408,text,true,,276,227,655,655,http://localhost:3001/character/335,13,0,0
1745251874093,12,get by ID,200,OK,Thread Group 1-319,text,true,,276,161,655,655,http://localhost:3001/character/337,12,0,0
1745251874093,12,get by ID,200,OK,Thread Group 1-410,text,true,,276,161,655,655,http://localhost:3001/character/338,12,0,0
1745251874087,18,Create,201,Created,Thread Group 1-414,text,true,,281,224,655,655,http://localhost:3001/character,18,0,0
1745251872010,2095,Get characters,200,OK,Thread Group 1-415,text,false,"The operation lasted too long: It took 2,095 milliseconds, but should not have lasted longer than 30 milliseconds.",14413,158,655,655,http://localhost:3001/characters,2095,0,0
1745251874095,11,get by ID,200,OK,Thread Group 1-386,text,true,,276,161,655,655,http://localhost:3001/character/338,11,0,0
1745251871962,2144,Get characters,200,OK,Thread Group 1-389,text,false,"The operation lasted too long: It took 2,144 milliseconds, but should not have lasted longer than 30 milliseconds.",14413,158,655,655,http://localhost:3001/characters,2144,0,1
1745251872011,2095,Get characters,200,OK,Thread Group 1-412,text,false,"The operation lasted too long: It took 2,095 milliseconds, but should not have lasted longer than 30 milliseconds.",14413,158,655,655,http://localhost:3001/characters,2095,0,0
1745251871964,2143,Get characters,200,OK,Thread Group 1-390,text,false,"The operation lasted too long: It took 2,143 milliseconds, but should not have lasted longer than 30 milliseconds.",14413,158,655,655,http://localhost:3001/characters,2143,0,0
1745251874100,7,Delete,200,OK,Thread Group 1-403,text,true,,293,183,655,655,http://localhost:3001/character/334,7,0,0
1745251874098,10,Create,201,Created,Thread Group 1-387,text,true,,281,224,654,654,http://localhost:3001/character,10,0,0
1745251872011,2098,Get characters,200,OK,Thread Group 1-416,text,false,"The operation lasted too long: It took 2,098 milliseconds, but should not have lasted longer than 30 milliseconds.",14413,158,654,654,http://localhost:3001/characters,2098,0,1
1745251874100,9,Update,200,OK,Thread Group 1-375,text,true,,276,227,654,654,http://localhost:3001/character/335,9,0,0
1745251871969,2143,Get characters,200,OK,Thread Group 1-392,text,false,"The operation lasted too long: It took 2,143 milliseconds, but should not have lasted longer than 30 milliseconds.",14413,158,654,654,http://localhost:3001/characters,2143,0,4
1745251874109,4,Delete,200,OK,Thread Group 1-375,text,true,,293,183,654,654,http://localhost:3001/character/335,4,0,0
1745251874108,6,get by ID,200,OK,Thread Group 1-387,text,true,,276,161,653,653,http://localhost:3001/character/339,6,0,0
1745251874107,8,Create,201,Created,Thread Group 1-390,text,true,,281,224,653,653,http://localhost:3001/character,8,0,0
1745251874105,10,get by ID,200,OK,Thread Group 1-414,text,true,,276,161,653,653,http://localhost:3001/character/339,10,0,0
1745251874106,10,Create,201,Created,Thread Group 1-412,text,true,,281,224,653,653,http://localhost:3001/character,10,0,0
1745251874105,11,Create,201,Created,Thread Group 1-415,text,true,,281,224,653,653,http://localhost:3001/character,11,0,0
1745251874106,12,Create,201,Created,Thread Group 1-389,text,true,,281,224,653,653,http://localhost:3001/character,12,0,0
1745251874106,13,Update,200,OK,Thread Group 1-386,text,true,,276,227,653,653,http://localhost:3001/character/338,13,0,0
1745251874105,15,Update,200,OK,Thread Group 1-319,text,true,,276,227,653,653,http://localhost:3001/character/337,15,0,0
1745251874104,19,Delete,200,OK,Thread Group 1-408,text,true,,293,183,653,653,http://localhost:3001/character/335,19,0,0
1745251874104,19,Update,200,OK,Thread Group 1-407,text,true,,276,227,652,652,http://localhost:3001/character/336,19,0,0
1745251874105,18,Update,200,OK,Thread Group 1-410,text,true,,276,227,652,652,http://localhost:3001/character/338,18,0,0
1745251874104,20,Delete,200,OK,Thread Group 1-383,text,true,,293,183,652,652,http://localhost:3001/character/334,20,0,0
1745251871978,2147,Get characters,200,OK,Thread Group 1-393,text,false,"The operation lasted too long: It took 2,147 milliseconds, but should not have lasted longer than 30 milliseconds.",14497,158,651,651,http://localhost:3001/characters,2147,0,1
1745251874109,16,Create,201,Created,Thread Group 1-416,text,true,,281,224,651,651,http://localhost:3001/character,16,0,0
1745251874114,13,Update,200,OK,Thread Group 1-387,text,true,,276,227,651,651,http://localhost:3001/character/339,13,0,0
1745251874115,12,get by ID,200,OK,Thread Group 1-390,text,true,,276,161,651,651,http://localhost:3001/character/339,12,0,0
1745251874115,12,Update,200,OK,Thread Group 1-414,text,true,,276,227,651,651,http://localhost:3001/character/339,12,0,0
1745251874116,12,get by ID,200,OK,Thread Group 1-412,text,true,,276,161,651,651,http://localhost:3001/character/340,12,0,0
1745251874117,12,get by ID,200,OK,Thread Group 1-415,text,true,,276,161,651,651,http://localhost:3001/character/341,12,0,0
1745251874112,18,Create,201,Created,Thread Group 1-392,text,true,,281,224,651,651,http://localhost:3001/character,18,0,0
1745251872012,2119,Get characters,200,OK,Thread Group 1-417,text,false,"The operation lasted too long: It took 2,119 milliseconds, but should not have lasted longer than 30 milliseconds.",14539,158,651,651,http://localhost:3001/characters,2119,0,1
1745251874127,6,Delete,200,OK,Thread Group 1-387,text,true,,293,183,651,651,http://localhost:3001/character/339,6,0,0
1745251874127,7,Update,200,OK,Thread Group 1-390,text,true,,276,227,650,650,http://localhost:3001/character/339,7,0,0
1745251874127,7,Delete,200,OK,Thread Group 1-414,text,true,,293,183,650,650,http://localhost:3001/character/339,7,0,0
1745251874128,7,Update,200,OK,Thread Group 1-412,text,true,,276,227,649,649,http://localhost:3001/character/340,7,0,0
1745251874129,6,Update,200,OK,Thread Group 1-415,text,true,,276,227,649,649,http://localhost:3001/character/341,6,0,0
1745251874120,16,Delete,200,OK,Thread Group 1-319,text,true,,293,183,649,649,http://localhost:3001/character/337,16,0,0
1745251874119,17,Delete,200,OK,Thread Group 1-386,text,true,,293,183,648,648,http://localhost:3001/character/338,17,0,0
1745251874119,18,get by ID,200,OK,Thread Group 1-389,text,true,,276,161,647,647,http://localhost:3001/character/342,18,0,0
1745251874123,14,Delete,200,OK,Thread Group 1-407,text,true,,293,183,647,647,http://localhost:3001/character/336,14,0,0
1745251874134,7,Delete,200,OK,Thread Group 1-390,text,true,,293,183,646,646,http://localhost:3001/character/339,7,0,0
1745251874125,16,Create,201,Created,Thread Group 1-393,text,true,,281,224,646,646,http://localhost:3001/character,16,0,0
1745251871980,2161,Get characters,200,OK,Thread Group 1-394,text,false,"The operation lasted too long: It took 2,161 milliseconds, but should not have lasted longer than 30 milliseconds.",14329,158,646,646,http://localhost:3001/characters,2161,0,1
1745251874125,16,get by ID,200,OK,Thread Group 1-416,text,true,,276,161,645,645,http://localhost:3001/character/341,16,0,0
1745251874123,19,Delete,200,OK,Thread Group 1-410,text,true,,293,183,645,645,http://localhost:3001/character/338,19,0,0
1745251874135,7,Delete,200,OK,Thread Group 1-412,text,true,,293,183,644,644,http://localhost:3001/character/340,7,0,0
1745251874135,7,Delete,200,OK,Thread Group 1-415,text,true,,293,183,644,644,http://localhost:3001/character/341,7,0,0
1745251874130,13,get by ID,200,OK,Thread Group 1-392,text,true,,276,161,642,642,http://localhost:3001/character/342,13,0,0
1745251874131,13,Create,201,Created,Thread Group 1-417,text,true,,281,224,642,642,http://localhost:3001/character,13,0,0
1745251872013,2132,Get characters,200,OK,Thread Group 1-427,text,false,"The operation lasted too long: It took 2,132 milliseconds, but should not have lasted longer than 30 milliseconds.",14245,158,642,642,http://localhost:3001/characters,2132,0,0
1745251874143,5,Update,200,OK,Thread Group 1-392,text,true,,276,227,642,642,http://localhost:3001/character/342,5,0,0
1745251874141,7,get by ID,200,OK,Thread Group 1-393,text,true,,276,161,642,642,http://localhost:3001/character/337,7,0,0
1745251874141,8,Create,201,Created,Thread Group 1-394,text,true,,281,224,642,642,http://localhost:3001/character,8,0,0
1745251874142,8,Update,200,OK,Thread Group 1-416,text,true,,276,227,642,642,http://localhost:3001/character/341,8,0,0
1745251874137,14,Update,200,OK,Thread Group 1-389,text,true,,276,227,642,642,http://localhost:3001/character/342,14,0,0
1745251871989,2163,Get characters,200,OK,Thread Group 1-395,text,false,"The operation lasted too long: It took 2,163 milliseconds, but should not have lasted longer than 30 milliseconds.",14287,158,642,642,http://localhost:3001/characters,2163,0,1
1745251874150,3,get by ID,200,OK,Thread Group 1-394,text,true,,276,161,642,642,http://localhost:3001/character/336,3,0,0
1745251874148,5,Delete,200,OK,Thread Group 1-392,text,true,,293,183,642,642,http://localhost:3001/character/342,5,0,0
1745251874148,6,Update,200,OK,Thread Group 1-393,text,true,,276,227,641,641,http://localhost:3001/character/337,6,0,0
1745251874145,9,Create,201,Created,Thread Group 1-427,text,true,,281,224,641,641,http://localhost:3001/character,9,0,0
1745251874145,10,get by ID,200,OK,Thread Group 1-417,text,true,,276,161,641,641,http://localhost:3001/character/335,10,0,0
1745251872013,2142,Get characters,200,OK,Thread Group 1-426,text,false,"The operation lasted too long: It took 2,142 milliseconds, but should not have lasted longer than 30 milliseconds.",14287,158,641,641,http://localhost:3001/characters,2142,0,1
1745251874150,6,Delete,200,OK,Thread Group 1-416,text,true,,293,183,641,641,http://localhost:3001/character/341,6,0,0
1745251874151,6,Delete,200,OK,Thread Group 1-389,text,true,,293,183,640,640,http://localhost:3001/character/342,6,0,0
1745251871989,2168,Get characters,200,OK,Thread Group 1-396,text,false,"The operation lasted too long: It took 2,168 milliseconds, but should not have lasted longer than 30 milliseconds.",14203,158,640,640,http://localhost:3001/characters,2168,0,1
1745251874152,5,Create,201,Created,Thread Group 1-395,text,true,,281,224,639,639,http://localhost:3001/character,5,0,0
1745251874154,4,get by ID,200,OK,Thread Group 1-427,text,true,,276,161,639,639,http://localhost:3001/character/336,4,0,0
1745251874154,4,Delete,200,OK,Thread Group 1-393,text,true,,293,183,639,639,http://localhost:3001/character/337,4,0,0
1745251874154,5,Update,200,OK,Thread Group 1-394,text,true,,276,227,638,638,http://localhost:3001/character/336,5,0,0
1745251872014,2146,Get characters,200,OK,Thread Group 1-418,text,false,"The operation lasted too long: It took 2,146 milliseconds, but should not have lasted longer than 30 milliseconds.",14203,158,638,638,http://localhost:3001/characters,2146,0,0
1745251874157,4,get by ID,200,OK,Thread Group 1-395,text,true,,276,161,638,638,http://localhost:3001/character/335,4,0,0
1745251874158,4,Update,200,OK,Thread Group 1-427,text,true,,276,227,638,638,http://localhost:3001/character/336,4,0,0
1745251874156,7,Create,201,Created,Thread Group 1-426,text,true,,281,224,638,638,http://localhost:3001/character,7,0,0
1745251874155,9,Update,200,OK,Thread Group 1-417,text,true,,276,227,638,638,http://localhost:3001/character/335,9,0,0
1745251874157,8,Create,201,Created,Thread Group 1-396,text,true,,281,224,638,638,http://localhost:3001/character,8,0,0
1745251871982,2184,Get characters,200,OK,Thread Group 1-385,text,false,"The operation lasted too long: It took 2,184 milliseconds, but should not have lasted longer than 30 milliseconds.",14287,158,638,638,http://localhost:3001/characters,2184,0,9
1745251874166,3,get by ID,200,OK,Thread Group 1-396,text,true,,276,161,638,638,http://localhost:3001/character/336,3,0,0
1745251874161,8,Update,200,OK,Thread Group 1-395,text,true,,276,227,638,638,http://localhost:3001/character/335,8,0,0
1745251874164,6,get by ID,200,OK,Thread Group 1-426,text,true,,276,161,638,638,http://localhost:3001/character/335,6,0,0
1745251874162,8,Delete,200,OK,Thread Group 1-427,text,true,,293,183,638,638,http://localhost:3001/character/336,8,0,0
1745251874165,6,Delete,200,OK,Thread Group 1-417,text,true,,293,183,637,637,http://localhost:3001/character/335,6,0,0
1745251874159,13,Delete,200,OK,Thread Group 1-394,text,true,,293,183,636,636,http://localhost:3001/character/336,13,0,0
1745251874160,12,Create,201,Created,Thread Group 1-418,text,true,,281,224,636,636,http://localhost:3001/character,12,0,0
1745251872016,2159,Get characters,200,OK,Thread Group 1-428,text,false,"The operation lasted too long: It took 2,159 milliseconds, but should not have lasted longer than 30 milliseconds.",14203,158,635,635,http://localhost:3001/characters,2159,0,1
1745251874167,9,Create,201,Created,Thread Group 1-385,text,true,,281,224,635,635,http://localhost:3001/character,9,0,0
1745251872018,2159,Get characters,200,OK,Thread Group 1-419,text,false,"The operation lasted too long: It took 2,159 milliseconds, but should not have lasted longer than 30 milliseconds.",14245,158,635,635,http://localhost:3001/characters,2158,0,1
1745251872020,2157,Get characters,200,OK,Thread Group 1-420,text,false,"The operation lasted too long: It took 2,157 milliseconds, but should not have lasted longer than 30 milliseconds.",14245,158,635,635,http://localhost:3001/characters,2157,0,1
1745251874170,9,Delete,200,OK,Thread Group 1-395,text,true,,293,183,635,635,http://localhost:3001/character/335,9,0,0
1745251872021,2159,Get characters,200,OK,Thread Group 1-421,text,false,"The operation lasted too long: It took 2,159 milliseconds, but should not have lasted longer than 30 milliseconds.",14203,158,634,634,http://localhost:3001/characters,2159,0,1
1745251874170,10,Update,200,OK,Thread Group 1-396,text,true,,276,227,634,634,http://localhost:3001/character/336,10,0,0
1745251874170,14,Update,200,OK,Thread Group 1-426,text,true,,276,227,634,634,http://localhost:3001/character/335,14,0,0
1745251872022,2162,Get characters,200,OK,Thread Group 1-423,text,false,"The operation lasted too long: It took 2,162 milliseconds, but should not have lasted longer than 30 milliseconds.",14203,158,634,634,http://localhost:3001/characters,2162,0,1
1745251874173,11,get by ID,200,OK,Thread Group 1-418,text,true,,276,161,634,634,http://localhost:3001/character/334,11,0,0
1745251872021,2163,Get characters,200,OK,Thread Group 1-422,text,false,"The operation lasted too long: It took 2,163 milliseconds, but should not have lasted longer than 30 milliseconds.",14203,158,634,634,http://localhost:3001/characters,2163,0,2
1745251872024,2161,Get characters,200,OK,Thread Group 1-431,text,false,"The operation lasted too long: It took 2,161 milliseconds, but should not have lasted longer than 30 milliseconds.",14203,158,634,634,http://localhost:3001/characters,2161,0,0
1745251872024,2161,Get characters,200,OK,Thread Group 1-432,text,false,"The operation lasted too long: It took 2,161 milliseconds, but should not have lasted longer than 30 milliseconds.",14203,158,634,634,http://localhost:3001/characters,2161,0,0
1745251874185,3,Create,201,Created,Thread Group 1-432,text,true,,281,224,634,634,http://localhost:3001/character,3,0,0
1745251874178,11,Create,201,Created,Thread Group 1-420,text,true,,281,224,634,634,http://localhost:3001/character,11,0,0
1745251874177,12,Create,201,Created,Thread Group 1-419,text,true,,281,224,634,634,http://localhost:3001/character,12,0,0
1745251874176,14,get by ID,200,OK,Thread Group 1-385,text,true,,276,161,634,634,http://localhost:3001/character/335,14,0,0
1745251874176,14,Create,201,Created,Thread Group 1-428,text,true,,281,224,634,634,http://localhost:3001/character,14,0,0
1745251874181,10,Delete,200,OK,Thread Group 1-396,text,true,,293,183,634,634,http://localhost:3001/character/336,10,0,0
1745251874180,11,Create,201,Created,Thread Group 1-421,text,true,,281,224,634,634,http://localhost:3001/character,11,0,0
1745251874184,8,Create,201,Created,Thread Group 1-423,text,true,,281,224,633,633,http://localhost:3001/character,8,0,0
1745251874184,9,Update,200,OK,Thread Group 1-418,text,true,,276,227,633,633,http://localhost:3001/character/334,9,0,0
1745251874184,9,Delete,200,OK,Thread Group 1-426,text,true,,293,183,633,633,http://localhost:3001/character/335,9,0,0
1745251874184,10,Create,201,Created,Thread Group 1-422,text,true,,281,224,632,632,http://localhost:3001/character,10,0,0
1745251874185,9,Create,201,Created,Thread Group 1-431,text,true,,281,224,632,632,http://localhost:3001/character,9,0,0
1745251872025,2169,Get characters,200,OK,Thread Group 1-425,text,false,"The operation lasted too long: It took 2,169 milliseconds, but should not have lasted longer than 30 milliseconds.",14455,158,632,632,http://localhost:3001/characters,2169,0,0
1745251874189,6,get by ID,200,OK,Thread Group 1-420,text,true,,276,161,632,632,http://localhost:3001/character/336,6,0,0
1745251874188,7,get by ID,200,OK,Thread Group 1-432,text,true,,276,161,632,632,http://localhost:3001/character/335,7,0,0
1745251874189,7,get by ID,200,OK,Thread Group 1-419,text,true,,276,161,632,632,http://localhost:3001/character/337,7,0,0
1745251874190,6,get by ID,200,OK,Thread Group 1-428,text,true,,276,161,632,632,http://localhost:3001/character/338,6,0,0
1745251874190,7,Update,200,OK,Thread Group 1-385,text,true,,276,227,632,632,http://localhost:3001/character/335,7,0,0
1745251874191,6,get by ID,200,OK,Thread Group 1-421,text,true,,276,161,632,632,http://localhost:3001/character/339,6,0,0
1745251874192,5,get by ID,200,OK,Thread Group 1-423,text,true,,276,161,632,632,http://localhost:3001/character/339,5,0,0
1745251874193,5,Delete,200,OK,Thread Group 1-418,text,true,,293,183,632,632,http://localhost:3001/character/334,5,0,0
1745251872026,2173,Get characters,200,OK,Thread Group 1-433,text,false,"The operation lasted too long: It took 2,173 milliseconds, but should not have lasted longer than 30 milliseconds.",14413,158,631,631,http://localhost:3001/characters,2173,0,0
1745251874195,6,Update,200,OK,Thread Group 1-432,text,true,,276,227,631,631,http://localhost:3001/character/335,6,0,0
1745251874195,7,Update,200,OK,Thread Group 1-420,text,true,,276,227,631,631,http://localhost:3001/character/336,7,0,0
1745251874196,7,Update,200,OK,Thread Group 1-419,text,true,,276,227,631,631,http://localhost:3001/character/337,7,0,0
1745251874196,8,Update,200,OK,Thread Group 1-428,text,true,,276,227,631,631,http://localhost:3001/character/338,8,0,0
1745251874197,8,Delete,200,OK,Thread Group 1-385,text,true,,293,183,631,631,http://localhost:3001/character/335,8,0,0
1745251874197,9,Update,200,OK,Thread Group 1-421,text,true,,276,227,630,630,http://localhost:3001/character/339,9,0,0
1745251874197,11,Update,200,OK,Thread Group 1-423,text,true,,276,227,630,630,http://localhost:3001/character/339,11,0,0
1745251874199,10,Create,201,Created,Thread Group 1-433,text,true,,281,224,630,630,http://localhost:3001/character,10,0,0
1745251874194,16,get by ID,200,OK,Thread Group 1-431,text,true,,276,161,630,630,http://localhost:3001/character/340,16,0,0
1745251874195,17,Create,201,Created,Thread Group 1-425,text,true,,281,224,630,630,http://localhost:3001/character,17,0,0
1745251874194,18,get by ID,200,OK,Thread Group 1-422,text,true,,276,161,630,630,http://localhost:3001/character/339,18,0,0
1745251872026,2188,Get characters,200,OK,Thread Group 1-424,text,false,"The operation lasted too long: It took 2,188 milliseconds, but should not have lasted longer than 30 milliseconds.",14455,158,630,630,http://localhost:3001/characters,2188,0,0
1745251874201,13,Delete,200,OK,Thread Group 1-432,text,true,,293,183,630,630,http://localhost:3001/character/335,13,0,0
1745251874202,14,Delete,200,OK,Thread Group 1-420,text,true,,293,183,629,629,http://localhost:3001/character/336,14,0,0
1745251874203,17,Delete,200,OK,Thread Group 1-419,text,true,,293,183,628,628,http://localhost:3001/character/337,17,0,0
1745251874204,16,Delete,200,OK,Thread Group 1-428,text,true,,293,183,628,628,http://localhost:3001/character/338,16,0,0
1745251874206,15,Delete,200,OK,Thread Group 1-421,text,true,,293,183,626,626,http://localhost:3001/character/339,15,0,0
1745251874208,13,Delete,200,OK,Thread Group 1-423,text,true,,293,183,625,625,http://localhost:3001/character/339,13,0,0
1745251874210,11,get by ID,200,OK,Thread Group 1-433,text,true,,276,161,624,624,http://localhost:3001/character/339,11,0,0
1745251874210,11,Update,200,OK,Thread Group 1-431,text,true,,276,227,624,624,http://localhost:3001/character/340,11,0,0
1745251874213,9,get by ID,200,OK,Thread Group 1-425,text,true,,276,161,624,624,http://localhost:3001/character/340,9,0,0
1745251872027,2195,Get characters,200,OK,Thread Group 1-435,text,false,"The operation lasted too long: It took 2,195 milliseconds, but should not have lasted longer than 30 milliseconds.",14203,158,624,624,http://localhost:3001/characters,2195,0,1
1745251874213,11,Update,200,OK,Thread Group 1-422,text,true,,276,227,624,624,http://localhost:3001/character/339,11,0,0
1745251872028,2197,Get characters,200,OK,Thread Group 1-436,text,false,"The operation lasted too long: It took 2,197 milliseconds, but should not have lasted longer than 30 milliseconds.",14203,158,624,624,http://localhost:3001/characters,2197,0,0
1745251874222,7,Update,200,OK,Thread Group 1-425,text,true,,276,227,624,624,http://localhost:3001/character/340,6,0,0
1745251874224,5,Delete,200,OK,Thread Group 1-422,text,true,,293,183,624,624,http://localhost:3001/character/339,5,0,0
1745251874215,14,Create,201,Created,Thread Group 1-424,text,true,,281,224,623,623,http://localhost:3001/character,14,0,0
1745251874221,9,Update,200,OK,Thread Group 1-433,text,true,,276,227,623,623,http://localhost:3001/character/339,9,0,0
1745251874222,8,Create,201,Created,Thread Group 1-435,text,true,,281,224,623,623,http://localhost:3001/character,8,0,0
1745251874222,10,Delete,200,OK,Thread Group 1-431,text,true,,293,183,623,623,http://localhost:3001/character/340,10,0,0
1745251872029,2203,Get characters,200,OK,Thread Group 1-429,text,false,"The operation lasted too long: It took 2,203 milliseconds, but should not have lasted longer than 30 milliseconds.",14203,158,623,623,http://localhost:3001/characters,2203,0,0
1745251874231,4,get by ID,200,OK,Thread Group 1-435,text,true,,276,161,622,622,http://localhost:3001/character/335,4,0,0
1745251874229,6,get by ID,200,OK,Thread Group 1-424,text,true,,276,161,622,622,http://localhost:3001/character/334,6,0,0
1745251874230,6,Delete,200,OK,Thread Group 1-433,text,true,,293,183,622,622,http://localhost:3001/character/339,6,0,0
1745251874229,7,Delete,200,OK,Thread Group 1-425,text,true,,293,183,622,622,http://localhost:3001/character/340,7,0,0
1745251874225,13,Create,201,Created,Thread Group 1-436,text,true,,281,224,620,620,http://localhost:3001/character,13,0,0
1745251872028,2211,Get characters,200,OK,Thread Group 1-413,text,false,"The operation lasted too long: It took 2,211 milliseconds, but should not have lasted longer than 30 milliseconds.",14161,158,620,620,http://localhost:3001/characters,2211,0,1
1745251874236,8,Update,200,OK,Thread Group 1-424,text,true,,276,227,620,620,http://localhost:3001/character/334,8,0,0
1745251874236,9,Update,200,OK,Thread Group 1-435,text,true,,276,227,620,620,http://localhost:3001/character/335,9,0,0
1745251874238,7,get by ID,200,OK,Thread Group 1-436,text,true,,276,161,620,620,http://localhost:3001/character/333,7,0,0
1745251874232,14,Create,201,Created,Thread Group 1-429,text,true,,281,224,620,620,http://localhost:3001/character,14,0,0
1745251872030,2219,Get characters,200,OK,Thread Group 1-438,text,false,"The operation lasted too long: It took 2,219 milliseconds, but should not have lasted longer than 30 milliseconds.",14203,158,620,620,http://localhost:3001/characters,2219,0,1
1745251874244,6,Delete,200,OK,Thread Group 1-424,text,true,,293,183,620,620,http://localhost:3001/character/334,6,0,0
1745251874245,6,Delete,200,OK,Thread Group 1-435,text,true,,293,183,619,619,http://localhost:3001/character/335,6,0,0
1745251874245,7,Update,200,OK,Thread Group 1-436,text,true,,276,227,618,618,http://localhost:3001/character/333,7,0,0
1745251874240,13,Create,201,Created,Thread Group 1-413,text,true,,281,224,618,618,http://localhost:3001/character,13,0,0
1745251872032,2223,Get characters,200,OK,Thread Group 1-430,text,false,"The operation lasted too long: It took 2,223 milliseconds, but should not have lasted longer than 30 milliseconds.",14161,158,618,618,http://localhost:3001/characters,2223,0,0
1745251874253,3,Delete,200,OK,Thread Group 1-436,text,true,,293,183,618,618,http://localhost:3001/character/333,3,0,0
1745251874247,10,get by ID,200,OK,Thread Group 1-429,text,true,,276,161,617,617,http://localhost:3001/character/334,10,0,0
1745251874249,8,Create,201,Created,Thread Group 1-438,text,true,,281,224,617,617,http://localhost:3001/character,8,0,0
1745251872033,2226,Get characters,200,OK,Thread Group 1-439,text,false,"The operation lasted too long: It took 2,226 milliseconds, but should not have lasted longer than 30 milliseconds.",14161,158,617,617,http://localhost:3001/characters,2226,0,0
1745251874254,7,get by ID,200,OK,Thread Group 1-413,text,true,,276,161,617,617,http://localhost:3001/character/333,7,0,0
1745251872034,2227,Get characters,200,OK,Thread Group 1-442,text,false,"The operation lasted too long: It took 2,227 milliseconds, but should not have lasted longer than 30 milliseconds.",14203,158,617,617,http://localhost:3001/characters,2227,0,1
1745251872034,2227,Get characters,200,OK,Thread Group 1-441,text,false,"The operation lasted too long: It took 2,227 milliseconds, but should not have lasted longer than 30 milliseconds.",14203,158,617,617,http://localhost:3001/characters,2227,0,0
1745251874255,6,Create,201,Created,Thread Group 1-430,text,true,,281,224,617,617,http://localhost:3001/character,6,0,0
1745251872035,2229,Get characters,200,OK,Thread Group 1-440,text,false,"The operation lasted too long: It took 2,229 milliseconds, but should not have lasted longer than 30 milliseconds.",14203,158,617,617,http://localhost:3001/characters,2229,0,0
1745251874259,6,Create,201,Created,Thread Group 1-439,text,true,,281,224,617,617,http://localhost:3001/character,6,0,0
1745251874258,8,get by ID,200,OK,Thread Group 1-438,text,true,,276,161,617,617,http://localhost:3001/character/333,8,0,0
1745251874257,10,Update,200,OK,Thread Group 1-429,text,true,,276,227,617,617,http://localhost:3001/character/334,10,0,0
1745251872036,2232,Get characters,200,OK,Thread Group 1-437,text,false,"The operation lasted too long: It took 2,232 milliseconds, but should not have lasted longer than 30 milliseconds.",14245,158,617,617,http://localhost:3001/characters,2232,0,1
1745251874265,4,get by ID,200,OK,Thread Group 1-439,text,true,,276,161,617,617,http://localhost:3001/character/335,4,0,0
1745251874266,4,Update,200,OK,Thread Group 1-438,text,true,,276,227,617,617,http://localhost:3001/character/333,4,0,0
1745251874261,10,Create,201,Created,Thread Group 1-441,text,true,,281,224,617,617,http://localhost:3001/character,10,0,0
1745251874262,10,get by ID,200,OK,Thread Group 1-430,text,true,,276,161,617,617,http://localhost:3001/character/334,10,0,0
1745251874261,12,Create,201,Created,Thread Group 1-442,text,true,,281,224,617,617,http://localhost:3001/character,12,0,0
1745251874269,7,Update,200,OK,Thread Group 1-439,text,true,,276,227,617,617,http://localhost:3001/character/335,7,0,0
1745251874270,6,Delete,200,OK,Thread Group 1-438,text,true,,293,183,617,617,http://localhost:3001/character/333,6,0,0
1745251874269,8,Create,201,Created,Thread Group 1-437,text,true,,281,224,616,616,http://localhost:3001/character,8,0,0
1745251872037,2241,Get characters,200,OK,Thread Group 1-445,text,false,"The operation lasted too long: It took 2,241 milliseconds, but should not have lasted longer than 30 milliseconds.",14371,158,616,616,http://localhost:3001/characters,2241,0,1
1745251874264,15,Create,201,Created,Thread Group 1-440,text,true,,281,224,616,616,http://localhost:3001/character,15,0,0
1745251874261,19,Update,200,OK,Thread Group 1-413,text,true,,276,227,616,616,http://localhost:3001/character/333,19,0,0
1745251874267,13,Delete,200,OK,Thread Group 1-429,text,true,,293,183,616,616,http://localhost:3001/character/334,13,0,0
1745251872043,2240,Get characters,200,OK,Thread Group 1-443,text,false,"The operation lasted too long: It took 2,240 milliseconds, but should not have lasted longer than 30 milliseconds.",14329,158,615,615,http://localhost:3001/characters,2240,0,0
1745251872042,2241,Get characters,200,OK,Thread Group 1-444,text,false,"The operation lasted too long: It took 2,241 milliseconds, but should not have lasted longer than 30 milliseconds.",14329,158,615,615,http://localhost:3001/characters,2241,0,1
1745251872040,2243,Get characters,200,OK,Thread Group 1-448,text,false,"The operation lasted too long: It took 2,243 milliseconds, but should not have lasted longer than 30 milliseconds.",14329,158,615,615,http://localhost:3001/characters,2243,0,1
1745251874273,10,get by ID,200,OK,Thread Group 1-442,text,true,,276,161,615,615,http://localhost:3001/character/337,10,0,0
1745251874272,11,Update,200,OK,Thread Group 1-430,text,true,,276,227,615,615,http://localhost:3001/character/334,11,0,0
1745251872048,2235,Get characters,200,OK,Thread Group 1-447,text,false,"The operation lasted too long: It took 2,235 milliseconds, but should not have lasted longer than 30 milliseconds.",14329,158,615,615,http://localhost:3001/characters,2235,0,3
1745251872038,2245,Get characters,200,OK,Thread Group 1-446,text,false,"The operation lasted too long: It took 2,245 milliseconds, but should not have lasted longer than 30 milliseconds.",14329,158,615,615,http://localhost:3001/characters,2245,0,1
1745251872044,2239,Get characters,200,OK,Thread Group 1-453,text,false,"The operation lasted too long: It took 2,239 milliseconds, but should not have lasted longer than 30 milliseconds.",14329,158,615,615,http://localhost:3001/characters,2239,0,1
1745251872045,2239,Get characters,200,OK,Thread Group 1-450,text,false,"The operation lasted too long: It took 2,239 milliseconds, but should not have lasted longer than 30 milliseconds.",14329,158,615,615,http://localhost:3001/characters,2239,0,1
1745251872046,2238,Get characters,200,OK,Thread Group 1-434,text,false,"The operation lasted too long: It took 2,238 milliseconds, but should not have lasted longer than 30 milliseconds.",14329,158,615,615,http://localhost:3001/characters,2238,0,0
1745251872049,2235,Get characters,200,OK,Thread Group 1-455,text,false,"The operation lasted too long: It took 2,235 milliseconds, but should not have lasted longer than 30 milliseconds.",14329,158,615,615,http://localhost:3001/characters,2235,0,0
1745251874271,13,get by ID,200,OK,Thread Group 1-441,text,true,,276,161,615,615,http://localhost:3001/character/336,13,0,0
1745251874278,9,get by ID,200,OK,Thread Group 1-437,text,true,,276,161,615,615,http://localhost:3001/character/337,9,0,0
1745251874280,7,Delete,200,OK,Thread Group 1-413,text,true,,293,183,615,615,http://localhost:3001/character/333,7,0,0
1745251874278,9,Create,201,Created,Thread Group 1-445,text,true,,281,224,615,615,http://localhost:3001/character,9,0,0
1745251874276,12,Delete,200,OK,Thread Group 1-439,text,true,,293,183,614,614,http://localhost:3001/character/335,12,0,0
1745251874279,11,get by ID,200,OK,Thread Group 1-440,text,true,,276,161,613,613,http://localhost:3001/character/338,11,0,0
1745251872050,2241,Get characters,200,OK,Thread Group 1-452,text,false,"The operation lasted too long: It took 2,241 milliseconds, but should not have lasted longer than 30 milliseconds.",14287,158,613,613,http://localhost:3001/characters,2241,0,1
1745251874287,6,Update,200,OK,Thread Group 1-437,text,true,,276,227,613,613,http://localhost:3001/character/337,6,0,0
1745251874287,6,get by ID,200,OK,Thread Group 1-445,text,true,,276,161,613,613,http://localhost:3001/character/337,6,0,0
1745251874290,4,Update,200,OK,Thread Group 1-440,text,true,,276,227,613,613,http://localhost:3001/character/338,4,0,0
1745251874284,11,Update,200,OK,Thread Group 1-441,text,true,,276,227,613,613,http://localhost:3001/character/336,11,0,0
1745251874284,11,Create,201,Created,Thread Group 1-434,text,true,,281,224,613,613,http://localhost:3001/character,11,0,0
1745251874284,12,Create,201,Created,Thread Group 1-453,text,true,,281,224,613,613,http://localhost:3001/character,12,0,0
1745251874284,12,Create,201,Created,Thread Group 1-450,text,true,,281,224,613,613,http://localhost:3001/character,12,0,0
1745251874283,14,Create,201,Created,Thread Group 1-447,text,true,,281,224,613,613,http://localhost:3001/character,14,0,0
1745251874284,13,Create,201,Created,Thread Group 1-446,text,true,,281,224,613,613,http://localhost:3001/character,13,0,0
1745251874283,15,Update,200,OK,Thread Group 1-442,text,true,,276,227,613,613,http://localhost:3001/character/337,15,0,0
1745251874283,15,Create,201,Created,Thread Group 1-444,text,true,,281,224,613,613,http://localhost:3001/character,15,0,0
1745251874283,16,Delete,200,OK,Thread Group 1-430,text,true,,293,183,613,613,http://localhost:3001/character/334,16,0,0
1745251872052,2250,Get characters,200,OK,Thread Group 1-449,text,false,"The operation lasted too long: It took 2,250 milliseconds, but should not have lasted longer than 30 milliseconds.",14623,158,612,612,http://localhost:3001/characters,2250,0,1
1745251874284,18,Create,201,Created,Thread Group 1-455,text,true,,281,224,612,612,http://localhost:3001/character,18,0,0
1745251874283,19,Create,201,Created,Thread Group 1-443,text,true,,281,224,612,612,http://localhost:3001/character,19,0,0
1745251874283,19,Create,201,Created,Thread Group 1-448,text,true,,281,224,612,612,http://localhost:3001/character,19,0,0
1745251874294,10,Update,200,OK,Thread Group 1-445,text,true,,276,227,612,612,http://localhost:3001/character/337,10,0,0
1745251874294,10,Delete,200,OK,Thread Group 1-437,text,true,,293,183,612,612,http://localhost:3001/character/337,10,0,0
1745251874294,12,Delete,200,OK,Thread Group 1-440,text,true,,293,183,611,611,http://localhost:3001/character/338,12,0,0
1745251874295,12,Delete,200,OK,Thread Group 1-441,text,true,,293,183,610,610,http://localhost:3001/character/336,12,0,0
1745251874295,12,get by ID,200,OK,Thread Group 1-434,text,true,,276,161,610,610,http://localhost:3001/character/337,12,0,0
1745251874296,12,get by ID,200,OK,Thread Group 1-450,text,true,,276,161,609,609,http://localhost:3001/character/338,12,0,0
1745251874296,13,get by ID,200,OK,Thread Group 1-453,text,true,,276,161,609,609,http://localhost:3001/character/339,13,0,0
1745251874298,12,get by ID,200,OK,Thread Group 1-446,text,true,,276,161,609,609,http://localhost:3001/character/340,12,0,0
1745251874297,13,get by ID,200,OK,Thread Group 1-447,text,true,,276,161,609,609,http://localhost:3001/character/341,13,0,0
1745251874291,21,Create,201,Created,Thread Group 1-452,text,true,,281,224,609,609,http://localhost:3001/character,21,0,0
1745251874304,9,Delete,200,OK,Thread Group 1-445,text,true,,293,183,609,609,http://localhost:3001/character/337,9,0,0
1745251872053,2260,Get characters,200,OK,Thread Group 1-451,text,false,"The operation lasted too long: It took 2,260 milliseconds, but should not have lasted longer than 30 milliseconds.",14539,158,609,609,http://localhost:3001/characters,2260,0,1
1745251874307,7,Update,200,OK,Thread Group 1-434,text,true,,276,227,608,608,http://localhost:3001/character/337,7,0,0
1745251874308,6,Update,200,OK,Thread Group 1-450,text,true,,276,227,608,608,http://localhost:3001/character/338,6,0,0
1745251874309,13,Update,200,OK,Thread Group 1-453,text,true,,276,227,608,608,http://localhost:3001/character/339,13,0,0
1745251874311,11,Update,200,OK,Thread Group 1-446,text,true,,276,227,608,608,http://localhost:3001/character/340,11,0,0
1745251874311,11,Update,200,OK,Thread Group 1-447,text,true,,276,227,608,608,http://localhost:3001/character/341,11,0,0
1745251874299,23,Delete,200,OK,Thread Group 1-442,text,true,,293,183,608,608,http://localhost:3001/character/337,23,0,0
1745251874299,23,get by ID,200,OK,Thread Group 1-444,text,true,,276,161,608,608,http://localhost:3001/character/341,23,0,0
1745251874302,20,get by ID,200,OK,Thread Group 1-455,text,true,,276,161,608,608,http://localhost:3001/character/344,20,0,0
1745251874303,20,get by ID,200,OK,Thread Group 1-448,text,true,,276,161,607,607,http://localhost:3001/character/342,19,0,0
1745251874302,20,get by ID,200,OK,Thread Group 1-443,text,true,,276,161,607,607,http://localhost:3001/character/343,20,0,0
1745251874302,20,Create,201,Created,Thread Group 1-449,text,true,,281,224,607,607,http://localhost:3001/character,20,0,0
1745251872060,2263,Get characters,200,OK,Thread Group 1-454,text,false,"The operation lasted too long: It took 2,263 milliseconds, but should not have lasted longer than 30 milliseconds.",14497,158,607,607,http://localhost:3001/characters,2263,0,1
1745251874312,11,get by ID,200,OK,Thread Group 1-452,text,true,,276,161,607,607,http://localhost:3001/character/342,11,0,0
1745251874314,9,Create,201,Created,Thread Group 1-451,text,true,,281,224,607,607,http://localhost:3001/character,9,0,0
1745251872064,2259,Get characters,200,OK,Thread Group 1-456,text,false,"The operation lasted too long: It took 2,259 milliseconds, but should not have lasted longer than 30 milliseconds.",14539,158,607,607,http://localhost:3001/characters,2259,0,1
1745251872069,2255,Get characters,200,OK,Thread Group 1-457,text,false,"The operation lasted too long: It took 2,255 milliseconds, but should not have lasted longer than 30 milliseconds.",14539,158,607,607,http://localhost:3001/characters,2255,0,1
1745251872071,2253,Get characters,200,OK,Thread Group 1-458,text,false,"The operation lasted too long: It took 2,253 milliseconds, but should not have lasted longer than 30 milliseconds.",14539,158,607,607,http://localhost:3001/characters,2253,0,1
1745251872073,2251,Get characters,200,OK,Thread Group 1-460,text,false,"The operation lasted too long: It took 2,251 milliseconds, but should not have lasted longer than 30 milliseconds.",14539,158,607,607,http://localhost:3001/characters,2251,0,0
1745251872072,2252,Get characters,200,OK,Thread Group 1-459,text,false,"The operation lasted too long: It took 2,252 milliseconds, but should not have lasted longer than 30 milliseconds.",14539,158,607,607,http://localhost:3001/characters,2252,0,1
1745251874314,11,Delete,200,OK,Thread Group 1-450,text,true,,293,183,607,607,http://localhost:3001/character/338,11,0,0
1745251874314,12,Delete,200,OK,Thread Group 1-434,text,true,,293,183,606,606,http://localhost:3001/character/337,12,0,0
1745251872074,2253,Get characters,200,OK,Thread Group 1-461,text,false,"The operation lasted too long: It took 2,253 milliseconds, but should not have lasted longer than 30 milliseconds.",14455,158,605,605,http://localhost:3001/characters,2253,0,0
1745251874323,5,get by ID,200,OK,Thread Group 1-449,text,true,,276,161,605,605,http://localhost:3001/character/341,5,0,0
1745251874322,7,Delete,200,OK,Thread Group 1-446,text,true,,293,183,605,605,http://localhost:3001/character/340,7,0,0
1745251874323,6,Update,200,OK,Thread Group 1-448,text,true,,276,227,604,604,http://localhost:3001/character/342,6,0,0
1745251874324,6,Create,201,Created,Thread Group 1-460,text,true,,281,224,604,604,http://localhost:3001/character,6,0,0
1745251874323,8,Update,200,OK,Thread Group 1-443,text,true,,276,227,604,604,http://localhost:3001/character/343,8,0,0
1745251874324,7,Create,201,Created,Thread Group 1-457,text,true,,281,224,604,604,http://localhost:3001/character,7,0,0
1745251874322,10,Update,200,OK,Thread Group 1-455,text,true,,276,227,604,604,http://localhost:3001/character/344,10,0,0
1745251874322,11,Update,200,OK,Thread Group 1-444,text,true,,276,227,604,604,http://localhost:3001/character/341,11,0,0
1745251874323,10,get by ID,200,OK,Thread Group 1-451,text,true,,276,161,604,604,http://localhost:3001/character/342,10,0,0
1745251874323,11,Update,200,OK,Thread Group 1-452,text,true,,276,227,604,604,http://localhost:3001/character/342,11,0,0
1745251874323,11,Create,201,Created,Thread Group 1-454,text,true,,281,224,604,604,http://localhost:3001/character,11,0,0
1745251874324,11,Create,201,Created,Thread Group 1-459,text,true,,281,224,604,604,http://localhost:3001/character,11,0,0
1745251874323,12,Create,201,Created,Thread Group 1-456,text,true,,281,224,604,604,http://localhost:3001/character,12,0,0
1745251874322,13,Delete,200,OK,Thread Group 1-447,text,true,,293,183,604,604,http://localhost:3001/character/341,13,0,0
1745251874324,12,Create,201,Created,Thread Group 1-458,text,true,,281,224,603,603,http://localhost:3001/character,12,0,0
1745251874322,14,Delete,200,OK,Thread Group 1-453,text,true,,293,183,603,603,http://localhost:3001/character/339,14,0,0
1745251872074,2263,Get characters,200,OK,Thread Group 1-463,text,false,"The operation lasted too long: It took 2,263 milliseconds, but should not have lasted longer than 30 milliseconds.",14581,158,602,602,http://localhost:3001/characters,2263,0,1
1745251874328,11,Update,200,OK,Thread Group 1-449,text,true,,276,227,602,602,http://localhost:3001/character/341,11,0,0
1745251874329,11,Delete,200,OK,Thread Group 1-448,text,true,,293,183,602,602,http://localhost:3001/character/342,11,0,0
1745251874330,11,get by ID,200,OK,Thread Group 1-460,text,true,,276,161,601,601,http://localhost:3001/character/340,10,0,0
1745251874331,10,Delete,200,OK,Thread Group 1-443,text,true,,293,183,601,601,http://localhost:3001/character/343,10,0,0
1745251874332,10,get by ID,200,OK,Thread Group 1-457,text,true,,276,161,600,600,http://localhost:3001/character/341,10,0,0
1745251874332,11,Delete,200,OK,Thread Group 1-455,text,true,,293,183,600,600,http://localhost:3001/character/344,11,0,0
1745251874333,10,Delete,200,OK,Thread Group 1-444,text,true,,293,183,599,599,http://localhost:3001/character/341,10,0,0
1745251874333,11,Update,200,OK,Thread Group 1-451,text,true,,276,227,598,598,http://localhost:3001/character/342,11,0,0
1745251874335,10,get by ID,200,OK,Thread Group 1-454,text,true,,276,161,598,598,http://localhost:3001/character/342,10,0,0
1745251874334,12,Delete,200,OK,Thread Group 1-452,text,true,,293,183,598,598,http://localhost:3001/character/342,12,0,0
1745251874335,11,get by ID,200,OK,Thread Group 1-456,text,true,,276,161,597,597,http://localhost:3001/character/343,11,0,0
1745251874335,12,get by ID,200,OK,Thread Group 1-459,text,true,,276,161,597,597,http://localhost:3001/character/344,12,0,0
1745251874336,11,get by ID,200,OK,Thread Group 1-458,text,true,,276,161,597,597,http://localhost:3001/character/344,11,0,0
1745251874337,11,Create,201,Created,Thread Group 1-463,text,true,,281,224,597,597,http://localhost:3001/character,11,0,0
1745251874327,21,Create,201,Created,Thread Group 1-461,text,true,,281,224,597,597,http://localhost:3001/character,21,0,0
1745251872075,2274,Get characters,200,OK,Thread Group 1-462,text,false,"The operation lasted too long: It took 2,274 milliseconds, but should not have lasted longer than 30 milliseconds.",14455,158,597,597,http://localhost:3001/characters,2274,0,1
1745251874339,11,Delete,200,OK,Thread Group 1-449,text,true,,293,183,597,597,http://localhost:3001/character/341,11,0,0
1745251874341,10,Update,200,OK,Thread Group 1-460,text,true,,276,227,596,596,http://localhost:3001/character/340,10,0,0
1745251874342,9,Update,200,OK,Thread Group 1-457,text,true,,276,227,596,596,http://localhost:3001/character/341,9,0,0
1745251874345,7,Delete,200,OK,Thread Group 1-451,text,true,,293,183,596,596,http://localhost:3001/character/342,7,0,0
1745251874345,8,Update,200,OK,Thread Group 1-454,text,true,,276,227,595,595,http://localhost:3001/character/342,8,0,0
1745251874346,7,Update,200,OK,Thread Group 1-456,text,true,,276,227,595,595,http://localhost:3001/character/343,7,0,0
1745251874347,7,Update,200,OK,Thread Group 1-459,text,true,,276,227,595,595,http://localhost:3001/character/344,7,0,0
1745251874347,7,Update,200,OK,Thread Group 1-458,text,true,,276,227,595,595,http://localhost:3001/character/344,7,0,0
1745251874348,7,get by ID,200,OK,Thread Group 1-463,text,true,,276,161,595,595,http://localhost:3001/character/339,6,0,0
1745251874349,6,get by ID,200,OK,Thread Group 1-461,text,true,,276,161,595,595,http://localhost:3001/character/340,6,0,0
1745251872076,2280,Get characters,200,OK,Thread Group 1-464,text,false,"The operation lasted too long: It took 2,280 milliseconds, but should not have lasted longer than 30 milliseconds.",14371,158,595,595,http://localhost:3001/characters,2280,0,0
1745251874351,7,Delete,200,OK,Thread Group 1-460,text,true,,293,183,595,595,http://localhost:3001/character/340,7,0,0
1745251874351,7,Delete,200,OK,Thread Group 1-457,text,true,,293,183,594,594,http://localhost:3001/character/341,7,0,0
1745251874353,6,Delete,200,OK,Thread Group 1-454,text,true,,293,183,593,593,http://localhost:3001/character/342,6,0,0
1745251874353,7,Delete,200,OK,Thread Group 1-456,text,true,,293,183,592,592,http://localhost:3001/character/343,7,0,0
1745251874354,7,Delete,200,OK,Thread Group 1-459,text,true,,293,183,591,591,http://localhost:3001/character/344,7,0,0
1745251874354,7,Delete,200,OK,Thread Group 1-458,text,true,,293,183,590,590,http://localhost:3001/character/344,7,0,0
1745251874355,8,Update,200,OK,Thread Group 1-463,text,true,,276,227,589,589,http://localhost:3001/character/339,8,0,0
1745251874355,8,Update,200,OK,Thread Group 1-461,text,true,,276,227,589,589,http://localhost:3001/character/340,8,0,0
1745251874350,14,Create,201,Created,Thread Group 1-462,text,true,,281,224,589,589,http://localhost:3001/character,14,0,0
1745251872077,2288,Get characters,200,OK,Thread Group 1-465,text,false,"The operation lasted too long: It took 2,288 milliseconds, but should not have lasted longer than 30 milliseconds.",14161,158,589,589,http://localhost:3001/characters,2288,0,0
1745251874363,4,Delete,200,OK,Thread Group 1-463,text,true,,293,183,589,589,http://localhost:3001/character/339,4,0,0
1745251874363,4,Delete,200,OK,Thread Group 1-461,text,true,,293,183,588,588,http://localhost:3001/character/340,4,0,0
1745251874364,4,get by ID,200,OK,Thread Group 1-462,text,true,,276,161,587,587,http://localhost:3001/character/333,4,0,0
1745251874365,3,Create,201,Created,Thread Group 1-465,text,true,,281,224,587,587,http://localhost:3001/character,3,0,0
1745251874356,13,Create,201,Created,Thread Group 1-464,text,true,,281,224,587,587,http://localhost:3001/character,13,0,0
1745251872078,2291,Get characters,200,OK,Thread Group 1-466,text,false,"The operation lasted too long: It took 2,291 milliseconds, but should not have lasted longer than 30 milliseconds.",14161,158,587,587,http://localhost:3001/characters,2291,0,1
1745251874368,4,Update,200,OK,Thread Group 1-462,text,true,,276,227,587,587,http://localhost:3001/character/333,4,0,0
1745251874368,4,get by ID,200,OK,Thread Group 1-465,text,true,,276,161,587,587,http://localhost:3001/character/332,4,0,0
1745251874369,3,get by ID,200,OK,Thread Group 1-464,text,true,,276,161,587,587,http://localhost:3001/character/333,3,0,0
1745251872079,2294,Get characters,200,OK,Thread Group 1-467,text,false,"The operation lasted too long: It took 2,294 milliseconds, but should not have lasted longer than 30 milliseconds.",14161,158,587,587,http://localhost:3001/characters,2294,0,1
1745251872081,2299,Get characters,200,OK,Thread Group 1-468,text,false,"The operation lasted too long: It took 2,299 milliseconds, but should not have lasted longer than 30 milliseconds.",14161,158,587,587,http://localhost:3001/characters,2299,0,0
1745251874370,10,Create,201,Created,Thread Group 1-466,text,true,,281,224,587,587,http://localhost:3001/character,10,0,0
1745251872082,2298,Get characters,200,OK,Thread Group 1-469,text,false,"The operation lasted too long: It took 2,298 milliseconds, but should not have lasted longer than 30 milliseconds.",14203,158,587,587,http://localhost:3001/characters,2298,0,1
1745251872129,2252,Get characters,200,OK,Thread Group 1-504,text,false,"The operation lasted too long: It took 2,252 milliseconds, but should not have lasted longer than 30 milliseconds.",14203,158,587,587,http://localhost:3001/characters,2252,0,0
1745251872134,2247,Get characters,200,OK,Thread Group 1-505,text,false,"The operation lasted too long: It took 2,247 milliseconds, but should not have lasted longer than 30 milliseconds.",14203,158,587,587,http://localhost:3001/characters,2247,0,0
1745251872136,2246,Get characters,200,OK,Thread Group 1-506,text,false,"The operation lasted too long: It took 2,246 milliseconds, but should not have lasted longer than 30 milliseconds.",14203,158,587,587,http://localhost:3001/characters,2246,0,0
1745251872138,2244,Get characters,200,OK,Thread Group 1-511,text,false,"The operation lasted too long: It took 2,244 milliseconds, but should not have lasted longer than 30 milliseconds.",14203,158,587,587,http://localhost:3001/characters,2244,0,0
1745251872091,2291,Get characters,200,OK,Thread Group 1-477,text,false,"The operation lasted too long: It took 2,291 milliseconds, but should not have lasted longer than 30 milliseconds.",14203,158,587,587,http://localhost:3001/characters,2291,0,1
1745251872138,2245,Get characters,200,OK,Thread Group 1-509,text,false,"The operation lasted too long: It took 2,245 milliseconds, but should not have lasted longer than 30 milliseconds.",14203,158,587,587,http://localhost:3001/characters,2245,0,0
1745251872087,2296,Get characters,200,OK,Thread Group 1-473,text,false,"The operation lasted too long: It took 2,296 milliseconds, but should not have lasted longer than 30 milliseconds.",14203,158,587,587,http://localhost:3001/characters,2296,0,0
1745251872137,2246,Get characters,200,OK,Thread Group 1-507,text,false,"The operation lasted too long: It took 2,246 milliseconds, but should not have lasted longer than 30 milliseconds.",14203,158,587,587,http://localhost:3001/characters,2246,0,0
1745251872137,2247,Get characters,200,OK,Thread Group 1-508,text,false,"The operation lasted too long: It took 2,247 milliseconds, but should not have lasted longer than 30 milliseconds.",14203,158,587,587,http://localhost:3001/characters,2247,0,0
1745251872084,2301,Get characters,200,OK,Thread Group 1-470,text,false,"The operation lasted too long: It took 2,301 milliseconds, but should not have lasted longer than 30 milliseconds.",14203,158,587,587,http://localhost:3001/characters,2301,0,1
1745251872088,2297,Get characters,200,OK,Thread Group 1-472,text,false,"The operation lasted too long: It took 2,297 milliseconds, but should not have lasted longer than 30 milliseconds.",14203,158,587,587,http://localhost:3001/characters,2297,0,1
1745251872085,2300,Get characters,200,OK,Thread Group 1-471,text,false,"The operation lasted too long: It took 2,300 milliseconds, but should not have lasted longer than 30 milliseconds.",14203,158,587,587,http://localhost:3001/characters,2300,0,1
1745251872093,2292,Get characters,200,OK,Thread Group 1-478,text,false,"The operation lasted too long: It took 2,292 milliseconds, but should not have lasted longer than 30 milliseconds.",14203,158,587,587,http://localhost:3001/characters,2292,0,0
1745251872139,2247,Get characters,200,OK,Thread Group 1-512,text,false,"The operation lasted too long: It took 2,247 milliseconds, but should not have lasted longer than 30 milliseconds.",14203,158,587,587,http://localhost:3001/characters,2247,0,0
1745251874381,11,Create,201,Created,Thread Group 1-505,text,true,,281,224,587,587,http://localhost:3001/character,11,0,0
1745251874384,8,Create,201,Created,Thread Group 1-508,text,true,,281,224,587,587,http://localhost:3001/character,8,0,0
1745251872139,2253,Get characters,200,OK,Thread Group 1-510,text,false,"The operation lasted too long: It took 2,253 milliseconds, but should not have lasted longer than 30 milliseconds.",14245,158,587,587,http://localhost:3001/characters,2253,0,3
1745251874381,12,Create,201,Created,Thread Group 1-504,text,true,,281,224,587,587,http://localhost:3001/character,12,0,0
1745251874372,21,Update,200,OK,Thread Group 1-464,text,true,,276,227,587,587,http://localhost:3001/character/333,21,0,0
1745251874382,11,Create,201,Created,Thread Group 1-506,text,true,,281,224,587,587,http://localhost:3001/character,11,0,0
1745251874382,11,Create,201,Created,Thread Group 1-477,text,true,,281,224,587,587,http://localhost:3001/character,11,0,0
1745251874372,22,Delete,200,OK,Thread Group 1-462,text,true,,293,183,587,587,http://localhost:3001/character/333,22,0,0
1745251874372,22,Update,200,OK,Thread Group 1-465,text,true,,276,227,587,587,http://localhost:3001/character/332,22,0,0
1745251874382,12,Create,201,Created,Thread Group 1-511,text,true,,281,224,587,587,http://localhost:3001/character,12,0,0
1745251874373,21,Create,201,Created,Thread Group 1-467,text,true,,281,224,586,586,http://localhost:3001/character,21,0,0
1745251874381,14,get by ID,200,OK,Thread Group 1-466,text,true,,276,161,586,586,http://localhost:3001/character/334,14,0,0
1745251874383,12,Create,201,Created,Thread Group 1-509,text,true,,281,224,586,586,http://localhost:3001/character,12,0,0
1745251874383,12,Create,201,Created,Thread Group 1-473,text,true,,281,224,586,586,http://localhost:3001/character,12,0,0
1745251874381,14,Create,201,Created,Thread Group 1-469,text,true,,281,224,586,586,http://localhost:3001/character,14,0,0
1745251874384,11,Create,201,Created,Thread Group 1-507,text,true,,281,224,586,586,http://localhost:3001/character,11,0,0
1745251874380,15,Create,201,Created,Thread Group 1-468,text,true,,281,224,586,586,http://localhost:3001/character,15,0,0
1745251874385,10,Create,201,Created,Thread Group 1-472,text,true,,281,224,586,586,http://localhost:3001/character,10,0,0
1745251874385,10,Create,201,Created,Thread Group 1-471,text,true,,281,224,586,586,http://localhost:3001/character,10,0,0
1745251874385,11,Create,201,Created,Thread Group 1-478,text,true,,281,224,586,586,http://localhost:3001/character,11,0,0
1745251874385,11,Create,201,Created,Thread Group 1-470,text,true,,281,224,586,586,http://localhost:3001/character,11,0,0
1745251872093,2305,Get characters,200,OK,Thread Group 1-475,text,false,"The operation lasted too long: It took 2,305 milliseconds, but should not have lasted longer than 30 milliseconds.",14833,158,586,586,http://localhost:3001/characters,2305,0,0
1745251874393,5,get by ID,200,OK,Thread Group 1-506,text,true,,276,161,586,586,http://localhost:3001/character/338,5,0,0
1745251874386,13,Create,201,Created,Thread Group 1-512,text,true,,281,224,586,586,http://localhost:3001/character,13,0,0
1745251872148,2252,Get characters,200,OK,Thread Group 1-514,text,false,"The operation lasted too long: It took 2,252 milliseconds, but should not have lasted longer than 30 milliseconds.",14875,158,586,586,http://localhost:3001/characters,2252,0,10
1745251874398,3,Update,200,OK,Thread Group 1-506,text,true,,276,227,586,586,http://localhost:3001/character/338,3,0,0
1745251874393,8,Create,201,Created,Thread Group 1-510,text,true,,281,224,586,586,http://localhost:3001/character,8,0,0
1745251874396,6,get by ID,200,OK,Thread Group 1-471,text,true,,276,161,586,586,http://localhost:3001/character/347,6,0,0
1745251874392,11,get by ID,200,OK,Thread Group 1-505,text,true,,276,161,586,586,http://localhost:3001/character/336,11,0,0
1745251874392,12,get by ID,200,OK,Thread Group 1-508,text,true,,276,161,586,586,http://localhost:3001/character/335,12,0,0
1745251874393,11,get by ID,200,OK,Thread Group 1-504,text,true,,276,161,586,586,http://localhost:3001/character/337,11,0,0
1745251874393,12,Delete,200,OK,Thread Group 1-464,text,true,,293,183,586,586,http://localhost:3001/character/333,12,0,0
1745251874393,13,get by ID,200,OK,Thread Group 1-477,text,true,,276,161,585,585,http://localhost:3001/character/339,13,0,0
1745251874394,12,get by ID,200,OK,Thread Group 1-467,text,true,,276,161,585,585,http://localhost:3001/character/340,12,0,0
1745251874394,13,get by ID,200,OK,Thread Group 1-511,text,true,,276,161,585,585,http://localhost:3001/character/339,13,0,0
1745251874395,12,get by ID,200,OK,Thread Group 1-509,text,true,,276,161,585,585,http://localhost:3001/character/341,12,0,0
1745251874395,13,Update,200,OK,Thread Group 1-466,text,true,,276,227,585,585,http://localhost:3001/character/334,13,0,0
1745251874395,13,get by ID,200,OK,Thread Group 1-473,text,true,,276,161,585,585,http://localhost:3001/character/342,13,0,0
1745251874394,15,Delete,200,OK,Thread Group 1-465,text,true,,293,183,585,585,http://localhost:3001/character/332,15,0,0
1745251874395,15,get by ID,200,OK,Thread Group 1-469,text,true,,276,161,584,584,http://localhost:3001/character/343,15,0,0
1745251874396,14,get by ID,200,OK,Thread Group 1-468,text,true,,276,161,584,584,http://localhost:3001/character/345,14,0,0
1745251874396,14,get by ID,200,OK,Thread Group 1-507,text,true,,276,161,584,584,http://localhost:3001/character/344,14,0,0
1745251874397,14,get by ID,200,OK,Thread Group 1-478,text,true,,276,161,584,584,http://localhost:3001/character/348,14,0,0
1745251874396,15,get by ID,200,OK,Thread Group 1-472,text,true,,276,161,584,584,http://localhost:3001/character/346,15,0,0
1745251874397,14,get by ID,200,OK,Thread Group 1-470,text,true,,276,161,584,584,http://localhost:3001/character/349,14,0,0
1745251874398,14,Create,201,Created,Thread Group 1-475,text,true,,281,224,584,584,http://localhost:3001/character,14,0,0
1745251872094,2319,Get characters,200,OK,Thread Group 1-479,text,false,"The operation lasted too long: It took 2,319 milliseconds, but should not have lasted longer than 30 milliseconds.",14875,158,584,584,http://localhost:3001/characters,2319,0,0
1745251874401,12,Delete,200,OK,Thread Group 1-506,text,true,,293,183,584,584,http://localhost:3001/character/338,12,0,0
1745251874402,12,get by ID,200,OK,Thread Group 1-510,text,true,,276,161,583,583,http://localhost:3001/character/351,12,0,0
1745251874402,13,Update,200,OK,Thread Group 1-471,text,true,,276,227,583,583,http://localhost:3001/character/347,13,0,0
1745251874403,12,Update,200,OK,Thread Group 1-505,text,true,,276,227,583,583,http://localhost:3001/character/336,12,0,0
1745251874404,12,Update,200,OK,Thread Group 1-508,text,true,,276,227,583,583,http://localhost:3001/character/335,12,0,0
1745251874404,12,Update,200,OK,Thread Group 1-504,text,true,,276,227,583,583,http://localhost:3001/character/337,12,0,0
1745251874406,11,Update,200,OK,Thread Group 1-477,text,true,,276,227,583,583,http://localhost:3001/character/339,11,0,0
1745251874407,11,Update,200,OK,Thread Group 1-467,text,true,,276,227,583,583,http://localhost:3001/character/340,11,0,0
1745251874407,11,Update,200,OK,Thread Group 1-511,text,true,,276,227,583,583,http://localhost:3001/character/339,11,0,0
1745251874408,11,Update,200,OK,Thread Group 1-509,text,true,,276,227,583,583,http://localhost:3001/character/341,11,0,0
1745251874408,11,Delete,200,OK,Thread Group 1-466,text,true,,293,183,583,583,http://localhost:3001/character/334,11,0,0
1745251874409,11,Update,200,OK,Thread Group 1-473,text,true,,276,227,582,582,http://localhost:3001/character/342,11,0,0
1745251874410,11,Update,200,OK,Thread Group 1-469,text,true,,276,227,582,582,http://localhost:3001/character/343,11,0,0
1745251874410,11,Update,200,OK,Thread Group 1-468,text,true,,276,227,582,582,http://localhost:3001/character/345,11,0,0
1745251874410,12,Update,200,OK,Thread Group 1-507,text,true,,276,227,582,582,http://localhost:3001/character/344,12,0,0
1745251874411,13,Update,200,OK,Thread Group 1-472,text,true,,276,227,582,582,http://localhost:3001/character/346,13,0,0
1745251874411,15,Update,200,OK,Thread Group 1-478,text,true,,276,227,582,582,http://localhost:3001/character/348,15,0,0
1745251874412,14,Update,200,OK,Thread Group 1-470,text,true,,276,227,582,582,http://localhost:3001/character/349,14,0,0
1745251874400,27,Create,201,Created,Thread Group 1-514,text,true,,281,224,582,582,http://localhost:3001/character,27,0,0
1745251874399,28,get by ID,200,OK,Thread Group 1-512,text,true,,276,161,582,582,http://localhost:3001/character/350,28,0,0
1745251872159,2269,Get characters,200,OK,Thread Group 1-515,text,false,"The operation lasted too long: It took 2,269 milliseconds, but should not have lasted longer than 30 milliseconds.",14833,158,582,582,http://localhost:3001/characters,2269,0,0
1745251874415,15,Delete,200,OK,Thread Group 1-471,text,true,,293,183,582,582,http://localhost:3001/character/347,15,0,0
1745251874414,16,Update,200,OK,Thread Group 1-510,text,true,,276,227,582,582,http://localhost:3001/character/351,16,0,0
1745251874416,14,Delete,200,OK,Thread Group 1-508,text,true,,293,183,581,581,http://localhost:3001/character/335,14,0,0
1745251874415,15,Delete,200,OK,Thread Group 1-505,text,true,,293,183,581,581,http://localhost:3001/character/336,15,0,0
1745251874417,14,Delete,200,OK,Thread Group 1-477,text,true,,293,183,579,579,http://localhost:3001/character/339,14,0,0
1745251874416,15,Delete,200,OK,Thread Group 1-504,text,true,,293,183,579,579,http://localhost:3001/character/337,15,0,0
1745251874418,14,Delete,200,OK,Thread Group 1-467,text,true,,293,183,577,577,http://localhost:3001/character/340,14,0,0
1745251874418,14,Delete,200,OK,Thread Group 1-511,text,true,,293,183,577,577,http://localhost:3001/character/339,14,0,0
1745251874419,13,Delete,200,OK,Thread Group 1-509,text,true,,293,183,575,575,http://localhost:3001/character/341,13,0,0
1745251874420,13,Delete,200,OK,Thread Group 1-473,text,true,,293,183,574,574,http://localhost:3001/character/342,13,0,0
1745251874421,15,Delete,200,OK,Thread Group 1-468,text,true,,293,183,573,573,http://localhost:3001/character/345,15,0,0
1745251874421,15,Delete,200,OK,Thread Group 1-469,text,true,,293,183,573,573,http://localhost:3001/character/343,15,0,0
1745251874422,14,Delete,200,OK,Thread Group 1-507,text,true,,293,183,573,573,http://localhost:3001/character/344,14,0,0
1745251874427,10,Update,200,OK,Thread Group 1-512,text,true,,276,227,570,570,http://localhost:3001/character/350,10,0,0
1745251874424,13,Delete,200,OK,Thread Group 1-472,text,true,,293,183,570,570,http://localhost:3001/character/346,13,0,0
1745251874426,11,Delete,200,OK,Thread Group 1-478,text,true,,293,183,570,570,http://localhost:3001/character/348,11,0,0
1745251874427,10,Delete,200,OK,Thread Group 1-470,text,true,,293,183,568,568,http://localhost:3001/character/349,10,0,0
1745251874427,11,get by ID,200,OK,Thread Group 1-514,text,true,,276,161,567,567,http://localhost:3001/character/349,11,0,0
1745251874412,27,get by ID,200,OK,Thread Group 1-475,text,true,,276,161,567,567,http://localhost:3001/character/350,27,0,0
1745251874413,27,Create,201,Created,Thread Group 1-479,text,true,,281,224,567,567,http://localhost:3001/character,27,0,0
1745251872094,2347,Get characters,200,OK,Thread Group 1-476,text,false,"The operation lasted too long: It took 2,347 milliseconds, but should not have lasted longer than 30 milliseconds.",14245,158,567,567,http://localhost:3001/characters,2347,0,0
1745251874430,12,Delete,200,OK,Thread Group 1-510,text,true,,293,183,567,567,http://localhost:3001/character/351,12,0,0
1745251874437,7,Delete,200,OK,Thread Group 1-512,text,true,,293,183,566,566,http://localhost:3001/character/350,7,0,0
1745251874429,16,Create,201,Created,Thread Group 1-515,text,true,,281,224,565,565,http://localhost:3001/character,16,0,0
1745251874439,7,Update,200,OK,Thread Group 1-514,text,true,,276,227,565,565,http://localhost:3001/character/349,6,0,0
1745251872160,2286,Get characters,200,OK,Thread Group 1-513,text,false,"The operation lasted too long: It took 2,286 milliseconds, but should not have lasted longer than 30 milliseconds.",14203,158,565,565,http://localhost:3001/characters,2286,0,0
1745251874446,5,Delete,200,OK,Thread Group 1-514,text,true,,293,183,565,565,http://localhost:3001/character/349,5,0,0
1745251874445,7,get by ID,200,OK,Thread Group 1-515,text,true,,276,161,564,564,http://localhost:3001/character/334,7,0,0
1745251874446,6,Create,201,Created,Thread Group 1-513,text,true,,281,224,564,564,http://localhost:3001/character,6,0,0
1745251874439,14,Update,200,OK,Thread Group 1-475,text,true,,276,227,564,564,http://localhost:3001/character/350,14,0,0
1745251874440,14,get by ID,200,OK,Thread Group 1-479,text,true,,276,161,564,564,http://localhost:3001/character/335,14,0,0
1745251874442,12,Create,201,Created,Thread Group 1-476,text,true,,281,224,564,564,http://localhost:3001/character,12,0,0
1745251872096,2359,Get characters,200,OK,Thread Group 1-480,text,false,"The operation lasted too long: It took 2,359 milliseconds, but should not have lasted longer than 30 milliseconds.",14245,158,564,564,http://localhost:3001/characters,2359,0,2
1745251874453,5,get by ID,200,OK,Thread Group 1-513,text,true,,276,161,564,564,http://localhost:3001/character/334,5,0,0
1745251874452,6,Update,200,OK,Thread Group 1-515,text,true,,276,227,564,564,http://localhost:3001/character/334,6,0,0
1745251874454,4,Update,200,OK,Thread Group 1-479,text,true,,276,227,564,564,http://localhost:3001/character/335,4,0,0
1745251874453,6,Delete,200,OK,Thread Group 1-475,text,true,,293,183,564,564,http://localhost:3001/character/350,6,0,0
1745251872168,2292,Get characters,200,OK,Thread Group 1-516,text,false,"The operation lasted too long: It took 2,292 milliseconds, but should not have lasted longer than 30 milliseconds.",14203,158,563,563,http://localhost:3001/characters,2292,0,0
1745251874455,5,get by ID,200,OK,Thread Group 1-476,text,true,,276,161,563,563,http://localhost:3001/character/335,5,0,0
1745251874455,6,Create,201,Created,Thread Group 1-480,text,true,,281,224,563,563,http://localhost:3001/character,6,0,0
1745251872105,2357,Get characters,200,OK,Thread Group 1-481,text,false,"The operation lasted too long: It took 2,357 milliseconds, but should not have lasted longer than 30 milliseconds.",14245,158,563,563,http://localhost:3001/characters,2357,0,1
1745251874460,3,Update,200,OK,Thread Group 1-476,text,true,,276,227,563,563,http://localhost:3001/character/335,3,0,0
1745251874459,4,Delete,200,OK,Thread Group 1-479,text,true,,293,183,563,563,http://localhost:3001/character/335,4,0,0
1745251874459,5,Update,200,OK,Thread Group 1-513,text,true,,276,227,562,562,http://localhost:3001/character/334,5,0,0
1745251874459,5,Delete,200,OK,Thread Group 1-515,text,true,,293,183,562,562,http://localhost:3001/character/334,5,0,0
1745251874460,4,Create,201,Created,Thread Group 1-516,text,true,,281,224,562,562,http://localhost:3001/character,4,0,0
1745251874463,2,Delete,200,OK,Thread Group 1-476,text,true,,293,183,561,561,http://localhost:3001/character/335,2,0,0
1745251872171,2294,Get characters,200,OK,Thread Group 1-517,text,false,"The operation lasted too long: It took 2,294 milliseconds, but should not have lasted longer than 30 milliseconds.",14203,158,561,561,http://localhost:3001/characters,2294,0,1
1745251874461,5,get by ID,200,OK,Thread Group 1-480,text,true,,276,161,560,560,http://localhost:3001/character/335,5,0,0
1745251874462,5,Create,201,Created,Thread Group 1-481,text,true,,281,224,560,560,http://localhost:3001/character,5,0,0
1745251872106,2362,Get characters,200,OK,Thread Group 1-483,text,false,"The operation lasted too long: It took 2,362 milliseconds, but should not have lasted longer than 30 milliseconds.",14203,158,560,560,http://localhost:3001/characters,2362,0,1
1745251874466,2,Update,200,OK,Thread Group 1-480,text,true,,276,227,560,560,http://localhost:3001/character/335,2,0,0
1745251874464,5,Delete,200,OK,Thread Group 1-513,text,true,,293,183,560,560,http://localhost:3001/character/334,5,0,0
1745251874465,5,get by ID,200,OK,Thread Group 1-516,text,true,,276,161,559,559,http://localhost:3001/character/334,5,0,0
1745251874466,4,Create,201,Created,Thread Group 1-517,text,true,,281,224,559,559,http://localhost:3001/character,4,0,0
1745251872180,2291,Get characters,200,OK,Thread Group 1-518,text,false,"The operation lasted too long: It took 2,291 milliseconds, but should not have lasted longer than 30 milliseconds.",14203,158,559,559,http://localhost:3001/characters,2291,0,1
1745251874468,4,Delete,200,OK,Thread Group 1-480,text,true,,293,183,559,559,http://localhost:3001/character/335,4,0,0
1745251874470,3,Update,200,OK,Thread Group 1-516,text,true,,276,227,558,558,http://localhost:3001/character/334,3,0,0
1745251874467,6,get by ID,200,OK,Thread Group 1-481,text,true,,276,161,558,558,http://localhost:3001/character/334,6,0,0
1745251874468,6,Create,201,Created,Thread Group 1-483,text,true,,281,224,558,558,http://localhost:3001/character,6,0,0
1745251872107,2367,Get characters,200,OK,Thread Group 1-486,text,false,"The operation lasted too long: It took 2,367 milliseconds, but should not have lasted longer than 30 milliseconds.",14203,158,558,558,http://localhost:3001/characters,2367,0,0
1745251874473,2,Delete,200,OK,Thread Group 1-516,text,true,,293,183,558,558,http://localhost:3001/character/334,2,0,0
1745251874473,3,Update,200,OK,Thread Group 1-481,text,true,,276,227,557,557,http://localhost:3001/character/334,3,0,0
1745251874471,5,get by ID,200,OK,Thread Group 1-517,text,true,,276,161,557,557,http://localhost:3001/character/334,5,0,0
1745251874471,6,Create,201,Created,Thread Group 1-518,text,true,,281,224,557,557,http://localhost:3001/character,6,0,0
1745251872180,2298,Get characters,200,OK,Thread Group 1-519,text,false,"The operation lasted too long: It took 2,298 milliseconds, but should not have lasted longer than 30 milliseconds.",14203,158,557,557,http://localhost:3001/characters,2298,0,1
1745251874476,3,Delete,200,OK,Thread Group 1-481,text,true,,293,183,557,557,http://localhost:3001/character/334,3,0,0
1745251874474,5,get by ID,200,OK,Thread Group 1-483,text,true,,276,161,556,556,http://localhost:3001/character/334,5,0,0
1745251874476,3,Update,200,OK,Thread Group 1-517,text,true,,276,227,556,556,http://localhost:3001/character/334,3,0,0
1745251874475,5,Create,201,Created,Thread Group 1-486,text,true,,281,224,556,556,http://localhost:3001/character,5,0,0
1745251872107,2374,Get characters,200,OK,Thread Group 1-487,text,false,"The operation lasted too long: It took 2,374 milliseconds, but should not have lasted longer than 30 milliseconds.",14203,158,556,556,http://localhost:3001/characters,2374,0,1
1745251874479,3,Delete,200,OK,Thread Group 1-517,text,true,,293,183,556,556,http://localhost:3001/character/334,3,0,0
1745251874479,3,Update,200,OK,Thread Group 1-483,text,true,,276,227,555,555,http://localhost:3001/character/334,3,0,0
1745251874477,8,get by ID,200,OK,Thread Group 1-518,text,true,,276,161,555,555,http://localhost:3001/character/334,8,0,0
1745251874478,8,Create,201,Created,Thread Group 1-519,text,true,,281,224,555,555,http://localhost:3001/character,8,0,0
1745251872182,2305,Get characters,200,OK,Thread Group 1-520,text,false,"The operation lasted too long: It took 2,305 milliseconds, but should not have lasted longer than 30 milliseconds.",14203,158,555,555,http://localhost:3001/characters,2305,0,3
1745251874480,8,get by ID,200,OK,Thread Group 1-486,text,true,,276,161,555,555,http://localhost:3001/character/334,8,0,0
1745251874481,7,Create,201,Created,Thread Group 1-487,text,true,,281,224,555,555,http://localhost:3001/character,7,0,0
1745251872108,2380,Get characters,200,OK,Thread Group 1-488,text,false,"The operation lasted too long: It took 2,380 milliseconds, but should not have lasted longer than 30 milliseconds.",14245,158,555,555,http://localhost:3001/characters,2380,0,0
1745251874483,6,Delete,200,OK,Thread Group 1-483,text,true,,293,183,555,555,http://localhost:3001/character/334,6,0,0
1745251872186,2303,Get characters,200,OK,Thread Group 1-522,text,false,"The operation lasted too long: It took 2,303 milliseconds, but should not have lasted longer than 30 milliseconds.",14203,158,554,554,http://localhost:3001/characters,2303,0,0
1745251872186,2304,Get characters,200,OK,Thread Group 1-521,text,false,"The operation lasted too long: It took 2,304 milliseconds, but should not have lasted longer than 30 milliseconds.",14203,158,554,554,http://localhost:3001/characters,2304,0,0
1745251872108,2382,Get characters,200,OK,Thread Group 1-489,text,false,"The operation lasted too long: It took 2,382 milliseconds, but should not have lasted longer than 30 milliseconds.",14203,158,554,554,http://localhost:3001/characters,2382,0,1
1745251872109,2381,Get characters,200,OK,Thread Group 1-491,text,false,"The operation lasted too long: It took 2,381 milliseconds, but should not have lasted longer than 30 milliseconds.",14203,158,554,554,http://localhost:3001/characters,2381,0,1
1745251872187,2303,Get characters,200,OK,Thread Group 1-523,text,false,"The operation lasted too long: It took 2,303 milliseconds, but should not have lasted longer than 30 milliseconds.",14203,158,554,554,http://localhost:3001/characters,2303,0,0
1745251872109,2383,Get characters,200,OK,Thread Group 1-482,text,false,"The operation lasted too long: It took 2,383 milliseconds, but should not have lasted longer than 30 milliseconds.",14203,158,554,554,http://localhost:3001/characters,2383,0,1
1745251874490,3,Create,201,Created,Thread Group 1-491,text,true,,281,224,554,554,http://localhost:3001/character,3,0,0
1745251874488,6,get by ID,200,OK,Thread Group 1-487,text,true,,276,161,554,554,http://localhost:3001/character/335,6,0,0
1745251874488,7,Update,200,OK,Thread Group 1-486,text,true,,276,227,554,554,http://localhost:3001/character/334,7,0,0
1745251874487,8,Create,201,Created,Thread Group 1-520,text,true,,281,224,554,554,http://localhost:3001/character,8,0,0
1745251874490,6,Create,201,Created,Thread Group 1-489,text,true,,281,224,554,554,http://localhost:3001/character,6,0,0
1745251874489,8,Create,201,Created,Thread Group 1-522,text,true,,281,224,554,554,http://localhost:3001/character,8,0,0
1745251874486,12,get by ID,200,OK,Thread Group 1-519,text,true,,276,161,554,554,http://localhost:3001/character/334,12,0,0
1745251874490,9,Create,201,Created,Thread Group 1-523,text,true,,281,224,554,554,http://localhost:3001/character,9,0,0
1745251874490,9,Create,201,Created,Thread Group 1-521,text,true,,281,224,554,554,http://localhost:3001/character,9,0,0
1745251874494,7,Update,200,OK,Thread Group 1-487,text,true,,276,227,554,554,http://localhost:3001/character/335,7,0,0
1745251872188,2313,Get characters,200,OK,Thread Group 1-524,text,false,"The operation lasted too long: It took 2,313 milliseconds, but should not have lasted longer than 30 milliseconds.",14497,158,554,554,http://localhost:3001/characters,2313,0,0
1745251874493,8,get by ID,200,OK,Thread Group 1-491,text,true,,276,161,554,554,http://localhost:3001/character/335,8,0,0
1745251874485,16,Update,200,OK,Thread Group 1-518,text,true,,276,227,554,554,http://localhost:3001/character/334,16,0,0
1745251874489,13,Create,201,Created,Thread Group 1-488,text,true,,281,224,554,554,http://localhost:3001/character,13,0,0
1745251874495,8,get by ID,200,OK,Thread Group 1-520,text,true,,276,161,554,554,http://localhost:3001/character/336,8,0,0
1745251874495,8,Delete,200,OK,Thread Group 1-486,text,true,,293,183,554,554,http://localhost:3001/character/334,8,0,0
1745251874497,7,get by ID,200,OK,Thread Group 1-489,text,true,,276,161,553,553,http://localhost:3001/character/337,7,0,0
1745251874497,8,get by ID,200,OK,Thread Group 1-522,text,true,,276,161,553,553,http://localhost:3001/character/338,8,0,0
1745251874492,14,Create,201,Created,Thread Group 1-482,text,true,,281,224,553,553,http://localhost:3001/character,14,0,0
1745251872110,2398,Get characters,200,OK,Thread Group 1-485,text,false,"The operation lasted too long: It took 2,398 milliseconds, but should not have lasted longer than 30 milliseconds.",14497,158,553,553,http://localhost:3001/characters,2397,0,0
1745251874501,9,Update,200,OK,Thread Group 1-491,text,true,,276,227,553,553,http://localhost:3001/character/335,9,0,0
1745251874501,10,Delete,200,OK,Thread Group 1-487,text,true,,293,183,553,553,http://localhost:3001/character/335,10,0,0
1745251874503,9,Update,200,OK,Thread Group 1-520,text,true,,276,227,552,552,http://localhost:3001/character/336,9,0,0
1745251874505,8,Update,200,OK,Thread Group 1-489,text,true,,276,227,552,552,http://localhost:3001/character/337,8,0,0
1745251874506,8,Update,200,OK,Thread Group 1-522,text,true,,276,227,552,552,http://localhost:3001/character/338,8,0,0
1745251874507,8,get by ID,200,OK,Thread Group 1-482,text,true,,276,161,552,552,http://localhost:3001/character/341,8,0,0
1745251874499,16,get by ID,200,OK,Thread Group 1-523,text,true,,276,161,552,552,http://localhost:3001/character/340,16,0,0
1745251874499,17,get by ID,200,OK,Thread Group 1-521,text,true,,276,161,552,552,http://localhost:3001/character/339,17,0,0
1745251874498,19,Update,200,OK,Thread Group 1-519,text,true,,276,227,552,552,http://localhost:3001/character/334,19,0,0
1745251874501,17,Delete,200,OK,Thread Group 1-518,text,true,,293,183,552,552,http://localhost:3001/character/334,17,0,0
1745251874502,17,get by ID,200,OK,Thread Group 1-488,text,true,,276,161,551,551,http://localhost:3001/character/341,17,0,0
1745251874514,6,Delete,200,OK,Thread Group 1-489,text,true,,293,183,551,551,http://localhost:3001/character/337,6,0,0
1745251874512,9,Delete,200,OK,Thread Group 1-520,text,true,,293,183,550,550,http://localhost:3001/character/336,9,0,0
1745251874510,12,Delete,200,OK,Thread Group 1-491,text,true,,293,183,549,549,http://localhost:3001/character/335,12,0,0
1745251872190,2332,Get characters,200,OK,Thread Group 1-525,text,false,"The operation lasted too long: It took 2,332 milliseconds, but should not have lasted longer than 30 milliseconds.",14455,158,548,548,http://localhost:3001/characters,2332,0,1
1745251874501,24,Create,201,Created,Thread Group 1-524,text,true,,281,224,548,548,http://localhost:3001/character,24,0,0
1745251872190,2338,Get characters,200,OK,Thread Group 1-526,text,false,"The operation lasted too long: It took 2,338 milliseconds, but should not have lasted longer than 30 milliseconds.",14287,158,548,548,http://localhost:3001/characters,2338,0,1
1745251874518,11,Delete,200,OK,Thread Group 1-519,text,true,,293,183,548,548,http://localhost:3001/character/334,11,0,0
1745251874519,10,Update,200,OK,Thread Group 1-488,text,true,,276,227,548,548,http://localhost:3001/character/341,10,0,0
1745251874514,16,Delete,200,OK,Thread Group 1-522,text,true,,293,183,547,547,http://localhost:3001/character/338,16,0,0
1745251872110,2420,Get characters,200,OK,Thread Group 1-484,text,false,"The operation lasted too long: It took 2,420 milliseconds, but should not have lasted longer than 30 milliseconds.",14329,158,547,547,http://localhost:3001/characters,2420,0,0
1745251874516,14,Update,200,OK,Thread Group 1-523,text,true,,276,227,546,546,http://localhost:3001/character/340,14,0,0
1745251874515,15,Update,200,OK,Thread Group 1-482,text,true,,276,227,546,546,http://localhost:3001/character/341,15,0,0
1745251872111,2420,Get characters,200,OK,Thread Group 1-492,text,false,"The operation lasted too long: It took 2,420 milliseconds, but should not have lasted longer than 30 milliseconds.",14287,158,546,546,http://localhost:3001/characters,2420,0,1
1745251872192,2339,Get characters,200,OK,Thread Group 1-529,text,false,"The operation lasted too long: It took 2,339 milliseconds, but should not have lasted longer than 30 milliseconds.",14287,158,546,546,http://localhost:3001/characters,2339,0,0
1745251872111,2420,Get characters,200,OK,Thread Group 1-490,text,false,"The operation lasted too long: It took 2,420 milliseconds, but should not have lasted longer than 30 milliseconds.",14287,158,546,546,http://localhost:3001/characters,2420,0,0
1745251872193,2338,Get characters,200,OK,Thread Group 1-528,text,false,"The operation lasted too long: It took 2,338 milliseconds, but should not have lasted longer than 30 milliseconds.",14287,158,546,546,http://localhost:3001/characters,2338,0,1
1745251874516,15,Update,200,OK,Thread Group 1-521,text,true,,276,227,546,546,http://localhost:3001/character/339,15,0,0
1745251874508,23,Create,201,Created,Thread Group 1-485,text,true,,281,224,546,546,http://localhost:3001/character,23,0,0
1745251872192,2340,Get characters,200,OK,Thread Group 1-527,text,false,"The operation lasted too long: It took 2,340 milliseconds, but should not have lasted longer than 30 milliseconds.",14287,158,546,546,http://localhost:3001/characters,2340,0,0
1745251872117,2415,Get characters,200,OK,Thread Group 1-493,text,false,"The operation lasted too long: It took 2,415 milliseconds, but should not have lasted longer than 30 milliseconds.",14287,158,546,546,http://localhost:3001/characters,2415,0,1
1745251872118,2414,Get characters,200,OK,Thread Group 1-495,text,false,"The operation lasted too long: It took 2,414 milliseconds, but should not have lasted longer than 30 milliseconds.",14287,158,546,546,http://localhost:3001/characters,2414,0,1
1745251872119,2413,Get characters,200,OK,Thread Group 1-496,text,false,"The operation lasted too long: It took 2,413 milliseconds, but should not have lasted longer than 30 milliseconds.",14287,158,546,546,http://localhost:3001/characters,2413,0,0
1745251872193,2339,Get characters,200,OK,Thread Group 1-474,text,false,"The operation lasted too long: It took 2,339 milliseconds, but should not have lasted longer than 30 milliseconds.",14287,158,546,546,http://localhost:3001/characters,2339,0,1
1745251872194,2340,Get characters,200,OK,Thread Group 1-530,text,false,"The operation lasted too long: It took 2,340 milliseconds, but should not have lasted longer than 30 milliseconds.",14287,158,546,546,http://localhost:3001/characters,2340,0,1
1745251874525,9,get by ID,200,OK,Thread Group 1-524,text,true,,276,161,546,546,http://localhost:3001/character/340,9,0,0
1745251874524,11,Create,201,Created,Thread Group 1-525,text,true,,281,224,546,546,http://localhost:3001/character,11,0,0
1745251874528,8,Create,201,Created,Thread Group 1-526,text,true,,281,224,546,546,http://localhost:3001/character,8,0,0
1745251874529,8,Delete,200,OK,Thread Group 1-488,text,true,,293,183,546,546,http://localhost:3001/character/341,8,0,0
1745251874531,6,Create,201,Created,Thread Group 1-490,text,true,,281,224,545,545,http://localhost:3001/character,6,0,0
1745251874531,7,Create,201,Created,Thread Group 1-528,text,true,,281,224,545,545,http://localhost:3001/character,7,0,0
1745251874531,8,Create,201,Created,Thread Group 1-529,text,true,,281,224,545,545,http://localhost:3001/character,8,0,0
1745251874531,8,Create,201,Created,Thread Group 1-492,text,true,,281,224,545,545,http://localhost:3001/character,8,0,0
1745251874531,9,Delete,200,OK,Thread Group 1-482,text,true,,293,183,545,545,http://localhost:3001/character/341,9,0,0
1745251874530,10,Delete,200,OK,Thread Group 1-523,text,true,,293,183,544,544,http://localhost:3001/character/340,10,0,0
1745251874530,11,Create,201,Created,Thread Group 1-484,text,true,,281,224,543,543,http://localhost:3001/character,11,0,0
1745251874532,9,Delete,200,OK,Thread Group 1-521,text,true,,293,183,543,543,http://localhost:3001/character/339,9,0,0
1745251874532,10,Create,201,Created,Thread Group 1-496,text,true,,281,224,542,542,http://localhost:3001/character,10,0,0
1745251874532,10,Create,201,Created,Thread Group 1-495,text,true,,281,224,542,542,http://localhost:3001/character,10,0,0
1745251874532,11,Create,201,Created,Thread Group 1-527,text,true,,281,224,542,542,http://localhost:3001/character,11,0,0
1745251874532,11,Create,201,Created,Thread Group 1-474,text,true,,281,224,542,542,http://localhost:3001/character,11,0,0
1745251874532,12,Create,201,Created,Thread Group 1-493,text,true,,281,224,542,542,http://localhost:3001/character,12,0,0
1745251874532,12,get by ID,200,OK,Thread Group 1-485,text,true,,276,161,542,542,http://localhost:3001/character/337,12,0,0
1745251872119,2426,Get characters,200,OK,Thread Group 1-497,text,false,"The operation lasted too long: It took 2,426 milliseconds, but should not have lasted longer than 30 milliseconds.",14623,158,542,542,http://localhost:3001/characters,2426,0,1
1745251874535,11,Update,200,OK,Thread Group 1-524,text,true,,276,227,542,542,http://localhost:3001/character/340,11,0,0
1745251874535,11,get by ID,200,OK,Thread Group 1-525,text,true,,276,161,542,542,http://localhost:3001/character/337,11,0,0
1745251874536,10,get by ID,200,OK,Thread Group 1-526,text,true,,276,161,542,542,http://localhost:3001/character/338,10,0,0
1745251874538,9,get by ID,200,OK,Thread Group 1-490,text,true,,276,161,542,542,http://localhost:3001/character/338,9,0,0
1745251874538,9,get by ID,200,OK,Thread Group 1-528,text,true,,276,161,542,542,http://localhost:3001/character/339,9,0,0
1745251874539,9,get by ID,200,OK,Thread Group 1-529,text,true,,276,161,542,542,http://localhost:3001/character/340,9,0,0
1745251874540,8,get by ID,200,OK,Thread Group 1-492,text,true,,276,161,542,542,http://localhost:3001/character/341,8,0,0
1745251874541,8,get by ID,200,OK,Thread Group 1-484,text,true,,276,161,542,542,http://localhost:3001/character/340,8,0,0
1745251874542,7,get by ID,200,OK,Thread Group 1-496,text,true,,276,161,542,542,http://localhost:3001/character/340,7,0,0
1745251874542,8,get by ID,200,OK,Thread Group 1-495,text,true,,276,161,542,542,http://localhost:3001/character/341,8,0,0
1745251874543,7,get by ID,200,OK,Thread Group 1-527,text,true,,276,161,542,542,http://localhost:3001/character/342,7,0,0
1745251874543,8,get by ID,200,OK,Thread Group 1-474,text,true,,276,161,542,542,http://localhost:3001/character/343,8,0,0
1745251874544,7,get by ID,200,OK,Thread Group 1-493,text,true,,276,161,542,542,http://localhost:3001/character/344,7,0,0
1745251874544,8,Update,200,OK,Thread Group 1-485,text,true,,276,227,542,542,http://localhost:3001/character/337,8,0,0
1745251874534,19,Create,201,Created,Thread Group 1-530,text,true,,281,224,542,542,http://localhost:3001/character,19,0,0
1745251872195,2360,Get characters,200,OK,Thread Group 1-531,text,false,"The operation lasted too long: It took 2,360 milliseconds, but should not have lasted longer than 30 milliseconds.",14665,158,542,542,http://localhost:3001/characters,2360,0,0
1745251874546,11,Delete,200,OK,Thread Group 1-524,text,true,,293,183,542,542,http://localhost:3001/character/340,10,0,0
1745251874546,11,Update,200,OK,Thread Group 1-525,text,true,,276,227,541,541,http://localhost:3001/character/337,11,0,0
1745251874547,10,Update,200,OK,Thread Group 1-526,text,true,,276,227,541,541,http://localhost:3001/character/338,10,0,0
1745251874547,11,Update,200,OK,Thread Group 1-490,text,true,,276,227,541,541,http://localhost:3001/character/338,11,0,0
1745251874547,11,Update,200,OK,Thread Group 1-528,text,true,,276,227,541,541,http://localhost:3001/character/339,11,0,0
1745251874548,11,Update,200,OK,Thread Group 1-529,text,true,,276,227,541,541,http://localhost:3001/character/340,11,0,0
1745251874548,11,Update,200,OK,Thread Group 1-492,text,true,,276,227,541,541,http://localhost:3001/character/341,11,0,0
1745251874549,11,Update,200,OK,Thread Group 1-484,text,true,,276,227,541,541,http://localhost:3001/character/340,11,0,0
1745251874549,11,Update,200,OK,Thread Group 1-496,text,true,,276,227,541,541,http://localhost:3001/character/340,11,0,0
1745251874550,11,Update,200,OK,Thread Group 1-495,text,true,,276,227,541,541,http://localhost:3001/character/341,11,0,0
1745251874550,11,Update,200,OK,Thread Group 1-527,text,true,,276,227,541,541,http://localhost:3001/character/342,11,0,0
1745251874551,10,Update,200,OK,Thread Group 1-474,text,true,,276,227,541,541,http://localhost:3001/character/343,10,0,0
1745251874552,10,Update,200,OK,Thread Group 1-493,text,true,,276,227,541,541,http://localhost:3001/character/344,10,0,0
1745251874552,10,Delete,200,OK,Thread Group 1-485,text,true,,293,183,541,541,http://localhost:3001/character/337,10,0,0
1745251874553,10,get by ID,200,OK,Thread Group 1-530,text,true,,276,161,540,540,http://localhost:3001/character/345,10,0,0
1745251874558,10,Delete,200,OK,Thread Group 1-490,text,true,,293,183,540,540,http://localhost:3001/character/338,10,0,0
1745251874559,9,Delete,200,OK,Thread Group 1-492,text,true,,293,183,540,540,http://localhost:3001/character/341,9,0,0
1745251874557,11,Delete,200,OK,Thread Group 1-525,text,true,,293,183,540,540,http://localhost:3001/character/337,11,0,0
1745251874558,10,Delete,200,OK,Thread Group 1-528,text,true,,293,183,540,540,http://localhost:3001/character/339,10,0,0
1745251874559,9,Delete,200,OK,Thread Group 1-529,text,true,,293,183,540,540,http://localhost:3001/character/340,9,0,0
1745251874557,11,Delete,200,OK,Thread Group 1-526,text,true,,293,183,540,540,http://localhost:3001/character/338,11,0,0
1745251872120,2448,Get characters,200,OK,Thread Group 1-494,text,false,"The operation lasted too long: It took 2,448 milliseconds, but should not have lasted longer than 30 milliseconds.",14665,158,534,534,http://localhost:3001/characters,2448,0,1
1745251874555,13,Create,201,Created,Thread Group 1-531,text,true,,281,224,534,534,http://localhost:3001/character,13,0,0
1745251874545,23,Create,201,Created,Thread Group 1-497,text,true,,281,224,534,534,http://localhost:3001/character,23,0,0
1745251874560,10,Delete,200,OK,Thread Group 1-484,text,true,,293,183,534,534,http://localhost:3001/character/340,10,0,0
1745251874560,11,Delete,200,OK,Thread Group 1-496,text,true,,293,183,533,533,http://localhost:3001/character/340,11,0,0
1745251874561,10,Delete,200,OK,Thread Group 1-495,text,true,,293,183,532,532,http://localhost:3001/character/341,10,0,0
1745251874561,12,Delete,200,OK,Thread Group 1-527,text,true,,293,183,531,531,http://localhost:3001/character/342,12,0,0
1745251874562,11,Delete,200,OK,Thread Group 1-474,text,true,,293,183,530,530,http://localhost:3001/character/343,11,0,0
1745251874562,12,Delete,200,OK,Thread Group 1-493,text,true,,293,183,529,529,http://localhost:3001/character/344,12,0,0
1745251872122,2455,Get characters,200,OK,Thread Group 1-498,text,false,"The operation lasted too long: It took 2,455 milliseconds, but should not have lasted longer than 30 milliseconds.",14161,158,528,528,http://localhost:3001/characters,2455,0,1
1745251874563,15,Update,200,OK,Thread Group 1-530,text,true,,276,227,528,528,http://localhost:3001/character/345,15,0,0
1745251874569,9,get by ID,200,OK,Thread Group 1-497,text,true,,276,161,528,528,http://localhost:3001/character/345,9,0,0
1745251874569,10,get by ID,200,OK,Thread Group 1-531,text,true,,276,161,528,528,http://localhost:3001/character/344,10,0,0
1745251874569,10,Create,201,Created,Thread Group 1-494,text,true,,281,224,528,528,http://localhost:3001/character,10,0,0
1745251872123,2457,Get characters,200,OK,Thread Group 1-500,text,false,"The operation lasted too long: It took 2,457 milliseconds, but should not have lasted longer than 30 milliseconds.",14203,158,528,528,http://localhost:3001/characters,2457,0,1
1745251874578,4,Delete,200,OK,Thread Group 1-530,text,true,,293,183,528,528,http://localhost:3001/character/345,4,0,0
1745251874578,4,Update,200,OK,Thread Group 1-497,text,true,,276,227,527,527,http://localhost:3001/character/345,4,0,0
1745251874579,3,Update,200,OK,Thread Group 1-531,text,true,,276,227,527,527,http://localhost:3001/character/344,3,0,0
1745251874579,3,get by ID,200,OK,Thread Group 1-494,text,true,,276,161,527,527,http://localhost:3001/character/334,3,0,0
1745251874577,6,Create,201,Created,Thread Group 1-498,text,true,,281,224,527,527,http://localhost:3001/character,6,0,0
1745251872126,2458,Get characters,200,OK,Thread Group 1-501,text,false,"The operation lasted too long: It took 2,458 milliseconds, but should not have lasted longer than 30 milliseconds.",14203,158,527,527,http://localhost:3001/characters,2458,0,0
1745251874582,2,Delete,200,OK,Thread Group 1-497,text,true,,293,183,527,527,http://localhost:3001/character/345,2,0,0
1745251874582,3,Delete,200,OK,Thread Group 1-531,text,true,,293,183,526,526,http://localhost:3001/character/344,3,0,0
1745251874583,3,Update,200,OK,Thread Group 1-494,text,true,,276,227,525,525,http://localhost:3001/character/334,3,0,0
1745251874583,3,get by ID,200,OK,Thread Group 1-498,text,true,,276,161,525,525,http://localhost:3001/character/334,3,0,0
1745251874580,7,Create,201,Created,Thread Group 1-500,text,true,,281,224,525,525,http://localhost:3001/character,7,0,0
1745251872127,2462,Get characters,200,OK,Thread Group 1-503,text,false,"The operation lasted too long: It took 2,462 milliseconds, but should not have lasted longer than 30 milliseconds.",14161,158,525,525,http://localhost:3001/characters,2462,0,1
1745251874586,3,Delete,200,OK,Thread Group 1-494,text,true,,293,183,525,525,http://localhost:3001/character/334,3,0,0
1745251874586,12,Update,200,OK,Thread Group 1-498,text,true,,276,227,524,524,http://localhost:3001/character/334,12,0,0
1745251874587,11,get by ID,200,OK,Thread Group 1-500,text,true,,276,161,524,524,http://localhost:3001/character/333,11,0,0
1745251874584,14,Create,201,Created,Thread Group 1-501,text,true,,281,224,524,524,http://localhost:3001/character,14,0,0
1745251872127,2472,Get characters,200,OK,Thread Group 1-499,text,false,"The operation lasted too long: It took 2,472 milliseconds, but should not have lasted longer than 30 milliseconds.",14161,158,524,524,http://localhost:3001/characters,2472,0,1
1745251872209,2390,Get characters,200,OK,Thread Group 1-540,text,false,"The operation lasted too long: It took 2,390 milliseconds, but should not have lasted longer than 30 milliseconds.",14161,158,524,524,http://localhost:3001/characters,2390,0,0
1745251872128,2472,Get characters,200,OK,Thread Group 1-502,text,false,"The operation lasted too long: It took 2,472 milliseconds, but should not have lasted longer than 30 milliseconds.",14161,158,524,524,http://localhost:3001/characters,2472,0,1
1745251872195,2405,Get characters,200,OK,Thread Group 1-532,text,false,"The operation lasted too long: It took 2,405 milliseconds, but should not have lasted longer than 30 milliseconds.",14161,158,524,524,http://localhost:3001/characters,2404,0,1
1745251872204,2396,Get characters,200,OK,Thread Group 1-533,text,false,"The operation lasted too long: It took 2,396 milliseconds, but should not have lasted longer than 30 milliseconds.",14161,158,524,524,http://localhost:3001/characters,2396,0,0
1745251872204,2396,Get characters,200,OK,Thread Group 1-534,text,false,"The operation lasted too long: It took 2,396 milliseconds, but should not have lasted longer than 30 milliseconds.",14161,158,524,524,http://localhost:3001/characters,2396,0,0
1745251872205,2396,Get characters,200,OK,Thread Group 1-536,text,false,"The operation lasted too long: It took 2,396 milliseconds, but should not have lasted longer than 30 milliseconds.",14161,158,524,524,http://localhost:3001/characters,2396,0,1
1745251872206,2395,Get characters,200,OK,Thread Group 1-535,text,false,"The operation lasted too long: It took 2,395 milliseconds, but should not have lasted longer than 30 milliseconds.",14161,158,524,524,http://localhost:3001/characters,2395,0,1
1745251872207,2394,Get characters,200,OK,Thread Group 1-538,text,false,"The operation lasted too long: It took 2,394 milliseconds, but should not have lasted longer than 30 milliseconds.",14161,158,524,524,http://localhost:3001/characters,2394,0,1
1745251872207,2394,Get characters,200,OK,Thread Group 1-537,text,false,"The operation lasted too long: It took 2,394 milliseconds, but should not have lasted longer than 30 milliseconds.",14161,158,524,524,http://localhost:3001/characters,2394,0,1
1745251872328,2274,Get characters,200,OK,Thread Group 1-600,text,false,"The operation lasted too long: It took 2,274 milliseconds, but should not have lasted longer than 30 milliseconds.",14161,158,524,524,http://localhost:3001/characters,2274,0,1
1745251872209,2393,Get characters,200,OK,Thread Group 1-541,text,false,"The operation lasted too long: It took 2,393 milliseconds, but should not have lasted longer than 30 milliseconds.",14161,158,524,524,http://localhost:3001/characters,2393,0,0
1745251872210,2392,Get characters,200,OK,Thread Group 1-539,text,false,"The operation lasted too long: It took 2,392 milliseconds, but should not have lasted longer than 30 milliseconds.",14161,158,524,524,http://localhost:3001/characters,2392,0,0
1745251872212,2391,Get characters,200,OK,Thread Group 1-542,text,false,"The operation lasted too long: It took 2,391 milliseconds, but should not have lasted longer than 30 milliseconds.",14161,158,524,524,http://localhost:3001/characters,2391,0,3
1745251872215,2388,Get characters,200,OK,Thread Group 1-543,text,false,"The operation lasted too long: It took 2,388 milliseconds, but should not have lasted longer than 30 milliseconds.",14161,158,524,524,http://localhost:3001/characters,2388,0,1
1745251872218,2385,Get characters,200,OK,Thread Group 1-545,text,false,"The operation lasted too long: It took 2,385 milliseconds, but should not have lasted longer than 30 milliseconds.",14161,158,524,524,http://localhost:3001/characters,2385,0,1
1745251872219,2385,Get characters,200,OK,Thread Group 1-546,text,false,"The operation lasted too long: It took 2,385 milliseconds, but should not have lasted longer than 30 milliseconds.",14161,158,524,524,http://localhost:3001/characters,2385,0,1
1745251872218,2386,Get characters,200,OK,Thread Group 1-544,text,false,"The operation lasted too long: It took 2,386 milliseconds, but should not have lasted longer than 30 milliseconds.",14161,158,524,524,http://localhost:3001/characters,2386,0,1
1745251872219,2386,Get characters,200,OK,Thread Group 1-547,text,false,"The operation lasted too long: It took 2,386 milliseconds, but should not have lasted longer than 30 milliseconds.",14161,158,524,524,http://localhost:3001/characters,2386,0,1
1745251874589,16,Create,201,Created,Thread Group 1-503,text,true,,281,224,524,524,http://localhost:3001/character,16,0,0
1745251874599,7,get by ID,200,OK,Thread Group 1-501,text,true,,276,161,524,524,http://localhost:3001/character/333,7,0,0
1745251874598,9,Update,200,OK,Thread Group 1-500,text,true,,276,227,524,524,http://localhost:3001/character/333,9,0,0
1745251874598,9,Delete,200,OK,Thread Group 1-498,text,true,,293,183,524,524,http://localhost:3001/character/334,9,0,0
1745251874599,9,Create,201,Created,Thread Group 1-499,text,true,,281,224,523,523,http://localhost:3001/character,9,0,0
1745251874600,9,Create,201,Created,Thread Group 1-540,text,true,,281,224,523,523,http://localhost:3001/character,9,0,0
1745251874600,9,Create,201,Created,Thread Group 1-532,text,true,,281,224,523,523,http://localhost:3001/character,9,0,0
1745251874600,10,Create,201,Created,Thread Group 1-502,text,true,,281,224,523,523,http://localhost:3001/character,10,0,0
1745251874600,10,Create,201,Created,Thread Group 1-533,text,true,,281,224,523,523,http://localhost:3001/character,10,0,0
1745251874600,11,Create,201,Created,Thread Group 1-534,text,true,,281,224,523,523,http://localhost:3001/character,11,0,0
1745251874601,10,Create,201,Created,Thread Group 1-535,text,true,,281,224,523,523,http://localhost:3001/character,10,0,0
1745251874601,10,Create,201,Created,Thread Group 1-537,text,true,,281,224,523,523,http://localhost:3001/character,10,0,0
1745251874601,12,Create,201,Created,Thread Group 1-538,text,true,,281,224,523,523,http://localhost:3001/character,12,0,0
1745251874601,13,Create,201,Created,Thread Group 1-536,text,true,,281,224,523,523,http://localhost:3001/character,13,0,0
1745251874602,12,Create,201,Created,Thread Group 1-600,text,true,,281,224,523,523,http://localhost:3001/character,12,0,0
1745251874602,14,Create,201,Created,Thread Group 1-541,text,true,,281,224,523,523,http://localhost:3001/character,14,0,0
1745251874602,14,Create,201,Created,Thread Group 1-539,text,true,,281,224,523,523,http://localhost:3001/character,14,0,0
1745251874603,13,Create,201,Created,Thread Group 1-543,text,true,,281,224,523,523,http://localhost:3001/character,13,0,0
1745251874603,13,Create,201,Created,Thread Group 1-542,text,true,,281,224,523,523,http://localhost:3001/character,13,0,0
1745251874603,13,Create,201,Created,Thread Group 1-545,text,true,,281,224,523,523,http://localhost:3001/character,13,0,0
1745251874604,13,Create,201,Created,Thread Group 1-546,text,true,,281,224,523,523,http://localhost:3001/character,13,0,0
1745251874604,13,Create,201,Created,Thread Group 1-544,text,true,,281,224,523,523,http://localhost:3001/character,13,0,0
1745251874606,12,Update,200,OK,Thread Group 1-501,text,true,,276,227,523,523,http://localhost:3001/character/333,12,0,0
1745251874606,12,get by ID,200,OK,Thread Group 1-503,text,true,,276,161,523,523,http://localhost:3001/character/334,12,0,0
1745251874607,11,Delete,200,OK,Thread Group 1-500,text,true,,293,183,523,523,http://localhost:3001/character/333,11,0,0
1745251872220,2398,Get characters,200,OK,Thread Group 1-548,text,false,"The operation lasted too long: It took 2,398 milliseconds, but should not have lasted longer than 30 milliseconds.",14917,158,523,523,http://localhost:3001/characters,2398,0,0
1745251874609,10,get by ID,200,OK,Thread Group 1-499,text,true,,276,161,522,522,http://localhost:3001/character/334,10,0,0
1745251874609,10,get by ID,200,OK,Thread Group 1-540,text,true,,276,161,522,522,http://localhost:3001/character/335,10,0,0
1745251874610,10,get by ID,200,OK,Thread Group 1-532,text,true,,276,161,522,522,http://localhost:3001/character/336,10,0,0
1745251874610,11,get by ID,200,OK,Thread Group 1-502,text,true,,276,161,522,522,http://localhost:3001/character/337,11,0,0
1745251874611,10,get by ID,200,OK,Thread Group 1-533,text,true,,276,161,522,522,http://localhost:3001/character/338,10,0,0
1745251874611,11,get by ID,200,OK,Thread Group 1-534,text,true,,276,161,522,522,http://localhost:3001/character/339,11,0,0
1745251874612,10,get by ID,200,OK,Thread Group 1-535,text,true,,276,161,522,522,http://localhost:3001/character/340,10,0,0
1745251874612,11,get by ID,200,OK,Thread Group 1-537,text,true,,276,161,522,522,http://localhost:3001/character/341,11,0,0
1745251874613,10,get by ID,200,OK,Thread Group 1-538,text,true,,276,161,522,522,http://localhost:3001/character/342,10,0,0
1745251874614,10,get by ID,200,OK,Thread Group 1-536,text,true,,276,161,522,522,http://localhost:3001/character/343,10,0,0
1745251874615,10,get by ID,200,OK,Thread Group 1-600,text,true,,276,161,522,522,http://localhost:3001/character/344,10,0,0
1745251874605,20,Create,201,Created,Thread Group 1-547,text,true,,281,224,522,522,http://localhost:3001/character,20,0,0
1745251872221,2405,Get characters,200,OK,Thread Group 1-549,text,false,"The operation lasted too long: It took 2,405 milliseconds, but should not have lasted longer than 30 milliseconds.",14917,158,522,522,http://localhost:3001/characters,2405,0,0
1745251874618,9,Update,200,OK,Thread Group 1-503,text,true,,276,227,522,522,http://localhost:3001/character/334,9,0,0
1745251874618,10,Delete,200,OK,Thread Group 1-501,text,true,,293,183,522,522,http://localhost:3001/character/333,10,0,0
1745251874619,10,Update,200,OK,Thread Group 1-499,text,true,,276,227,521,521,http://localhost:3001/character/334,10,0,0
1745251874619,10,Update,200,OK,Thread Group 1-540,text,true,,276,227,521,521,http://localhost:3001/character/335,10,0,0
1745251874620,9,Update,200,OK,Thread Group 1-532,text,true,,276,227,521,521,http://localhost:3001/character/336,9,0,0
1745251874621,9,Update,200,OK,Thread Group 1-502,text,true,,276,227,521,521,http://localhost:3001/character/337,9,0,0
1745251874621,9,Update,200,OK,Thread Group 1-533,text,true,,276,227,521,521,http://localhost:3001/character/338,9,0,0
1745251874622,9,Update,200,OK,Thread Group 1-534,text,true,,276,227,521,521,http://localhost:3001/character/339,9,0,0
1745251874622,9,Update,200,OK,Thread Group 1-535,text,true,,276,227,521,521,http://localhost:3001/character/340,9,0,0
1745251874623,9,Update,200,OK,Thread Group 1-537,text,true,,276,227,521,521,http://localhost:3001/character/341,9,0,0
1745251874624,8,Update,200,OK,Thread Group 1-538,text,true,,276,227,521,521,http://localhost:3001/character/342,8,0,0
1745251874624,8,Update,200,OK,Thread Group 1-536,text,true,,276,227,521,521,http://localhost:3001/character/343,8,0,0
1745251874625,8,Update,200,OK,Thread Group 1-600,text,true,,276,227,521,521,http://localhost:3001/character/344,8,0,0
1745251874626,7,get by ID,200,OK,Thread Group 1-547,text,true,,276,161,521,521,http://localhost:3001/character/351,7,0,0
1745251874617,16,get by ID,200,OK,Thread Group 1-545,text,true,,276,161,521,521,http://localhost:3001/character/349,16,0,0
1745251874617,17,get by ID,200,OK,Thread Group 1-546,text,true,,276,161,521,521,http://localhost:3001/character/350,17,0,0
1745251874617,17,get by ID,200,OK,Thread Group 1-544,text,true,,276,161,521,521,http://localhost:3001/character/351,17,0,0
1745251874616,18,get by ID,200,OK,Thread Group 1-541,text,true,,276,161,521,521,http://localhost:3001/character/345,18,0,0
1745251874616,19,get by ID,200,OK,Thread Group 1-543,text,true,,276,161,521,521,http://localhost:3001/character/348,19,0,0
1745251874616,19,get by ID,200,OK,Thread Group 1-542,text,true,,276,161,521,521,http://localhost:3001/character/347,19,0,0
1745251874616,19,get by ID,200,OK,Thread Group 1-539,text,true,,276,161,521,521,http://localhost:3001/character/346,19,0,0
1745251874618,18,Create,201,Created,Thread Group 1-548,text,true,,281,224,521,521,http://localhost:3001/character,18,0,0
1745251872332,2304,Get characters,200,OK,Thread Group 1-602,text,false,"The operation lasted too long: It took 2,304 milliseconds, but should not have lasted longer than 30 milliseconds.",14917,158,521,521,http://localhost:3001/characters,2304,0,1
1745251874628,9,Delete,200,OK,Thread Group 1-503,text,true,,293,183,521,521,http://localhost:3001/character/334,9,0,0
1745251874629,9,Delete,200,OK,Thread Group 1-499,text,true,,293,183,520,520,http://localhost:3001/character/334,9,0,0
1745251874629,10,Delete,200,OK,Thread Group 1-540,text,true,,293,183,519,519,http://localhost:3001/character/335,10,0,0
1745251874630,9,Delete,200,OK,Thread Group 1-532,text,true,,293,183,518,518,http://localhost:3001/character/336,9,0,0
1745251874630,11,Delete,200,OK,Thread Group 1-502,text,true,,293,183,517,517,http://localhost:3001/character/337,11,0,0
1745251874630,12,Delete,200,OK,Thread Group 1-533,text,true,,293,183,516,516,http://localhost:3001/character/338,12,0,0
1745251874631,12,Delete,200,OK,Thread Group 1-534,text,true,,293,183,515,515,http://localhost:3001/character/339,12,0,0
1745251874631,13,Delete,200,OK,Thread Group 1-535,text,true,,293,183,514,514,http://localhost:3001/character/340,13,0,0
1745251874632,13,Delete,200,OK,Thread Group 1-537,text,true,,293,183,513,513,http://localhost:3001/character/341,13,0,0
1745251874632,14,Delete,200,OK,Thread Group 1-538,text,true,,293,183,512,512,http://localhost:3001/character/342,14,0,0
1745251874632,15,Delete,200,OK,Thread Group 1-536,text,true,,293,183,511,511,http://localhost:3001/character/343,15,0,0
1745251874633,15,Delete,200,OK,Thread Group 1-600,text,true,,293,183,510,510,http://localhost:3001/character/344,15,0,0
1745251874634,17,Update,200,OK,Thread Group 1-544,text,true,,276,227,509,509,http://localhost:3001/character/351,17,0,0
1745251874635,16,Update,200,OK,Thread Group 1-541,text,true,,276,227,509,509,http://localhost:3001/character/345,16,0,0
1745251874633,18,Update,200,OK,Thread Group 1-547,text,true,,276,227,509,509,http://localhost:3001/character/351,18,0,0
1745251874633,18,Update,200,OK,Thread Group 1-545,text,true,,276,227,509,509,http://localhost:3001/character/349,18,0,0
1745251874634,17,Update,200,OK,Thread Group 1-546,text,true,,276,227,509,509,http://localhost:3001/character/350,17,0,0
1745251874635,17,Update,200,OK,Thread Group 1-542,text,true,,276,227,509,509,http://localhost:3001/character/347,17,0,0
1745251874635,17,Update,200,OK,Thread Group 1-543,text,true,,276,227,509,509,http://localhost:3001/character/348,17,0,0
1745251874635,17,Update,200,OK,Thread Group 1-539,text,true,,276,227,509,509,http://localhost:3001/character/346,17,0,0
1745251872221,2432,Get characters,200,OK,Thread Group 1-550,text,false,"The operation lasted too long: It took 2,432 milliseconds, but should not have lasted longer than 30 milliseconds.",14455,158,509,509,http://localhost:3001/characters,2432,0,0
1745251874636,18,get by ID,200,OK,Thread Group 1-548,text,true,,276,161,509,509,http://localhost:3001/character/351,18,0,0
1745251874637,19,Create,201,Created,Thread Group 1-602,text,true,,281,224,509,509,http://localhost:3001/character,19,0,0
1745251874626,30,Create,201,Created,Thread Group 1-549,text,true,,281,224,509,509,http://localhost:3001/character,30,0,0
1745251872329,2329,Get characters,200,OK,Thread Group 1-601,text,false,"The operation lasted too long: It took 2,329 milliseconds, but should not have lasted longer than 30 milliseconds.",14497,158,509,509,http://localhost:3001/characters,2329,0,6
1745251874651,7,Delete,200,OK,Thread Group 1-547,text,true,,293,183,509,509,http://localhost:3001/character/351,7,0,0
1745251874651,8,Delete,200,OK,Thread Group 1-544,text,true,,293,183,508,508,http://localhost:3001/character/351,8,0,0
1745251874652,8,Delete,200,OK,Thread Group 1-543,text,true,,293,183,507,507,http://localhost:3001/character/348,8,0,0
1745251872221,2440,Get characters,200,OK,Thread Group 1-551,text,false,"The operation lasted too long: It took 2,440 milliseconds, but should not have lasted longer than 30 milliseconds.",14161,158,506,506,http://localhost:3001/characters,2440,0,0
1745251874653,8,Create,201,Created,Thread Group 1-550,text,true,,281,224,506,506,http://localhost:3001/character,8,0,0
1745251874651,11,Delete,200,OK,Thread Group 1-541,text,true,,293,183,506,506,http://localhost:3001/character/345,11,0,0
1745251872336,2326,Get characters,200,OK,Thread Group 1-603,text,false,"The operation lasted too long: It took 2,326 milliseconds, but should not have lasted longer than 30 milliseconds.",14203,158,505,505,http://localhost:3001/characters,2326,0,1
1745251874652,11,Delete,200,OK,Thread Group 1-539,text,true,,293,183,505,505,http://localhost:3001/character/346,11,0,0
1745251874652,11,Delete,200,OK,Thread Group 1-542,text,true,,293,183,505,505,http://localhost:3001/character/347,11,0,0
1745251874651,13,Delete,200,OK,Thread Group 1-546,text,true,,293,183,503,503,http://localhost:3001/character/350,13,0,0
1745251874651,13,Delete,200,OK,Thread Group 1-545,text,true,,293,183,503,503,http://localhost:3001/character/349,13,0,0
1745251874656,10,get by ID,200,OK,Thread Group 1-602,text,true,,276,161,501,501,http://localhost:3001/character/341,10,0,0
1745251874654,13,Update,200,OK,Thread Group 1-548,text,true,,276,227,501,501,http://localhost:3001/character/351,13,0,0
1745251874657,10,get by ID,200,OK,Thread Group 1-549,text,true,,276,161,501,501,http://localhost:3001/character/340,10,0,0
1745251874658,10,Create,201,Created,Thread Group 1-601,text,true,,281,224,501,501,http://localhost:3001/character,10,0,0
1745251872222,2447,Get characters,200,OK,Thread Group 1-553,text,false,"The operation lasted too long: It took 2,447 milliseconds, but should not have lasted longer than 30 milliseconds.",14245,158,501,501,http://localhost:3001/characters,2447,0,1
1745251874666,7,Update,200,OK,Thread Group 1-602,text,true,,276,227,501,501,http://localhost:3001/character/341,6,0,0
1745251874662,12,Create,201,Created,Thread Group 1-551,text,true,,281,224,501,501,http://localhost:3001/character,12,0,0
1745251874662,12,get by ID,200,OK,Thread Group 1-550,text,true,,276,161,501,501,http://localhost:3001/character/334,12,0,0
1745251874667,7,Delete,200,OK,Thread Group 1-548,text,true,,293,183,501,501,http://localhost:3001/character/351,7,0,0
1745251874663,12,Create,201,Created,Thread Group 1-603,text,true,,281,224,500,500,http://localhost:3001/character,12,0,0
1745251874667,8,Update,200,OK,Thread Group 1-549,text,true,,276,227,500,500,http://localhost:3001/character/340,8,0,0
1745251872336,2340,Get characters,200,OK,Thread Group 1-604,text,false,"The operation lasted too long: It took 2,340 milliseconds, but should not have lasted longer than 30 milliseconds.",14287,158,500,500,http://localhost:3001/characters,2340,0,1
1745251872338,2339,Get characters,200,OK,Thread Group 1-607,text,false,"The operation lasted too long: It took 2,339 milliseconds, but should not have lasted longer than 30 milliseconds.",14287,158,500,500,http://localhost:3001/characters,2339,0,0
1745251872338,2339,Get characters,200,OK,Thread Group 1-606,text,false,"The operation lasted too long: It took 2,339 milliseconds, but should not have lasted longer than 30 milliseconds.",14287,158,500,500,http://localhost:3001/characters,2339,0,0
1745251872338,2341,Get characters,200,OK,Thread Group 1-605,text,false,"The operation lasted too long: It took 2,341 milliseconds, but should not have lasted longer than 30 milliseconds.",14287,158,500,500,http://localhost:3001/characters,2341,0,0
1745251872222,2457,Get characters,200,OK,Thread Group 1-552,text,false,"The operation lasted too long: It took 2,457 milliseconds, but should not have lasted longer than 30 milliseconds.",14287,158,500,500,http://localhost:3001/characters,2457,0,2
1745251874668,12,get by ID,200,OK,Thread Group 1-601,text,true,,276,161,500,500,http://localhost:3001/character/335,12,0,0
1745251872222,2458,Get characters,200,OK,Thread Group 1-554,text,false,"The operation lasted too long: It took 2,458 milliseconds, but should not have lasted longer than 30 milliseconds.",14287,158,500,500,http://localhost:3001/characters,2458,0,1
1745251872235,2446,Get characters,200,OK,Thread Group 1-557,text,false,"The operation lasted too long: It took 2,446 milliseconds, but should not have lasted longer than 30 milliseconds.",14287,158,500,500,http://localhost:3001/characters,2446,0,0
1745251872225,2456,Get characters,200,OK,Thread Group 1-555,text,false,"The operation lasted too long: It took 2,456 milliseconds, but should not have lasted longer than 30 milliseconds.",14287,158,500,500,http://localhost:3001/characters,2456,0,0
1745251872351,2349,Get characters,200,OK,Thread Group 1-616,text,false,"The operation lasted too long: It took 2,349 milliseconds, but should not have lasted longer than 30 milliseconds.",14581,158,500,500,http://localhost:3001/characters,2349,0,1
1745251872346,2355,Get characters,200,OK,Thread Group 1-612,text,false,"The operation lasted too long: It took 2,355 milliseconds, but should not have lasted longer than 30 milliseconds.",14581,158,500,500,http://localhost:3001/characters,2355,0,1
1745251874674,27,get by ID,200,OK,Thread Group 1-551,text,true,,276,161,500,500,http://localhost:3001/character/336,27,0,0
1745251872248,2453,Get characters,200,OK,Thread Group 1-562,text,false,"The operation lasted too long: It took 2,453 milliseconds, but should not have lasted longer than 30 milliseconds.",14581,158,500,500,http://localhost:3001/characters,2453,0,0
1745251872236,2466,Get characters,200,OK,Thread Group 1-556,text,false,"The operation lasted too long: It took 2,466 milliseconds, but should not have lasted longer than 30 milliseconds.",14581,158,500,500,http://localhost:3001/characters,2466,0,0
1745251874673,29,Delete,200,OK,Thread Group 1-602,text,true,,293,183,500,500,http://localhost:3001/character/341,29,0,0
1745251874681,22,Create,201,Created,Thread Group 1-557,text,true,,281,224,499,499,http://localhost:3001/character,22,0,0
1745251872243,2460,Get characters,200,OK,Thread Group 1-560,text,false,"The operation lasted too long: It took 2,460 milliseconds, but should not have lasted longer than 30 milliseconds.",14581,158,499,499,http://localhost:3001/characters,2460,0,2
1745251874678,26,Create,201,Created,Thread Group 1-606,text,true,,281,224,499,499,http://localhost:3001/character,26,0,0
1745251872346,2358,Get characters,200,OK,Thread Group 1-613,text,false,"The operation lasted too long: It took 2,358 milliseconds, but should not have lasted longer than 30 milliseconds.",14581,158,499,499,http://localhost:3001/characters,2358,0,1
1745251874669,35,Create,201,Created,Thread Group 1-553,text,false,"The operation lasted too long: It took 35 milliseconds, but should not have lasted longer than 30 milliseconds.",281,224,499,499,http://localhost:3001/character,35,0,0
1745251872241,2464,Get characters,200,OK,Thread Group 1-558,text,false,"The operation lasted too long: It took 2,464 milliseconds, but should not have lasted longer than 30 milliseconds.",14581,158,499,499,http://localhost:3001/characters,2464,0,1
1745251874681,24,Create,201,Created,Thread Group 1-555,text,true,,281,224,499,499,http://localhost:3001/character,24,0,0
1745251874676,29,Create,201,Created,Thread Group 1-604,text,true,,281,224,499,499,http://localhost:3001/character,29,0,0
1745251872339,2366,Get characters,200,OK,Thread Group 1-608,text,false,"The operation lasted too long: It took 2,366 milliseconds, but should not have lasted longer than 30 milliseconds.",14581,158,499,499,http://localhost:3001/characters,2366,0,0
1745251874675,31,get by ID,200,OK,Thread Group 1-603,text,false,"The operation lasted too long: It took 31 milliseconds, but should not have lasted longer than 30 milliseconds.",276,161,499,499,http://localhost:3001/character/335,31,0,0
1745251872248,2458,Get characters,200,OK,Thread Group 1-561,text,false,"The operation lasted too long: It took 2,458 milliseconds, but should not have lasted longer than 30 milliseconds.",14581,158,499,499,http://localhost:3001/characters,2458,0,0
1745251874681,25,Update,200,OK,Thread Group 1-601,text,true,,276,227,499,499,http://localhost:3001/character/335,25,0,0
1745251874679,27,Create,201,Created,Thread Group 1-552,text,true,,281,224,499,499,http://localhost:3001/character,27,0,0
1745251874679,28,Create,201,Created,Thread Group 1-605,text,true,,281,224,499,499,http://localhost:3001/character,28,0,0
1745251874678,32,Create,201,Created,Thread Group 1-607,text,false,"The operation lasted too long: It took 32 milliseconds, but should not have lasted longer than 30 milliseconds.",281,224,499,499,http://localhost:3001/character,32,0,0
1745251874675,39,Delete,200,OK,Thread Group 1-549,text,false,"The operation lasted too long: It took 39 milliseconds, but should not have lasted longer than 30 milliseconds.",293,183,499,499,http://localhost:3001/character/340,39,0,0
1745251872345,2369,Get characters,200,OK,Thread Group 1-614,text,false,"The operation lasted too long: It took 2,369 milliseconds, but should not have lasted longer than 30 milliseconds.",14581,158,498,498,http://localhost:3001/characters,2369,0,1
1745251874681,33,Create,201,Created,Thread Group 1-554,text,false,"The operation lasted too long: It took 33 milliseconds, but should not have lasted longer than 30 milliseconds.",281,224,498,498,http://localhost:3001/character,33,0,0
1745251872242,2473,Get characters,200,OK,Thread Group 1-559,text,false,"The operation lasted too long: It took 2,473 milliseconds, but should not have lasted longer than 30 milliseconds.",14581,158,498,498,http://localhost:3001/characters,2473,0,1
1745251872344,2372,Get characters,200,OK,Thread Group 1-611,text,false,"The operation lasted too long: It took 2,372 milliseconds, but should not have lasted longer than 30 milliseconds.",14581,158,498,498,http://localhost:3001/characters,2372,0,1
1745251872339,2377,Get characters,200,OK,Thread Group 1-609,text,false,"The operation lasted too long: It took 2,377 milliseconds, but should not have lasted longer than 30 milliseconds.",14371,158,498,498,http://localhost:3001/characters,2377,0,0
1745251874674,42,Update,200,OK,Thread Group 1-550,text,false,"The operation lasted too long: It took 42 milliseconds, but should not have lasted longer than 30 milliseconds.",276,227,498,498,http://localhost:3001/character/334,42,0,0
1745251872339,2378,Get characters,200,OK,Thread Group 1-610,text,false,"The operation lasted too long: It took 2,378 milliseconds, but should not have lasted longer than 30 milliseconds.",14581,158,498,498,http://localhost:3001/characters,2378,0,3
1745251872249,2468,Get characters,200,OK,Thread Group 1-563,text,false,"The operation lasted too long: It took 2,468 milliseconds, but should not have lasted longer than 30 milliseconds.",14581,158,498,498,http://localhost:3001/characters,2468,0,0
1745251872249,2470,Get characters,200,OK,Thread Group 1-564,text,false,"The operation lasted too long: It took 2,470 milliseconds, but should not have lasted longer than 30 milliseconds.",14581,158,498,498,http://localhost:3001/characters,2470,0,1
1745251872352,2372,Get characters,200,OK,Thread Group 1-615,text,false,"The operation lasted too long: It took 2,372 milliseconds, but should not have lasted longer than 30 milliseconds.",14581,158,498,498,http://localhost:3001/characters,2372,0,1
1745251872250,2476,Get characters,200,OK,Thread Group 1-565,text,false,"The operation lasted too long: It took 2,476 milliseconds, but should not have lasted longer than 30 milliseconds.",14581,158,498,498,http://localhost:3001/characters,2475,0,1
1745251872354,2374,Get characters,200,OK,Thread Group 1-618,text,false,"The operation lasted too long: It took 2,374 milliseconds, but should not have lasted longer than 30 milliseconds.",14581,158,498,498,http://localhost:3001/characters,2374,0,0
1745251872251,2477,Get characters,200,OK,Thread Group 1-566,text,false,"The operation lasted too long: It took 2,477 milliseconds, but should not have lasted longer than 30 milliseconds.",14581,158,498,498,http://localhost:3001/characters,2477,0,1
1745251872354,2375,Get characters,200,OK,Thread Group 1-617,text,false,"The operation lasted too long: It took 2,375 milliseconds, but should not have lasted longer than 30 milliseconds.",14581,158,498,498,http://localhost:3001/characters,2375,0,0
1745251872251,2478,Get characters,200,OK,Thread Group 1-567,text,false,"The operation lasted too long: It took 2,478 milliseconds, but should not have lasted longer than 30 milliseconds.",14581,158,498,498,http://localhost:3001/characters,2478,0,0
1745251872354,2375,Get characters,200,OK,Thread Group 1-619,text,false,"The operation lasted too long: It took 2,375 milliseconds, but should not have lasted longer than 30 milliseconds.",14581,158,498,498,http://localhost:3001/characters,2375,0,0
1745251872253,2477,Get characters,200,OK,Thread Group 1-568,text,false,"The operation lasted too long: It took 2,477 milliseconds, but should not have lasted longer than 30 milliseconds.",14581,158,498,498,http://localhost:3001/characters,2477,0,1
1745251872356,2374,Get characters,200,OK,Thread Group 1-620,text,false,"The operation lasted too long: It took 2,374 milliseconds, but should not have lasted longer than 30 milliseconds.",14581,158,498,498,http://localhost:3001/characters,2374,0,0
1745251872255,2475,Get characters,200,OK,Thread Group 1-569,text,false,"The operation lasted too long: It took 2,475 milliseconds, but should not have lasted longer than 30 milliseconds.",14581,158,498,498,http://localhost:3001/characters,2475,0,2
1745251872356,2375,Get characters,200,OK,Thread Group 1-621,text,false,"The operation lasted too long: It took 2,375 milliseconds, but should not have lasted longer than 30 milliseconds.",14581,158,498,498,http://localhost:3001/characters,2375,0,1
1745251872259,2473,Get characters,200,OK,Thread Group 1-570,text,false,"The operation lasted too long: It took 2,473 milliseconds, but should not have lasted longer than 30 milliseconds.",14581,158,498,498,http://localhost:3001/characters,2473,0,0
1745251874716,16,Create,201,Created,Thread Group 1-611,text,true,,281,224,498,498,http://localhost:3001/character,16,0,0
1745251874714,18,Create,201,Created,Thread Group 1-614,text,true,,281,224,498,498,http://localhost:3001/character,18,0,0
1745251874705,28,Create,201,Created,Thread Group 1-608,text,true,,281,224,498,498,http://localhost:3001/character,28,0,0
1745251874716,17,Delete,200,OK,Thread Group 1-550,text,true,,293,183,498,498,http://localhost:3001/character/334,17,0,0
1745251874717,16,Create,201,Created,Thread Group 1-563,text,true,,281,224,498,498,http://localhost:3001/character,16,0,0
1745251874717,17,Create,201,Created,Thread Group 1-610,text,true,,281,224,497,497,http://localhost:3001/character,17,0,0
1745251874716,18,Create,201,Created,Thread Group 1-609,text,true,,281,224,497,497,http://localhost:3001/character,18,0,0
1745251874715,19,get by ID,200,OK,Thread Group 1-554,text,true,,276,161,497,497,http://localhost:3001/character/342,19,0,0
1745251874715,20,Create,201,Created,Thread Group 1-559,text,true,,281,224,497,497,http://localhost:3001/character,20,0,0
1745251874713,22,get by ID,200,OK,Thread Group 1-607,text,true,,276,161,497,497,http://localhost:3001/character/337,22,0,0
1745251874709,26,get by ID,200,OK,Thread Group 1-605,text,true,,276,161,497,497,http://localhost:3001/character/339,26,0,0
1745251874706,29,Delete,200,OK,Thread Group 1-601,text,true,,293,183,497,497,http://localhost:3001/character/335,29,0,0
1745251874706,30,Create,201,Created,Thread Group 1-561,text,true,,281,224,496,496,http://localhost:3001/character,30,0,0
1745251874707,29,get by ID,200,OK,Thread Group 1-552,text,true,,276,161,496,496,http://localhost:3001/character/340,29,0,0
1745251874705,32,Create,201,Created,Thread Group 1-558,text,false,"The operation lasted too long: It took 32 milliseconds, but should not have lasted longer than 30 milliseconds.",281,224,496,496,http://localhost:3001/character,32,0,0
1745251874706,31,Update,200,OK,Thread Group 1-603,text,false,"The operation lasted too long: It took 31 milliseconds, but should not have lasted longer than 30 milliseconds.",276,227,496,496,http://localhost:3001/character/335,31,0,0
1745251874703,38,Create,201,Created,Thread Group 1-560,text,false,"The operation lasted too long: It took 38 milliseconds, but should not have lasted longer than 30 milliseconds.",281,224,496,496,http://localhost:3001/character,38,0,0
1745251874705,36,get by ID,200,OK,Thread Group 1-604,text,false,"The operation lasted too long: It took 36 milliseconds, but should not have lasted longer than 30 milliseconds.",276,161,496,496,http://localhost:3001/character/338,36,0,0
1745251874705,37,get by ID,200,OK,Thread Group 1-555,text,false,"The operation lasted too long: It took 37 milliseconds, but should not have lasted longer than 30 milliseconds.",276,161,496,496,http://localhost:3001/character/341,37,0,0
1745251874704,38,get by ID,200,OK,Thread Group 1-606,text,false,"The operation lasted too long: It took 38 milliseconds, but should not have lasted longer than 30 milliseconds.",276,161,496,496,http://localhost:3001/character/338,38,0,0
1745251874704,38,get by ID,200,OK,Thread Group 1-553,text,false,"The operation lasted too long: It took 38 milliseconds, but should not have lasted longer than 30 milliseconds.",276,161,496,496,http://localhost:3001/character/337,38,0,0
1745251874704,38,Create,201,Created,Thread Group 1-613,text,false,"The operation lasted too long: It took 38 milliseconds, but should not have lasted longer than 30 milliseconds.",281,224,496,496,http://localhost:3001/character,38,0,0
1745251874703,40,get by ID,200,OK,Thread Group 1-557,text,false,"The operation lasted too long: It took 40 milliseconds, but should not have lasted longer than 30 milliseconds.",276,161,496,496,http://localhost:3001/character/343,40,0,0
1745251874702,41,Create,201,Created,Thread Group 1-562,text,false,"The operation lasted too long: It took 41 milliseconds, but should not have lasted longer than 30 milliseconds.",281,224,496,496,http://localhost:3001/character,41,0,0
1745251872357,2390,Get characters,200,OK,Thread Group 1-623,text,false,"The operation lasted too long: It took 2,390 milliseconds, but should not have lasted longer than 30 milliseconds.",15001,158,496,496,http://localhost:3001/characters,2390,0,1
1745251874733,14,get by ID,200,OK,Thread Group 1-608,text,true,,276,161,496,496,http://localhost:3001/character/344,14,0,0
1745251874734,14,get by ID,200,OK,Thread Group 1-563,text,true,,276,161,496,496,http://localhost:3001/character/345,14,0,0
1745251874734,14,get by ID,200,OK,Thread Group 1-610,text,true,,276,161,496,496,http://localhost:3001/character/345,14,0,0
1745251874734,14,get by ID,200,OK,Thread Group 1-609,text,true,,276,161,496,496,http://localhost:3001/character/346,14,0,0
1745251874732,16,get by ID,200,OK,Thread Group 1-611,text,true,,276,161,496,496,http://localhost:3001/character/347,16,0,0
1745251874733,16,get by ID,200,OK,Thread Group 1-614,text,true,,276,161,496,496,http://localhost:3001/character/348,16,0,0
1745251874734,15,Update,200,OK,Thread Group 1-554,text,true,,276,227,496,496,http://localhost:3001/character/342,15,0,0
1745251874735,14,get by ID,200,OK,Thread Group 1-559,text,true,,276,161,496,496,http://localhost:3001/character/349,14,0,0
1745251874735,14,Update,200,OK,Thread Group 1-607,text,true,,276,227,496,496,http://localhost:3001/character/337,14,0,0
1745251874735,16,Update,200,OK,Thread Group 1-605,text,true,,276,227,496,496,http://localhost:3001/character/339,16,0,0
1745251874736,16,get by ID,200,OK,Thread Group 1-561,text,true,,276,161,496,496,http://localhost:3001/character/349,16,0,0
1745251874736,17,Update,200,OK,Thread Group 1-552,text,true,,276,227,496,496,http://localhost:3001/character/340,17,0,0
1745251874737,17,get by ID,200,OK,Thread Group 1-558,text,true,,276,161,496,496,http://localhost:3001/character/350,17,0,0
1745251874737,18,Delete,200,OK,Thread Group 1-603,text,true,,293,183,496,496,http://localhost:3001/character/335,18,0,0
1745251874702,54,Create,201,Created,Thread Group 1-556,text,false,"The operation lasted too long: It took 54 milliseconds, but should not have lasted longer than 30 milliseconds.",281,224,495,495,http://localhost:3001/character,54,0,0
1745251874701,57,Create,201,Created,Thread Group 1-612,text,false,"The operation lasted too long: It took 57 milliseconds, but should not have lasted longer than 30 milliseconds.",281,224,495,495,http://localhost:3001/character,57,0,0
1745251874701,58,Update,200,OK,Thread Group 1-551,text,false,"The operation lasted too long: It took 58 milliseconds, but should not have lasted longer than 30 milliseconds.",276,227,495,495,http://localhost:3001/character/336,58,0,0
1745251874700,59,Create,201,Created,Thread Group 1-616,text,false,"The operation lasted too long: It took 59 milliseconds, but should not have lasted longer than 30 milliseconds.",281,224,495,495,http://localhost:3001/character,59,0,0
1745251874726,34,Create,201,Created,Thread Group 1-565,text,false,"The operation lasted too long: It took 34 milliseconds, but should not have lasted longer than 30 milliseconds.",281,224,495,495,http://localhost:3001/character,34,0,0
1745251874725,37,Create,201,Created,Thread Group 1-615,text,false,"The operation lasted too long: It took 37 milliseconds, but should not have lasted longer than 30 milliseconds.",281,224,495,495,http://localhost:3001/character,37,0,0
1745251874720,43,Create,201,Created,Thread Group 1-564,text,false,"The operation lasted too long: It took 43 milliseconds, but should not have lasted longer than 30 milliseconds.",281,224,495,495,http://localhost:3001/character,43,0,0
1745251874729,35,Create,201,Created,Thread Group 1-619,text,false,"The operation lasted too long: It took 35 milliseconds, but should not have lasted longer than 30 milliseconds.",281,224,495,495,http://localhost:3001/character,35,0,0
1745251874729,36,Create,201,Created,Thread Group 1-567,text,false,"The operation lasted too long: It took 36 milliseconds, but should not have lasted longer than 30 milliseconds.",281,224,495,495,http://localhost:3001/character,36,0,0
1745251874729,36,Create,201,Created,Thread Group 1-566,text,false,"The operation lasted too long: It took 36 milliseconds, but should not have lasted longer than 30 milliseconds.",281,224,495,495,http://localhost:3001/character,36,0,0
1745251874728,38,Create,201,Created,Thread Group 1-618,text,false,"The operation lasted too long: It took 38 milliseconds, but should not have lasted longer than 30 milliseconds.",281,224,495,495,http://localhost:3001/character,38,0,0
1745251874729,38,Create,201,Created,Thread Group 1-617,text,false,"The operation lasted too long: It took 38 milliseconds, but should not have lasted longer than 30 milliseconds.",281,224,495,495,http://localhost:3001/character,38,0,0
1745251874730,37,Create,201,Created,Thread Group 1-569,text,false,"The operation lasted too long: It took 37 milliseconds, but should not have lasted longer than 30 milliseconds.",281,224,495,495,http://localhost:3001/character,37,0,0
1745251874730,37,Create,201,Created,Thread Group 1-620,text,false,"The operation lasted too long: It took 37 milliseconds, but should not have lasted longer than 30 milliseconds.",281,224,495,495,http://localhost:3001/character,37,0,0
1745251874731,36,Create,201,Created,Thread Group 1-621,text,false,"The operation lasted too long: It took 36 milliseconds, but should not have lasted longer than 30 milliseconds.",281,224,495,495,http://localhost:3001/character,36,0,0
1745251874730,38,Create,201,Created,Thread Group 1-568,text,false,"The operation lasted too long: It took 38 milliseconds, but should not have lasted longer than 30 milliseconds.",281,224,495,495,http://localhost:3001/character,38,0,0
1745251874732,36,Create,201,Created,Thread Group 1-570,text,false,"The operation lasted too long: It took 36 milliseconds, but should not have lasted longer than 30 milliseconds.",281,224,495,495,http://localhost:3001/character,36,0,0
1745251872260,2510,Get characters,200,OK,Thread Group 1-571,text,false,"The operation lasted too long: It took 2,510 milliseconds, but should not have lasted longer than 30 milliseconds.",15631,158,495,495,http://localhost:3001/characters,2510,0,0
1745251874748,23,Update,200,OK,Thread Group 1-608,text,true,,276,227,495,495,http://localhost:3001/character/344,23,0,0
1745251874748,23,Update,200,OK,Thread Group 1-563,text,true,,276,227,495,495,http://localhost:3001/character/345,23,0,0
1745251874748,24,Update,200,OK,Thread Group 1-610,text,true,,276,227,495,495,http://localhost:3001/character/345,23,0,0
1745251874748,24,Update,200,OK,Thread Group 1-609,text,true,,276,227,495,495,http://localhost:3001/character/346,24,0,0
1745251874748,24,Update,200,OK,Thread Group 1-611,text,true,,276,227,495,495,http://localhost:3001/character/347,24,0,0
1745251874749,23,Update,200,OK,Thread Group 1-614,text,true,,276,227,495,495,http://localhost:3001/character/348,23,0,0
1745251874749,23,Delete,200,OK,Thread Group 1-554,text,true,,293,183,495,495,http://localhost:3001/character/342,23,0,0
1745251874749,23,Update,200,OK,Thread Group 1-559,text,true,,276,227,495,495,http://localhost:3001/character/349,23,0,0
1745251874749,26,Delete,200,OK,Thread Group 1-607,text,true,,293,183,494,494,http://localhost:3001/character/337,26,0,0
1745251874751,25,Delete,200,OK,Thread Group 1-605,text,true,,293,183,493,493,http://localhost:3001/character/339,25,0,0
1745251874752,26,Update,200,OK,Thread Group 1-561,text,true,,276,227,492,492,http://localhost:3001/character/349,26,0,0
1745251874753,26,Delete,200,OK,Thread Group 1-552,text,true,,293,183,492,492,http://localhost:3001/character/340,26,0,0
1745251874754,27,Update,200,OK,Thread Group 1-558,text,true,,276,227,491,491,http://localhost:3001/character/350,27,0,0
1745251874757,25,get by ID,200,OK,Thread Group 1-556,text,true,,276,161,491,491,http://localhost:3001/character/353,25,0,0
1745251874758,24,get by ID,200,OK,Thread Group 1-612,text,true,,276,161,491,491,http://localhost:3001/character/354,24,0,0
1745251874759,24,Delete,200,OK,Thread Group 1-551,text,true,,293,183,491,491,http://localhost:3001/character/336,24,0,0
1745251874760,24,get by ID,200,OK,Thread Group 1-616,text,true,,276,161,490,490,http://localhost:3001/character/355,24,0,0
1745251874760,25,get by ID,200,OK,Thread Group 1-565,text,true,,276,161,490,490,http://localhost:3001/character/356,25,0,0
1745251874743,42,get by ID,200,OK,Thread Group 1-613,text,false,"The operation lasted too long: It took 42 milliseconds, but should not have lasted longer than 30 milliseconds.",276,161,490,490,http://localhost:3001/character/352,42,0,0
1745251874743,43,Update,200,OK,Thread Group 1-553,text,false,"The operation lasted too long: It took 43 milliseconds, but should not have lasted longer than 30 milliseconds.",276,227,490,490,http://localhost:3001/character/337,43,0,0
1745251874742,46,Update,200,OK,Thread Group 1-606,text,false,"The operation lasted too long: It took 46 milliseconds, but should not have lasted longer than 30 milliseconds.",276,227,490,490,http://localhost:3001/character/338,46,0,0
1745251874742,46,Update,200,OK,Thread Group 1-555,text,false,"The operation lasted too long: It took 46 milliseconds, but should not have lasted longer than 30 milliseconds.",276,227,490,490,http://localhost:3001/character/341,46,0,0
1745251874741,47,Update,200,OK,Thread Group 1-604,text,false,"The operation lasted too long: It took 47 milliseconds, but should not have lasted longer than 30 milliseconds.",276,227,490,490,http://localhost:3001/character/338,47,0,0
1745251874741,47,get by ID,200,OK,Thread Group 1-560,text,false,"The operation lasted too long: It took 47 milliseconds, but should not have lasted longer than 30 milliseconds.",276,161,490,490,http://localhost:3001/character/351,47,0,0
1745251874744,45,Update,200,OK,Thread Group 1-557,text,false,"The operation lasted too long: It took 45 milliseconds, but should not have lasted longer than 30 milliseconds.",276,227,490,490,http://localhost:3001/character/343,45,0,0
1745251874744,46,get by ID,200,OK,Thread Group 1-562,text,false,"The operation lasted too long: It took 46 milliseconds, but should not have lasted longer than 30 milliseconds.",276,161,490,490,http://localhost:3001/character/353,46,0,0
1745251874747,43,Create,201,Created,Thread Group 1-623,text,false,"The operation lasted too long: It took 43 milliseconds, but should not have lasted longer than 30 milliseconds.",281,224,490,490,http://localhost:3001/character,43,0,0
1745251872358,2432,Get characters,200,OK,Thread Group 1-624,text,false,"The operation lasted too long: It took 2,432 milliseconds, but should not have lasted longer than 30 milliseconds.",15463,158,490,490,http://localhost:3001/characters,2432,0,1
1745251874771,20,Delete,200,OK,Thread Group 1-608,text,true,,293,183,490,490,http://localhost:3001/character/344,20,0,0
1745251874771,20,Delete,200,OK,Thread Group 1-563,text,true,,293,183,490,490,http://localhost:3001/character/345,20,0,0
1745251874772,20,Delete,200,OK,Thread Group 1-610,text,true,,293,183,488,488,http://localhost:3001/character/345,20,0,0
1745251874772,20,Delete,200,OK,Thread Group 1-609,text,true,,293,183,487,487,http://localhost:3001/character/346,20,0,0
1745251874772,21,Delete,200,OK,Thread Group 1-611,text,true,,293,183,486,486,http://localhost:3001/character/347,21,0,0
1745251874772,21,Delete,200,OK,Thread Group 1-614,text,true,,293,183,485,485,http://localhost:3001/character/348,21,0,0
1745251874772,22,Delete,200,OK,Thread Group 1-559,text,true,,293,183,485,485,http://localhost:3001/character/349,22,0,0
1745251874779,16,Delete,200,OK,Thread Group 1-561,text,true,,293,183,483,483,http://localhost:3001/character/349,16,0,0
1745251874768,29,get by ID,200,OK,Thread Group 1-620,text,true,,276,161,482,482,http://localhost:3001/character/365,29,0,0
1745251874768,29,get by ID,200,OK,Thread Group 1-570,text,true,,276,161,482,482,http://localhost:3001/character/368,29,0,0
1745251874768,30,get by ID,200,OK,Thread Group 1-568,text,true,,276,161,482,482,http://localhost:3001/character/367,30,0,0
1745251874768,31,get by ID,200,OK,Thread Group 1-621,text,false,"The operation lasted too long: It took 31 milliseconds, but should not have lasted longer than 30 milliseconds.",276,161,482,482,http://localhost:3001/character/366,31,0,0
1745251874765,34,get by ID,200,OK,Thread Group 1-567,text,false,"The operation lasted too long: It took 34 milliseconds, but should not have lasted longer than 30 milliseconds.",276,161,482,482,http://localhost:3001/character/360,34,0,0
1745251874767,32,get by ID,200,OK,Thread Group 1-617,text,false,"The operation lasted too long: It took 32 milliseconds, but should not have lasted longer than 30 milliseconds.",276,161,482,482,http://localhost:3001/character/363,32,0,0
1745251874764,36,get by ID,200,OK,Thread Group 1-619,text,false,"The operation lasted too long: It took 36 milliseconds, but should not have lasted longer than 30 milliseconds.",276,161,482,482,http://localhost:3001/character/359,36,0,0
1745251874770,31,Create,201,Created,Thread Group 1-571,text,false,"The operation lasted too long: It took 31 milliseconds, but should not have lasted longer than 30 milliseconds.",281,224,482,482,http://localhost:3001/character,31,0,0
1745251874762,39,get by ID,200,OK,Thread Group 1-615,text,false,"The operation lasted too long: It took 39 milliseconds, but should not have lasted longer than 30 milliseconds.",276,161,482,482,http://localhost:3001/character/357,39,0,0
1745251874764,38,get by ID,200,OK,Thread Group 1-564,text,false,"The operation lasted too long: It took 38 milliseconds, but should not have lasted longer than 30 milliseconds.",276,161,482,482,http://localhost:3001/character/358,38,0,0
1745251874767,35,get by ID,200,OK,Thread Group 1-618,text,false,"The operation lasted too long: It took 35 milliseconds, but should not have lasted longer than 30 milliseconds.",276,161,482,482,http://localhost:3001/character/362,35,0,0
1745251874766,36,get by ID,200,OK,Thread Group 1-566,text,false,"The operation lasted too long: It took 36 milliseconds, but should not have lasted longer than 30 milliseconds.",276,161,482,482,http://localhost:3001/character/361,36,0,0
1745251874767,35,get by ID,200,OK,Thread Group 1-569,text,false,"The operation lasted too long: It took 35 milliseconds, but should not have lasted longer than 30 milliseconds.",276,161,482,482,http://localhost:3001/character/364,35,0,0
1745251872260,2545,Get characters,200,OK,Thread Group 1-572,text,false,"The operation lasted too long: It took 2,545 milliseconds, but should not have lasted longer than 30 milliseconds.",15169,158,482,482,http://localhost:3001/characters,2545,0,1
1745251874799,7,Update,200,OK,Thread Group 1-567,text,true,,276,227,482,482,http://localhost:3001/character/360,7,0,0
1745251874799,7,Update,200,OK,Thread Group 1-621,text,true,,276,227,482,482,http://localhost:3001/character/366,7,0,0
1745251874798,9,Update,200,OK,Thread Group 1-620,text,true,,276,227,482,482,http://localhost:3001/character/365,9,0,0
1745251874798,9,Update,200,OK,Thread Group 1-568,text,true,,276,227,482,482,http://localhost:3001/character/367,9,0,0
1745251874797,10,Update,200,OK,Thread Group 1-570,text,true,,276,227,482,482,http://localhost:3001/character/368,10,0,0
1745251874799,9,Update,200,OK,Thread Group 1-617,text,true,,276,227,482,482,http://localhost:3001/character/363,9,0,0
1745251874785,23,Update,200,OK,Thread Group 1-565,text,true,,276,227,482,482,http://localhost:3001/character/356,23,0,0
1745251874786,22,Delete,200,OK,Thread Group 1-553,text,true,,293,183,482,482,http://localhost:3001/character/337,22,0,0
1745251874789,20,Delete,200,OK,Thread Group 1-557,text,true,,293,183,481,481,http://localhost:3001/character/343,20,0,0
1745251874784,25,Update,200,OK,Thread Group 1-616,text,true,,276,227,481,481,http://localhost:3001/character/355,25,0,0
1745251874781,29,Delete,200,OK,Thread Group 1-558,text,true,,293,183,480,480,http://localhost:3001/character/350,29,0,0
1745251874789,21,Update,200,OK,Thread Group 1-560,text,true,,276,227,480,480,http://localhost:3001/character/351,21,0,0
1745251874782,28,Update,200,OK,Thread Group 1-556,text,true,,276,227,479,479,http://localhost:3001/character/353,28,0,0
1745251874785,25,Update,200,OK,Thread Group 1-613,text,true,,276,227,479,479,http://localhost:3001/character/352,25,0,0
1745251874790,21,Create,201,Created,Thread Group 1-624,text,true,,281,224,479,479,http://localhost:3001/character,21,0,0
1745251874782,30,Update,200,OK,Thread Group 1-612,text,true,,276,227,479,479,http://localhost:3001/character/354,30,0,0
1745251874789,23,Delete,200,OK,Thread Group 1-604,text,true,,293,183,479,479,http://localhost:3001/character/338,23,0,0
1745251874788,25,Delete,200,OK,Thread Group 1-555,text,true,,293,183,478,478,http://localhost:3001/character/341,25,0,0
1745251874788,26,Delete,200,OK,Thread Group 1-606,text,true,,293,183,477,477,http://localhost:3001/character/338,26,0,0
1745251874790,25,get by ID,200,OK,Thread Group 1-623,text,true,,276,161,476,476,http://localhost:3001/character/364,25,0,0
1745251874790,26,Update,200,OK,Thread Group 1-562,text,true,,276,227,476,476,http://localhost:3001/character/353,26,0,0
1745251872358,2458,Get characters,200,OK,Thread Group 1-622,text,false,"The operation lasted too long: It took 2,458 milliseconds, but should not have lasted longer than 30 milliseconds.",14959,158,476,476,http://localhost:3001/characters,2458,0,1
1745251874810,10,Delete,200,OK,Thread Group 1-616,text,true,,293,183,476,476,http://localhost:3001/character/355,10,0,0
1745251874808,12,Delete,200,OK,Thread Group 1-565,text,true,,293,183,476,476,http://localhost:3001/character/356,12,0,0
1745251874807,14,Delete,200,OK,Thread Group 1-568,text,true,,293,183,476,476,http://localhost:3001/character/367,14,0,0
1745251874806,15,Delete,200,OK,Thread Group 1-621,text,true,,293,183,473,473,http://localhost:3001/character/366,15,0,0
1745251874807,14,Delete,200,OK,Thread Group 1-620,text,true,,293,183,473,473,http://localhost:3001/character/365,14,0,0
1745251874807,15,Delete,200,OK,Thread Group 1-570,text,true,,293,183,471,471,http://localhost:3001/character/368,15,0,0
1745251874806,16,Delete,200,OK,Thread Group 1-567,text,true,,293,183,471,471,http://localhost:3001/character/360,16,0,0
1745251874808,14,Delete,200,OK,Thread Group 1-617,text,true,,293,183,469,469,http://localhost:3001/character/363,14,0,0
1745251874812,11,Delete,200,OK,Thread Group 1-612,text,true,,293,183,468,468,http://localhost:3001/character/354,11,0,0
1745251874810,13,Delete,200,OK,Thread Group 1-556,text,true,,293,183,467,467,http://localhost:3001/character/353,13,0,0
1745251874811,13,Delete,200,OK,Thread Group 1-613,text,true,,293,183,466,466,http://localhost:3001/character/352,13,0,0
1745251874811,13,get by ID,200,OK,Thread Group 1-624,text,true,,276,161,466,466,http://localhost:3001/character/355,13,0,0
1745251874810,14,Delete,200,OK,Thread Group 1-560,text,true,,293,183,465,465,http://localhost:3001/character/351,14,0,0
1745251874815,10,Update,200,OK,Thread Group 1-623,text,true,,276,227,464,464,http://localhost:3001/character/364,10,0,0
1745251874816,10,Delete,200,OK,Thread Group 1-562,text,true,,293,183,464,464,http://localhost:3001/character/353,10,0,0
1745251874817,9,Create,201,Created,Thread Group 1-622,text,true,,281,224,464,464,http://localhost:3001/character,9,0,0
1745251874802,24,Update,200,OK,Thread Group 1-618,text,true,,276,227,463,463,http://localhost:3001/character/362,24,0,0
1745251874803,23,Update,200,OK,Thread Group 1-569,text,true,,276,227,463,463,http://localhost:3001/character/364,23,0,0
1745251874802,24,Update,200,OK,Thread Group 1-564,text,true,,276,227,463,463,http://localhost:3001/character/358,24,0,0
1745251874801,25,Update,200,OK,Thread Group 1-615,text,true,,276,227,463,463,http://localhost:3001/character/357,25,0,0
1745251874801,26,get by ID,200,OK,Thread Group 1-571,text,true,,276,161,463,463,http://localhost:3001/character/357,26,0,0
1745251874802,25,Update,200,OK,Thread Group 1-566,text,true,,276,227,463,463,http://localhost:3001/character/361,25,0,0
1745251874801,26,Update,200,OK,Thread Group 1-619,text,true,,276,227,463,463,http://localhost:3001/character/359,26,0,0
1745251874805,23,Create,201,Created,Thread Group 1-572,text,true,,281,224,463,463,http://localhost:3001/character,23,0,0
1745251872261,2568,Get characters,200,OK,Thread Group 1-573,text,false,"The operation lasted too long: It took 2,568 milliseconds, but should not have lasted longer than 30 milliseconds.",14497,158,463,463,http://localhost:3001/characters,2568,0,0
1745251874824,7,Update,200,OK,Thread Group 1-624,text,true,,276,227,463,463,http://localhost:3001/character/355,7,0,0
1745251874825,6,Delete,200,OK,Thread Group 1-623,text,true,,293,183,463,463,http://localhost:3001/character/364,6,0,0
1745251874826,6,get by ID,200,OK,Thread Group 1-622,text,true,,276,161,462,462,http://localhost:3001/character/340,6,0,0
1745251874826,7,Delete,200,OK,Thread Group 1-618,text,true,,293,183,462,462,http://localhost:3001/character/362,7,0,0
1745251874826,7,Delete,200,OK,Thread Group 1-569,text,true,,293,183,461,461,http://localhost:3001/character/364,7,0,0
1745251874826,8,Delete,200,OK,Thread Group 1-564,text,true,,293,183,460,460,http://localhost:3001/character/358,8,0,0
1745251874826,9,Delete,200,OK,Thread Group 1-615,text,true,,293,183,459,459,http://localhost:3001/character/357,9,0,0
1745251874827,8,Update,200,OK,Thread Group 1-571,text,true,,276,227,458,458,http://localhost:3001/character/357,8,0,0
1745251874827,9,Delete,200,OK,Thread Group 1-619,text,true,,293,183,458,458,http://localhost:3001/character/359,9,0,0
1745251874827,9,Delete,200,OK,Thread Group 1-566,text,true,,293,183,457,457,http://localhost:3001/character/361,9,0,0
1745251872361,2476,Get characters,200,OK,Thread Group 1-625,text,false,"The operation lasted too long: It took 2,476 milliseconds, but should not have lasted longer than 30 milliseconds.",14203,158,456,456,http://localhost:3001/characters,2476,0,0
1745251874831,8,Delete,200,OK,Thread Group 1-624,text,true,,293,183,456,456,http://localhost:3001/character/355,8,0,0
1745251874835,4,Delete,200,OK,Thread Group 1-571,text,true,,293,183,456,456,http://localhost:3001/character/357,4,0,0
1745251874832,8,Update,200,OK,Thread Group 1-622,text,true,,276,227,454,454,http://localhost:3001/character/340,8,0,0
1745251874829,11,Create,201,Created,Thread Group 1-573,text,true,,281,224,454,454,http://localhost:3001/character,11,0,0
1745251872262,2580,Get characters,200,OK,Thread Group 1-574,text,false,"The operation lasted too long: It took 2,580 milliseconds, but should not have lasted longer than 30 milliseconds.",14161,158,454,454,http://localhost:3001/characters,2580,0,0
1745251874828,14,get by ID,200,OK,Thread Group 1-572,text,true,,276,161,454,454,http://localhost:3001/character/341,14,0,0
1745251872363,2479,Get characters,200,OK,Thread Group 1-626,text,false,"The operation lasted too long: It took 2,479 milliseconds, but should not have lasted longer than 30 milliseconds.",14161,158,454,454,http://localhost:3001/characters,2479,0,1
1745251872364,2479,Get characters,200,OK,Thread Group 1-627,text,false,"The operation lasted too long: It took 2,479 milliseconds, but should not have lasted longer than 30 milliseconds.",14161,158,454,454,http://localhost:3001/characters,2479,0,1
1745251872365,2479,Get characters,200,OK,Thread Group 1-628,text,false,"The operation lasted too long: It took 2,479 milliseconds, but should not have lasted longer than 30 milliseconds.",14203,158,454,454,http://localhost:3001/characters,2479,0,0
1745251872263,2582,Get characters,200,OK,Thread Group 1-575,text,false,"The operation lasted too long: It took 2,582 milliseconds, but should not have lasted longer than 30 milliseconds.",14203,158,454,454,http://localhost:3001/characters,2582,0,1
1745251874838,7,Create,201,Created,Thread Group 1-625,text,true,,281,224,454,454,http://localhost:3001/character,7,0,0
1745251874840,7,get by ID,200,OK,Thread Group 1-573,text,true,,276,161,454,454,http://localhost:3001/character/333,7,0,0
1745251872265,2582,Get characters,200,OK,Thread Group 1-576,text,false,"The operation lasted too long: It took 2,582 milliseconds, but should not have lasted longer than 30 milliseconds.",14203,158,454,454,http://localhost:3001/characters,2582,0,3
1745251874840,8,Delete,200,OK,Thread Group 1-622,text,true,,293,183,454,454,http://localhost:3001/character/340,8,0,0
1745251872390,2459,Get characters,200,OK,Thread Group 1-630,text,false,"The operation lasted too long: It took 2,459 milliseconds, but should not have lasted longer than 30 milliseconds.",14161,158,453,453,http://localhost:3001/characters,2459,0,0
1745251872268,2582,Get characters,200,OK,Thread Group 1-577,text,false,"The operation lasted too long: It took 2,582 milliseconds, but should not have lasted longer than 30 milliseconds.",14161,158,453,453,http://localhost:3001/characters,2582,0,2
1745251872391,2459,Get characters,200,OK,Thread Group 1-629,text,false,"The operation lasted too long: It took 2,459 milliseconds, but should not have lasted longer than 30 milliseconds.",14161,158,453,453,http://localhost:3001/characters,2459,0,0
1745251872270,2581,Get characters,200,OK,Thread Group 1-578,text,false,"The operation lasted too long: It took 2,581 milliseconds, but should not have lasted longer than 30 milliseconds.",14161,158,453,453,http://localhost:3001/characters,2581,0,1
1745251872392,2460,Get characters,200,OK,Thread Group 1-631,text,false,"The operation lasted too long: It took 2,460 milliseconds, but should not have lasted longer than 30 milliseconds.",14161,158,453,453,http://localhost:3001/characters,2460,0,0
1745251872276,2577,Get characters,200,OK,Thread Group 1-580,text,false,"The operation lasted too long: It took 2,577 milliseconds, but should not have lasted longer than 30 milliseconds.",14161,158,453,453,http://localhost:3001/characters,2577,0,1
1745251872400,2453,Get characters,200,OK,Thread Group 1-632,text,false,"The operation lasted too long: It took 2,453 milliseconds, but should not have lasted longer than 30 milliseconds.",14161,158,453,453,http://localhost:3001/characters,2453,0,1
1745251872400,2454,Get characters,200,OK,Thread Group 1-662,text,false,"The operation lasted too long: It took 2,454 milliseconds, but should not have lasted longer than 30 milliseconds.",14161,158,453,453,http://localhost:3001/characters,2454,0,1
1745251874850,5,Create,201,Created,Thread Group 1-577,text,true,,281,224,453,453,http://localhost:3001/character,5,0,0
1745251874842,14,Create,201,Created,Thread Group 1-626,text,true,,281,224,453,453,http://localhost:3001/character,14,0,0
1745251874842,15,Update,200,OK,Thread Group 1-572,text,true,,276,227,453,453,http://localhost:3001/character/341,15,0,0
1745251874844,14,Create,201,Created,Thread Group 1-628,text,true,,281,224,453,453,http://localhost:3001/character,14,0,0
1745251874842,16,Create,201,Created,Thread Group 1-574,text,true,,281,224,453,453,http://localhost:3001/character,16,0,0
1745251874844,15,Create,201,Created,Thread Group 1-627,text,true,,281,224,453,453,http://localhost:3001/character,15,0,0
1745251874846,13,Create,201,Created,Thread Group 1-575,text,true,,281,224,453,453,http://localhost:3001/character,13,0,0
1745251874846,14,get by ID,200,OK,Thread Group 1-625,text,true,,276,161,453,453,http://localhost:3001/character/334,14,0,0
1745251872403,2458,Get characters,200,OK,Thread Group 1-633,text,false,"The operation lasted too long: It took 2,458 milliseconds, but should not have lasted longer than 30 milliseconds.",14497,158,453,453,http://localhost:3001/characters,2458,0,0
1745251874849,12,Create,201,Created,Thread Group 1-630,text,true,,281,224,453,453,http://localhost:3001/character,12,0,0
1745251874847,15,Update,200,OK,Thread Group 1-573,text,true,,276,227,453,453,http://localhost:3001/character/333,15,0,0
1745251874848,14,Create,201,Created,Thread Group 1-576,text,true,,281,224,453,453,http://localhost:3001/character,14,0,0
1745251874853,11,Create,201,Created,Thread Group 1-580,text,true,,281,224,453,453,http://localhost:3001/character,11,0,0
1745251874854,10,Create,201,Created,Thread Group 1-662,text,true,,281,224,453,453,http://localhost:3001/character,10,0,0
1745251874853,12,Create,201,Created,Thread Group 1-632,text,true,,281,224,453,453,http://localhost:3001/character,12,0,0
1745251874851,14,Create,201,Created,Thread Group 1-578,text,true,,281,224,453,453,http://localhost:3001/character,14,0,0
1745251874856,10,get by ID,200,OK,Thread Group 1-626,text,true,,276,161,453,453,http://localhost:3001/character/335,10,0,0
1745251874851,15,Create,201,Created,Thread Group 1-629,text,true,,281,224,453,453,http://localhost:3001/character,15,0,0
1745251874855,11,get by ID,200,OK,Thread Group 1-577,text,true,,276,161,453,453,http://localhost:3001/character/334,11,0,0
1745251874853,13,Create,201,Created,Thread Group 1-631,text,true,,281,224,453,453,http://localhost:3001/character,13,0,0
1745251872403,2464,Get characters,200,OK,Thread Group 1-634,text,false,"The operation lasted too long: It took 2,464 milliseconds, but should not have lasted longer than 30 milliseconds.",14749,158,453,453,http://localhost:3001/characters,2464,0,1
1745251872276,2591,Get characters,200,OK,Thread Group 1-579,text,false,"The operation lasted too long: It took 2,591 milliseconds, but should not have lasted longer than 30 milliseconds.",14749,158,453,453,http://localhost:3001/characters,2591,0,1
1745251872278,2589,Get characters,200,OK,Thread Group 1-581,text,false,"The operation lasted too long: It took 2,589 milliseconds, but should not have lasted longer than 30 milliseconds.",14749,158,453,453,http://localhost:3001/characters,2589,0,0
1745251872404,2463,Get characters,200,OK,Thread Group 1-635,text,false,"The operation lasted too long: It took 2,463 milliseconds, but should not have lasted longer than 30 milliseconds.",14749,158,453,453,http://localhost:3001/characters,2463,0,1
1745251872280,2589,Get characters,200,OK,Thread Group 1-582,text,false,"The operation lasted too long: It took 2,589 milliseconds, but should not have lasted longer than 30 milliseconds.",14749,158,453,453,http://localhost:3001/characters,2589,0,1
1745251874857,14,Delete,200,OK,Thread Group 1-572,text,true,,293,183,453,453,http://localhost:3001/character/341,14,0,0
1745251874867,9,Create,201,Created,Thread Group 1-581,text,true,,281,224,452,452,http://localhost:3001/character,9,0,0
1745251874861,15,get by ID,200,OK,Thread Group 1-630,text,true,,276,161,452,452,http://localhost:3001/character/341,15,0,0
1745251874862,15,Delete,200,OK,Thread Group 1-573,text,true,,293,183,452,452,http://localhost:3001/character/333,15,0,0
1745251874861,16,Create,201,Created,Thread Group 1-633,text,true,,281,224,451,451,http://localhost:3001/character,16,0,0
1745251874866,12,get by ID,200,OK,Thread Group 1-631,text,true,,276,161,451,451,http://localhost:3001/character/342,12,0,0
1745251874859,19,get by ID,200,OK,Thread Group 1-575,text,true,,276,161,451,451,http://localhost:3001/character/339,19,0,0
1745251874866,12,get by ID,200,OK,Thread Group 1-578,text,true,,276,161,451,451,http://localhost:3001/character/344,12,0,0
1745251874862,16,get by ID,200,OK,Thread Group 1-576,text,true,,276,161,451,451,http://localhost:3001/character/340,16,0,0
1745251874866,13,get by ID,200,OK,Thread Group 1-632,text,true,,276,161,451,451,http://localhost:3001/character/345,13,0,0
1745251874859,20,get by ID,200,OK,Thread Group 1-627,text,true,,276,161,451,451,http://localhost:3001/character/338,20,0,0
1745251874866,13,Update,200,OK,Thread Group 1-626,text,true,,276,227,451,451,http://localhost:3001/character/335,13,0,0
1745251874858,21,get by ID,200,OK,Thread Group 1-628,text,true,,276,161,451,451,http://localhost:3001/character/337,21,0,0
1745251874866,14,get by ID,200,OK,Thread Group 1-629,text,true,,276,161,451,451,http://localhost:3001/character/343,14,0,0
1745251874860,20,Update,200,OK,Thread Group 1-625,text,true,,276,227,451,451,http://localhost:3001/character/334,20,0,0
1745251874858,22,get by ID,200,OK,Thread Group 1-574,text,true,,276,161,451,451,http://localhost:3001/character/336,22,0,0
1745251874864,16,get by ID,200,OK,Thread Group 1-662,text,true,,276,161,451,451,http://localhost:3001/character/347,16,0,0
1745251872284,2599,Get characters,200,OK,Thread Group 1-583,text,false,"The operation lasted too long: It took 2,599 milliseconds, but should not have lasted longer than 30 milliseconds.",14917,158,451,451,http://localhost:3001/characters,2599,0,1
1745251874869,14,Create,201,Created,Thread Group 1-582,text,true,,281,224,451,451,http://localhost:3001/character,14,0,0
1745251872405,2479,Get characters,200,OK,Thread Group 1-636,text,false,"The operation lasted too long: It took 2,479 milliseconds, but should not have lasted longer than 30 milliseconds.",14875,158,451,451,http://localhost:3001/characters,2479,0,1
1745251874867,17,Create,201,Created,Thread Group 1-579,text,true,,281,224,451,451,http://localhost:3001/character,17,0,0
1745251874866,19,Update,200,OK,Thread Group 1-577,text,true,,276,227,451,451,http://localhost:3001/character/334,19,0,0
1745251874864,21,get by ID,200,OK,Thread Group 1-580,text,true,,276,161,451,451,http://localhost:3001/character/346,21,0,0
1745251874867,18,Create,201,Created,Thread Group 1-634,text,true,,281,224,451,451,http://localhost:3001/character,18,0,0
1745251874867,18,Create,201,Created,Thread Group 1-635,text,true,,281,224,451,451,http://localhost:3001/character,18,0,0
1745251872290,2597,Get characters,200,OK,Thread Group 1-586,text,false,"The operation lasted too long: It took 2,597 milliseconds, but should not have lasted longer than 30 milliseconds.",14917,158,451,451,http://localhost:3001/characters,2597,0,1
1745251872406,2481,Get characters,200,OK,Thread Group 1-651,text,false,"The operation lasted too long: It took 2,481 milliseconds, but should not have lasted longer than 30 milliseconds.",14917,158,451,451,http://localhost:3001/characters,2481,0,1
1745251872290,2598,Get characters,200,OK,Thread Group 1-587,text,false,"The operation lasted too long: It took 2,598 milliseconds, but should not have lasted longer than 30 milliseconds.",14917,158,451,451,http://localhost:3001/characters,2598,0,0
1745251872406,2482,Get characters,200,OK,Thread Group 1-650,text,false,"The operation lasted too long: It took 2,482 milliseconds, but should not have lasted longer than 30 milliseconds.",14917,158,451,451,http://localhost:3001/characters,2482,0,1
1745251872405,2484,Get characters,200,OK,Thread Group 1-637,text,false,"The operation lasted too long: It took 2,484 milliseconds, but should not have lasted longer than 30 milliseconds.",14917,158,451,451,http://localhost:3001/characters,2484,0,1
1745251872289,2600,Get characters,200,OK,Thread Group 1-585,text,false,"The operation lasted too long: It took 2,600 milliseconds, but should not have lasted longer than 30 milliseconds.",14917,158,451,451,http://localhost:3001/characters,2600,0,1
1745251872406,2483,Get characters,200,OK,Thread Group 1-638,text,false,"The operation lasted too long: It took 2,483 milliseconds, but should not have lasted longer than 30 milliseconds.",14917,158,451,451,http://localhost:3001/characters,2483,0,1
1745251874885,4,Update,200,OK,Thread Group 1-580,text,true,,276,227,451,451,http://localhost:3001/character/346,4,0,0
1745251872407,2482,Get characters,200,OK,Thread Group 1-648,text,false,"The operation lasted too long: It took 2,482 milliseconds, but should not have lasted longer than 30 milliseconds.",14917,158,451,451,http://localhost:3001/characters,2482,0,1
1745251872288,2601,Get characters,200,OK,Thread Group 1-584,text,false,"The operation lasted too long: It took 2,601 milliseconds, but should not have lasted longer than 30 milliseconds.",14917,158,451,451,http://localhost:3001/characters,2601,0,1
1745251872291,2599,Get characters,200,OK,Thread Group 1-588,text,false,"The operation lasted too long: It took 2,599 milliseconds, but should not have lasted longer than 30 milliseconds.",14917,158,451,451,http://localhost:3001/characters,2599,0,1
1745251874876,15,Update,200,OK,Thread Group 1-630,text,true,,276,227,451,451,http://localhost:3001/character/341,15,0,0
1745251874876,16,get by ID,200,OK,Thread Group 1-581,text,true,,276,161,451,451,http://localhost:3001/character/347,16,0,0
1745251874880,13,Update,200,OK,Thread Group 1-662,text,true,,276,227,451,451,http://localhost:3001/character/347,13,0,0
1745251874880,14,Update,200,OK,Thread Group 1-574,text,true,,276,227,451,451,http://localhost:3001/character/336,14,0,0
1745251874880,14,Update,200,OK,Thread Group 1-629,text,true,,276,227,451,451,http://localhost:3001/character/343,14,0,0
1745251874880,15,Delete,200,OK,Thread Group 1-625,text,true,,293,183,451,451,http://localhost:3001/character/334,15,0,0
1745251874879,17,Update,200,OK,Thread Group 1-628,text,true,,276,227,450,450,http://localhost:3001/character/337,17,0,0
1745251874886,10,get by ID,200,OK,Thread Group 1-635,text,true,,276,161,450,450,http://localhost:3001/character/350,10,0,0
1745251874879,18,Delete,200,OK,Thread Group 1-626,text,true,,293,183,450,450,http://localhost:3001/character/335,18,0,0
1745251874885,13,Delete,200,OK,Thread Group 1-577,text,true,,293,183,449,449,http://localhost:3001/character/334,13,0,0
1745251874879,19,Update,200,OK,Thread Group 1-627,text,true,,276,227,449,449,http://localhost:3001/character/338,19,0,0
1745251874884,15,get by ID,200,OK,Thread Group 1-579,text,true,,276,161,448,448,http://localhost:3001/character/349,15,0,0
1745251874879,20,Update,200,OK,Thread Group 1-576,text,true,,276,227,448,448,http://localhost:3001/character/340,20,0,0
1745251874879,20,Update,200,OK,Thread Group 1-632,text,true,,276,227,448,448,http://localhost:3001/character/345,20,0,0
1745251874885,15,get by ID,200,OK,Thread Group 1-634,text,true,,276,161,448,448,http://localhost:3001/character/348,15,0,0
1745251874884,17,Create,201,Created,Thread Group 1-636,text,true,,281,224,448,448,http://localhost:3001/character,17,0,0
1745251874878,23,Update,200,OK,Thread Group 1-578,text,true,,276,227,448,448,http://localhost:3001/character/344,23,0,0
1745251874878,23,Update,200,OK,Thread Group 1-575,text,true,,276,227,448,448,http://localhost:3001/character/339,23,0,0
1745251874883,18,get by ID,200,OK,Thread Group 1-582,text,true,,276,161,448,448,http://localhost:3001/character/351,18,0,0
1745251874878,24,Update,200,OK,Thread Group 1-631,text,true,,276,227,448,448,http://localhost:3001/character/342,24,0,0
1745251874877,25,get by ID,200,OK,Thread Group 1-633,text,true,,276,161,448,448,http://localhost:3001/character/347,25,0,0
1745251874883,19,Create,201,Created,Thread Group 1-583,text,true,,281,224,448,448,http://localhost:3001/character,19,0,0
1745251874889,14,Delete,200,OK,Thread Group 1-580,text,true,,293,183,448,448,http://localhost:3001/character/346,14,0,0
1745251872407,2496,Get characters,200,OK,Thread Group 1-646,text,false,"The operation lasted too long: It took 2,496 milliseconds, but should not have lasted longer than 30 milliseconds.",14875,158,448,448,http://localhost:3001/characters,2496,0,1
1745251874891,13,Delete,200,OK,Thread Group 1-630,text,true,,293,183,447,447,http://localhost:3001/character/341,13,0,0
1745251874892,12,Update,200,OK,Thread Group 1-581,text,true,,276,227,447,447,http://localhost:3001/character/347,12,0,0
1745251874893,12,Delete,200,OK,Thread Group 1-662,text,true,,293,183,446,446,http://localhost:3001/character/347,12,0,0
1745251874894,11,Delete,200,OK,Thread Group 1-574,text,true,,293,183,445,445,http://localhost:3001/character/336,11,0,0
1745251874894,12,Delete,200,OK,Thread Group 1-629,text,true,,293,183,444,444,http://localhost:3001/character/343,12,0,0
1745251874896,10,Delete,200,OK,Thread Group 1-628,text,true,,293,183,443,443,http://localhost:3001/character/337,10,0,0
1745251874897,10,Update,200,OK,Thread Group 1-635,text,true,,276,227,442,442,http://localhost:3001/character/350,10,0,0
1745251874898,9,Delete,200,OK,Thread Group 1-627,text,true,,293,183,442,442,http://localhost:3001/character/338,9,0,0
1745251874899,9,Update,200,OK,Thread Group 1-579,text,true,,276,227,441,441,http://localhost:3001/character/349,9,0,0
1745251874887,22,Create,201,Created,Thread Group 1-586,text,true,,281,224,441,441,http://localhost:3001/character,22,0,0
1745251874887,22,Create,201,Created,Thread Group 1-651,text,true,,281,224,441,441,http://localhost:3001/character,22,0,0
1745251874888,22,Create,201,Created,Thread Group 1-650,text,true,,281,224,441,441,http://localhost:3001/character,22,0,0
1745251874888,22,Create,201,Created,Thread Group 1-587,text,true,,281,224,441,441,http://localhost:3001/character,22,0,0
1745251874890,21,Create,201,Created,Thread Group 1-588,text,true,,281,224,441,441,http://localhost:3001/character,21,0,0
1745251874889,22,Create,201,Created,Thread Group 1-585,text,true,,281,224,441,441,http://localhost:3001/character,22,0,0
1745251874889,23,Create,201,Created,Thread Group 1-637,text,true,,281,224,441,441,http://localhost:3001/character,23,0,0
1745251874889,23,Create,201,Created,Thread Group 1-638,text,true,,281,224,441,441,http://localhost:3001/character,23,0,0
1745251874890,23,Create,201,Created,Thread Group 1-584,text,true,,281,224,441,441,http://localhost:3001/character,23,0,0
1745251874889,25,Create,201,Created,Thread Group 1-648,text,true,,281,224,441,441,http://localhost:3001/character,24,0,0
1745251872292,2622,Get characters,200,OK,Thread Group 1-589,text,false,"The operation lasted too long: It took 2,622 milliseconds, but should not have lasted longer than 30 milliseconds.",15001,158,441,441,http://localhost:3001/characters,2622,0,0
1745251874904,11,Delete,200,OK,Thread Group 1-581,text,true,,293,183,441,441,http://localhost:3001/character/347,11,0,0
1745251874907,8,Delete,200,OK,Thread Group 1-635,text,true,,293,183,440,440,http://localhost:3001/character/350,8,0,0
1745251874908,8,Delete,200,OK,Thread Group 1-579,text,true,,293,183,439,439,http://localhost:3001/character/349,8,0,0
1745251874909,7,get by ID,200,OK,Thread Group 1-586,text,true,,276,161,438,438,http://localhost:3001/character/344,7,0,0
1745251874909,8,get by ID,200,OK,Thread Group 1-651,text,true,,276,161,438,438,http://localhost:3001/character/345,8,0,0
1745251874910,7,get by ID,200,OK,Thread Group 1-650,text,true,,276,161,438,438,http://localhost:3001/character/346,7,0,0
1745251874910,7,get by ID,200,OK,Thread Group 1-587,text,true,,276,161,438,438,http://localhost:3001/character/347,7,0,0
1745251874911,6,get by ID,200,OK,Thread Group 1-588,text,true,,276,161,438,438,http://localhost:3001/character/348,6,0,0
1745251874912,6,get by ID,200,OK,Thread Group 1-585,text,true,,276,161,438,438,http://localhost:3001/character/349,6,0,0
1745251874912,6,get by ID,200,OK,Thread Group 1-637,text,true,,276,161,438,438,http://localhost:3001/character/350,6,0,0
1745251874913,5,get by ID,200,OK,Thread Group 1-638,text,true,,276,161,438,438,http://localhost:3001/character/351,5,0,0
1745251874913,5,get by ID,200,OK,Thread Group 1-584,text,true,,276,161,438,438,http://localhost:3001/character/352,5,0,0
1745251874914,5,get by ID,200,OK,Thread Group 1-648,text,true,,276,161,438,438,http://localhost:3001/character/353,5,0,0
1745251874901,18,get by ID,200,OK,Thread Group 1-636,text,true,,276,161,438,438,http://localhost:3001/character/349,18,0,0
1745251874900,19,Update,200,OK,Thread Group 1-634,text,true,,276,227,438,438,http://localhost:3001/character/348,19,0,0
1745251874900,20,Delete,200,OK,Thread Group 1-632,text,true,,293,183,438,438,http://localhost:3001/character/345,20,0,0
1745251874900,20,Delete,200,OK,Thread Group 1-576,text,true,,293,183,437,437,http://localhost:3001/character/340,20,0,0
1745251874901,19,Delete,200,OK,Thread Group 1-578,text,true,,293,183,436,436,http://localhost:3001/character/344,19,0,0
1745251874901,20,Delete,200,OK,Thread Group 1-575,text,true,,293,183,435,435,http://localhost:3001/character/339,20,0,0
1745251874902,19,get by ID,200,OK,Thread Group 1-583,text,true,,276,161,435,435,http://localhost:3001/character/350,19,0,0
1745251874902,20,Update,200,OK,Thread Group 1-582,text,true,,276,227,434,434,http://localhost:3001/character/351,20,0,0
1745251874902,20,Update,200,OK,Thread Group 1-633,text,true,,276,227,434,434,http://localhost:3001/character/347,20,0,0
1745251874902,20,Delete,200,OK,Thread Group 1-631,text,true,,293,183,434,434,http://localhost:3001/character/342,20,0,0
1745251874903,26,Create,201,Created,Thread Group 1-646,text,true,,281,224,433,433,http://localhost:3001/character,26,0,0
1745251872408,2522,Get characters,200,OK,Thread Group 1-647,text,false,"The operation lasted too long: It took 2,522 milliseconds, but should not have lasted longer than 30 milliseconds.",14707,158,433,433,http://localhost:3001/characters,2522,0,0
1745251874916,17,Update,200,OK,Thread Group 1-586,text,true,,276,227,433,433,http://localhost:3001/character/344,17,0,0
1745251874917,17,Update,200,OK,Thread Group 1-651,text,true,,276,227,433,433,http://localhost:3001/character/345,17,0,0
1745251874917,18,Update,200,OK,Thread Group 1-650,text,true,,276,227,433,433,http://localhost:3001/character/346,18,0,0
1745251874917,20,Update,200,OK,Thread Group 1-587,text,true,,276,227,433,433,http://localhost:3001/character/347,20,0,0
1745251874917,21,Update,200,OK,Thread Group 1-588,text,true,,276,227,433,433,http://localhost:3001/character/348,21,0,0
1745251874918,21,Update,200,OK,Thread Group 1-585,text,true,,276,227,433,433,http://localhost:3001/character/349,21,0,0
1745251874918,22,Update,200,OK,Thread Group 1-638,text,true,,276,227,433,433,http://localhost:3001/character/351,22,0,0
1745251874918,22,Update,200,OK,Thread Group 1-637,text,true,,276,227,433,433,http://localhost:3001/character/350,22,0,0
1745251874919,21,Update,200,OK,Thread Group 1-584,text,true,,276,227,433,433,http://localhost:3001/character/352,21,0,0
1745251874919,21,Update,200,OK,Thread Group 1-648,text,true,,276,227,433,433,http://localhost:3001/character/353,21,0,0
1745251874919,21,Update,200,OK,Thread Group 1-636,text,true,,276,227,433,433,http://localhost:3001/character/349,21,0,0
1745251874920,21,Delete,200,OK,Thread Group 1-634,text,true,,293,183,433,433,http://localhost:3001/character/348,21,0,0
1745251874921,20,Update,200,OK,Thread Group 1-583,text,true,,276,227,433,433,http://localhost:3001/character/350,20,0,0
1745251874922,19,Delete,200,OK,Thread Group 1-582,text,true,,293,183,433,433,http://localhost:3001/character/351,19,0,0
1745251874922,19,Delete,200,OK,Thread Group 1-633,text,true,,293,183,432,432,http://localhost:3001/character/347,19,0,0
1745251874930,11,get by ID,200,OK,Thread Group 1-646,text,true,,276,161,431,431,http://localhost:3001/character/346,11,0,0
1745251874930,11,Create,201,Created,Thread Group 1-647,text,true,,281,224,430,430,http://localhost:3001/character,11,0,0
1745251874914,27,Create,201,Created,Thread Group 1-589,text,true,,281,224,430,430,http://localhost:3001/character,27,0,0
1745251872292,2650,Get characters,200,OK,Thread Group 1-590,text,false,"The operation lasted too long: It took 2,650 milliseconds, but should not have lasted longer than 30 milliseconds.",14665,158,430,430,http://localhost:3001/characters,2650,0,1
1745251874933,11,Delete,200,OK,Thread Group 1-586,text,true,,293,183,430,430,http://localhost:3001/character/344,11,0,0
1745251874934,10,Delete,200,OK,Thread Group 1-651,text,true,,293,183,429,429,http://localhost:3001/character/345,10,0,0
1745251874935,10,Delete,200,OK,Thread Group 1-650,text,true,,293,183,428,428,http://localhost:3001/character/346,10,0,0
1745251874937,9,Delete,200,OK,Thread Group 1-587,text,true,,293,183,427,427,http://localhost:3001/character/347,9,0,0
1745251874938,8,Delete,200,OK,Thread Group 1-588,text,true,,293,183,426,426,http://localhost:3001/character/348,8,0,0
1745251874939,8,Delete,200,OK,Thread Group 1-585,text,true,,293,183,425,425,http://localhost:3001/character/349,8,0,0
1745251874940,7,Delete,200,OK,Thread Group 1-637,text,true,,293,183,424,424,http://localhost:3001/character/350,7,0,0
1745251874940,8,Delete,200,OK,Thread Group 1-638,text,true,,293,183,423,423,http://localhost:3001/character/351,8,0,0
1745251874940,9,Delete,200,OK,Thread Group 1-584,text,true,,293,183,422,422,http://localhost:3001/character/352,9,0,0
1745251874940,9,Delete,200,OK,Thread Group 1-648,text,true,,293,183,421,421,http://localhost:3001/character/353,9,0,0
1745251874940,10,Delete,200,OK,Thread Group 1-636,text,true,,293,183,420,420,http://localhost:3001/character/349,10,0,0
1745251874941,10,Delete,200,OK,Thread Group 1-583,text,true,,293,183,419,419,http://localhost:3001/character/350,10,0,0
1745251874941,11,Update,200,OK,Thread Group 1-646,text,true,,276,227,418,418,http://localhost:3001/character/346,11,0,0
1745251874941,11,get by ID,200,OK,Thread Group 1-647,text,true,,276,161,418,418,http://localhost:3001/character/344,11,0,0
1745251874941,12,get by ID,200,OK,Thread Group 1-589,text,true,,276,161,418,418,http://localhost:3001/character/345,12,0,0
1745251874942,11,Create,201,Created,Thread Group 1-590,text,true,,281,224,418,418,http://localhost:3001/character,11,0,0
1745251872408,2546,Get characters,200,OK,Thread Group 1-649,text,false,"The operation lasted too long: It took 2,546 milliseconds, but should not have lasted longer than 30 milliseconds.",14203,158,418,418,http://localhost:3001/characters,2546,0,0
1745251874952,3,Delete,200,OK,Thread Group 1-646,text,true,,293,183,418,418,http://localhost:3001/character/346,3,0,0
1745251874952,4,Update,200,OK,Thread Group 1-647,text,true,,276,227,417,417,http://localhost:3001/character/344,4,0,0
1745251874953,4,Update,200,OK,Thread Group 1-589,text,true,,276,227,417,417,http://localhost:3001/character/345,4,0,0
1745251874953,4,get by ID,200,OK,Thread Group 1-590,text,true,,276,161,417,417,http://localhost:3001/character/334,4,0,0
1745251872293,2665,Get characters,200,OK,Thread Group 1-591,text,false,"The operation lasted too long: It took 2,665 milliseconds, but should not have lasted longer than 30 milliseconds.",14161,158,417,417,http://localhost:3001/characters,2665,0,1
1745251874956,6,Delete,200,OK,Thread Group 1-647,text,true,,293,183,417,417,http://localhost:3001/character/344,6,0,0
1745251874957,6,Delete,200,OK,Thread Group 1-589,text,true,,293,183,416,416,http://localhost:3001/character/345,6,0,0
1745251874957,7,Update,200,OK,Thread Group 1-590,text,true,,276,227,415,415,http://localhost:3001/character/334,7,0,0
1745251874959,5,Create,201,Created,Thread Group 1-591,text,true,,281,224,415,415,http://localhost:3001/character,5,0,0
1745251874954,11,Create,201,Created,Thread Group 1-649,text,true,,281,224,415,415,http://localhost:3001/character,11,0,0
1745251872409,2557,Get characters,200,OK,Thread Group 1-645,text,false,"The operation lasted too long: It took 2,557 milliseconds, but should not have lasted longer than 30 milliseconds.",14161,158,415,415,http://localhost:3001/characters,2557,0,0
1745251874964,3,Delete,200,OK,Thread Group 1-590,text,true,,293,183,415,415,http://localhost:3001/character/334,3,0,0
1745251874965,2,get by ID,200,OK,Thread Group 1-591,text,true,,276,161,414,414,http://localhost:3001/character/332,2,0,0
1745251872308,2660,Get characters,200,OK,Thread Group 1-592,text,false,"The operation lasted too long: It took 2,660 milliseconds, but should not have lasted longer than 30 milliseconds.",14119,158,414,414,http://localhost:3001/characters,2660,0,0
1745251874967,2,Update,200,OK,Thread Group 1-591,text,true,,276,227,414,414,http://localhost:3001/character/332,2,0,0
1745251874965,5,get by ID,200,OK,Thread Group 1-649,text,true,,276,161,414,414,http://localhost:3001/character/333,5,0,0
1745251874966,4,Create,201,Created,Thread Group 1-645,text,true,,281,224,414,414,http://localhost:3001/character,4,0,0
1745251872409,2562,Get characters,200,OK,Thread Group 1-644,text,false,"The operation lasted too long: It took 2,562 milliseconds, but should not have lasted longer than 30 milliseconds.",14161,158,414,414,http://localhost:3001/characters,2562,0,0
1745251874969,2,Delete,200,OK,Thread Group 1-591,text,true,,293,183,414,414,http://localhost:3001/character/332,2,0,0
1745251874970,2,Update,200,OK,Thread Group 1-649,text,true,,276,227,413,413,http://localhost:3001/character/333,2,0,0
1745251874968,4,Create,201,Created,Thread Group 1-592,text,true,,281,224,413,413,http://localhost:3001/character,4,0,0
1745251872308,2665,Get characters,200,OK,Thread Group 1-593,text,false,"The operation lasted too long: It took 2,665 milliseconds, but should not have lasted longer than 30 milliseconds.",14161,158,413,413,http://localhost:3001/characters,2665,0,1
1745251874972,1,Delete,200,OK,Thread Group 1-649,text,true,,293,183,413,413,http://localhost:3001/character/333,1,0,0
1745251874970,3,get by ID,200,OK,Thread Group 1-645,text,true,,276,161,412,412,http://localhost:3001/character/333,3,0,0
1745251874971,3,Create,201,Created,Thread Group 1-644,text,true,,281,224,412,412,http://localhost:3001/character,3,0,0
1745251872409,2566,Get characters,200,OK,Thread Group 1-643,text,false,"The operation lasted too long: It took 2,566 milliseconds, but should not have lasted longer than 30 milliseconds.",14161,158,412,412,http://localhost:3001/characters,2566,0,1
1745251874974,1,Update,200,OK,Thread Group 1-645,text,true,,276,227,412,412,http://localhost:3001/character/333,1,0,0
1745251874972,4,get by ID,200,OK,Thread Group 1-592,text,true,,276,161,412,412,http://localhost:3001/character/333,4,0,0
1745251874973,3,Create,201,Created,Thread Group 1-593,text,true,,281,224,412,412,http://localhost:3001/character,3,0,0
1745251872309,2668,Get characters,200,OK,Thread Group 1-595,text,false,"The operation lasted too long: It took 2,668 milliseconds, but should not have lasted longer than 30 milliseconds.",14203,158,412,412,http://localhost:3001/characters,2668,0,1
1745251874975,3,Delete,200,OK,Thread Group 1-645,text,true,,293,183,412,412,http://localhost:3001/character/333,3,0,0
1745251874976,3,Update,200,OK,Thread Group 1-592,text,true,,276,227,411,411,http://localhost:3001/character/333,3,0,0
1745251874976,4,get by ID,200,OK,Thread Group 1-593,text,true,,276,161,411,411,http://localhost:3001/character/334,4,0,0
1745251874974,6,get by ID,200,OK,Thread Group 1-644,text,true,,276,161,411,411,http://localhost:3001/character/333,6,0,0
1745251874975,6,Create,201,Created,Thread Group 1-643,text,true,,281,224,411,411,http://localhost:3001/character,6,0,0
1745251872410,2572,Get characters,200,OK,Thread Group 1-642,text,false,"The operation lasted too long: It took 2,572 milliseconds, but should not have lasted longer than 30 milliseconds.",14203,158,411,411,http://localhost:3001/characters,2572,0,0
1745251874979,4,Delete,200,OK,Thread Group 1-592,text,true,,293,183,411,411,http://localhost:3001/character/333,4,0,0
1745251874980,3,Update,200,OK,Thread Group 1-593,text,true,,276,227,410,410,http://localhost:3001/character/334,3,0,0
1745251874980,4,Update,200,OK,Thread Group 1-644,text,true,,276,227,410,410,http://localhost:3001/character/333,4,0,0
1745251874977,8,Create,201,Created,Thread Group 1-595,text,true,,281,224,410,410,http://localhost:3001/character,8,0,0
1745251872311,2676,Get characters,200,OK,Thread Group 1-594,text,false,"The operation lasted too long: It took 2,676 milliseconds, but should not have lasted longer than 30 milliseconds.",14203,158,410,410,http://localhost:3001/characters,2676,0,1
1745251874984,4,Delete,200,OK,Thread Group 1-593,text,true,,293,183,410,410,http://localhost:3001/character/334,4,0,0
1745251874981,8,get by ID,200,OK,Thread Group 1-643,text,true,,276,161,409,409,http://localhost:3001/character/334,8,0,0
1745251874982,9,Create,201,Created,Thread Group 1-642,text,true,,281,224,409,409,http://localhost:3001/character,9,0,0
1745251872410,2582,Get characters,200,OK,Thread Group 1-641,text,false,"The operation lasted too long: It took 2,582 milliseconds, but should not have lasted longer than 30 milliseconds.",14203,158,409,409,http://localhost:3001/characters,2581,0,1
1745251874989,4,Update,200,OK,Thread Group 1-643,text,true,,276,227,409,409,http://localhost:3001/character/334,4,0,0
1745251874985,9,Delete,200,OK,Thread Group 1-644,text,true,,293,183,409,409,http://localhost:3001/character/333,9,0,0
1745251874991,3,get by ID,200,OK,Thread Group 1-642,text,true,,276,161,409,409,http://localhost:3001/character/334,3,0,0
1745251874986,9,get by ID,200,OK,Thread Group 1-595,text,true,,276,161,408,408,http://localhost:3001/character/334,9,0,0
1745251874987,8,Create,201,Created,Thread Group 1-594,text,true,,281,224,408,408,http://localhost:3001/character,8,0,0
1745251874993,3,Delete,200,OK,Thread Group 1-643,text,true,,293,183,408,408,http://localhost:3001/character/334,3,0,0
1745251872314,2682,Get characters,200,OK,Thread Group 1-597,text,false,"The operation lasted too long: It took 2,682 milliseconds, but should not have lasted longer than 30 milliseconds.",14203,158,408,408,http://localhost:3001/characters,2682,0,1
1745251874992,5,Create,201,Created,Thread Group 1-641,text,true,,281,224,407,407,http://localhost:3001/character,5,0,0
1745251872412,2586,Get characters,200,OK,Thread Group 1-640,text,false,"The operation lasted too long: It took 2,586 milliseconds, but should not have lasted longer than 30 milliseconds.",14203,158,407,407,http://localhost:3001/characters,2586,0,1
1745251874994,5,Update,200,OK,Thread Group 1-642,text,true,,276,227,407,407,http://localhost:3001/character/334,5,0,0
1745251874996,3,Create,201,Created,Thread Group 1-597,text,true,,281,224,407,407,http://localhost:3001/character,3,0,0
1745251874995,5,get by ID,200,OK,Thread Group 1-594,text,true,,276,161,407,407,http://localhost:3001/character/334,5,0,0
1745251874995,5,Update,200,OK,Thread Group 1-595,text,true,,276,227,407,407,http://localhost:3001/character/334,5,0,0
1745251872316,2685,Get characters,200,OK,Thread Group 1-596,text,false,"The operation lasted too long: It took 2,685 milliseconds, but should not have lasted longer than 30 milliseconds.",14245,158,407,407,http://localhost:3001/characters,2685,0,0
1745251874999,3,Delete,200,OK,Thread Group 1-642,text,true,,293,183,407,407,http://localhost:3001/character/334,3,0,0
1745251874999,4,get by ID,200,OK,Thread Group 1-597,text,true,,276,161,406,406,http://localhost:3001/character/335,4,0,0
1745251875000,3,Update,200,OK,Thread Group 1-594,text,true,,276,227,406,406,http://localhost:3001/character/334,3,0,0
1745251874997,7,get by ID,200,OK,Thread Group 1-641,text,true,,276,161,406,406,http://localhost:3001/character/334,7,0,0
1745251874998,7,Create,201,Created,Thread Group 1-640,text,true,,281,224,406,406,http://localhost:3001/character,6,0,0
1745251872411,2594,Get characters,200,OK,Thread Group 1-639,text,false,"The operation lasted too long: It took 2,594 milliseconds, but should not have lasted longer than 30 milliseconds.",14245,158,406,406,http://localhost:3001/characters,2594,0,2
1745251875003,3,Update,200,OK,Thread Group 1-597,text,true,,276,227,406,406,http://localhost:3001/character/335,3,0,0
1745251875003,4,Delete,200,OK,Thread Group 1-594,text,true,,293,183,406,406,http://localhost:3001/character/334,4,0,0
1745251875004,3,Update,200,OK,Thread Group 1-641,text,true,,276,227,405,405,http://localhost:3001/character/334,3,0,0
1745251875000,8,Delete,200,OK,Thread Group 1-595,text,true,,293,183,405,405,http://localhost:3001/character/334,8,0,0
1745251875001,8,Create,201,Created,Thread Group 1-596,text,true,,281,224,404,404,http://localhost:3001/character,8,0,0
1745251872317,2692,Get characters,200,OK,Thread Group 1-598,text,false,"The operation lasted too long: It took 2,692 milliseconds, but should not have lasted longer than 30 milliseconds.",14203,158,404,404,http://localhost:3001/characters,2692,0,2
1745251875006,4,Delete,200,OK,Thread Group 1-597,text,true,,293,183,404,404,http://localhost:3001/character/335,4,0,0
1745251875007,4,Delete,200,OK,Thread Group 1-641,text,true,,293,183,403,403,http://localhost:3001/character/334,4,0,0
1745251875005,6,get by ID,200,OK,Thread Group 1-640,text,true,,276,161,402,402,http://localhost:3001/character/335,6,0,0
1745251875005,7,Create,201,Created,Thread Group 1-639,text,true,,281,224,402,402,http://localhost:3001/character,7,0,0
1745251872414,2599,Get characters,200,OK,Thread Group 1-661,text,false,"The operation lasted too long: It took 2,599 milliseconds, but should not have lasted longer than 30 milliseconds.",14161,158,402,402,http://localhost:3001/characters,2599,0,0
1745251875012,1,Update,200,OK,Thread Group 1-640,text,true,,276,227,402,402,http://localhost:3001/character/335,1,0,0
1745251875009,5,get by ID,200,OK,Thread Group 1-596,text,true,,276,161,402,402,http://localhost:3001/character/334,5,0,0
1745251875010,4,Create,201,Created,Thread Group 1-598,text,true,,281,224,402,402,http://localhost:3001/character,4,0,0
1745251872327,2688,Get characters,200,OK,Thread Group 1-599,text,false,"The operation lasted too long: It took 2,688 milliseconds, but should not have lasted longer than 30 milliseconds.",14203,158,402,402,http://localhost:3001/characters,2688,0,1
1745251875014,2,Delete,200,OK,Thread Group 1-640,text,true,,293,183,402,402,http://localhost:3001/character/335,2,0,0
1745251875014,2,Update,200,OK,Thread Group 1-596,text,true,,276,227,402,402,http://localhost:3001/character/334,2,0,0
1745251875013,3,Create,201,Created,Thread Group 1-661,text,true,,281,224,401,401,http://localhost:3001/character,3,0,0
1745251875012,5,get by ID,200,OK,Thread Group 1-639,text,true,,276,161,401,401,http://localhost:3001/character/333,5,0,0
1745251872414,2603,Get characters,200,OK,Thread Group 1-664,text,false,"The operation lasted too long: It took 2,603 milliseconds, but should not have lasted longer than 30 milliseconds.",14203,158,401,401,http://localhost:3001/characters,2603,0,0
1745251875016,2,Delete,200,OK,Thread Group 1-596,text,true,,293,183,401,401,http://localhost:3001/character/334,2,0,0
1745251875015,3,get by ID,200,OK,Thread Group 1-598,text,true,,276,161,400,400,http://localhost:3001/character/334,3,0,0
1745251875015,3,Create,201,Created,Thread Group 1-599,text,true,,281,224,400,400,http://localhost:3001/character,3,0,0
1745251872414,2605,Get characters,200,OK,Thread Group 1-663,text,false,"The operation lasted too long: It took 2,605 milliseconds, but should not have lasted longer than 30 milliseconds.",14203,158,400,400,http://localhost:3001/characters,2605,0,0
1745251875018,2,Update,200,OK,Thread Group 1-598,text,true,,276,227,400,400,http://localhost:3001/character/334,2,0,0
1745251875017,3,Update,200,OK,Thread Group 1-639,text,true,,276,227,400,400,http://localhost:3001/character/333,3,0,0
1745251875017,3,get by ID,200,OK,Thread Group 1-661,text,true,,276,161,400,400,http://localhost:3001/character/334,3,0,0
1745251875017,4,Create,201,Created,Thread Group 1-664,text,true,,281,224,400,400,http://localhost:3001/character,4,0,0
1745251872414,2607,Get characters,200,OK,Thread Group 1-665,text,false,"The operation lasted too long: It took 2,607 milliseconds, but should not have lasted longer than 30 milliseconds.",14245,158,400,400,http://localhost:3001/characters,2607,0,1
1745251875020,2,Delete,200,OK,Thread Group 1-598,text,true,,293,183,400,400,http://localhost:3001/character/334,2,0,0
1745251875020,2,Update,200,OK,Thread Group 1-661,text,true,,276,227,399,399,http://localhost:3001/character/334,2,0,0
1745251875018,5,get by ID,200,OK,Thread Group 1-599,text,true,,276,161,399,399,http://localhost:3001/character/334,5,0,0
1745251875019,4,Create,201,Created,Thread Group 1-663,text,true,,281,224,399,399,http://localhost:3001/character,4,0,0
1745251872414,2610,Get characters,200,OK,Thread Group 1-660,text,false,"The operation lasted too long: It took 2,610 milliseconds, but should not have lasted longer than 30 milliseconds.",14245,158,399,399,http://localhost:3001/characters,2610,0,1
1745251875022,2,Delete,200,OK,Thread Group 1-661,text,true,,293,183,399,399,http://localhost:3001/character/334,2,0,0
1745251875020,5,Delete,200,OK,Thread Group 1-639,text,true,,293,183,398,398,http://localhost:3001/character/333,5,0,0
1745251875021,4,Create,201,Created,Thread Group 1-665,text,true,,281,224,397,397,http://localhost:3001/character,4,0,0
1745251875021,4,get by ID,200,OK,Thread Group 1-664,text,true,,276,161,397,397,http://localhost:3001/character/335,4,0,0
1745251872414,2612,Get characters,200,OK,Thread Group 1-667,text,false,"The operation lasted too long: It took 2,612 milliseconds, but should not have lasted longer than 30 milliseconds.",14203,158,397,397,http://localhost:3001/characters,2612,0,1
1745251875025,2,get by ID,200,OK,Thread Group 1-665,text,true,,276,161,397,397,http://localhost:3001/character/334,2,0,0
1745251875026,2,Update,200,OK,Thread Group 1-664,text,true,,276,227,397,397,http://localhost:3001/character/335,2,0,0
1745251875023,5,get by ID,200,OK,Thread Group 1-663,text,true,,276,161,397,397,http://localhost:3001/character/335,5,0,0
1745251875023,6,Update,200,OK,Thread Group 1-599,text,true,,276,227,397,397,http://localhost:3001/character/334,6,0,0
1745251875024,5,Create,201,Created,Thread Group 1-660,text,true,,281,224,397,397,http://localhost:3001/character,5,0,0
1745251872415,2615,Get characters,200,OK,Thread Group 1-658,text,false,"The operation lasted too long: It took 2,615 milliseconds, but should not have lasted longer than 30 milliseconds.",14245,158,397,397,http://localhost:3001/characters,2615,0,1
1745251875027,4,Update,200,OK,Thread Group 1-665,text,true,,276,227,397,397,http://localhost:3001/character/334,4,0,0
1745251875028,4,Delete,200,OK,Thread Group 1-664,text,true,,293,183,397,397,http://localhost:3001/character/335,4,0,0
1745251875028,5,Update,200,OK,Thread Group 1-663,text,true,,276,227,396,396,http://localhost:3001/character/335,5,0,0
1745251875029,4,Delete,200,OK,Thread Group 1-599,text,true,,293,183,396,396,http://localhost:3001/character/334,4,0,0
1745251875029,5,get by ID,200,OK,Thread Group 1-660,text,true,,276,161,395,395,http://localhost:3001/character/335,5,0,0
1745251875026,8,Create,201,Created,Thread Group 1-667,text,true,,281,224,395,395,http://localhost:3001/character,8,0,0
1745251872415,2620,Get characters,200,OK,Thread Group 1-657,text,false,"The operation lasted too long: It took 2,620 milliseconds, but should not have lasted longer than 30 milliseconds.",14203,158,395,395,http://localhost:3001/characters,2620,0,1
1745251875032,3,Delete,200,OK,Thread Group 1-665,text,true,,293,183,395,395,http://localhost:3001/character/334,3,0,0
1745251875033,3,Delete,200,OK,Thread Group 1-663,text,true,,293,183,394,394,http://localhost:3001/character/335,3,0,0
1745251875034,2,Update,200,OK,Thread Group 1-660,text,true,,276,227,393,393,http://localhost:3001/character/335,2,0,0
1745251875030,7,Create,201,Created,Thread Group 1-658,text,true,,281,224,393,393,http://localhost:3001/character,7,0,0
1745251872415,2622,Get characters,200,OK,Thread Group 1-659,text,false,"The operation lasted too long: It took 2,622 milliseconds, but should not have lasted longer than 30 milliseconds.",14161,158,393,393,http://localhost:3001/characters,2622,0,1
1745251875036,2,Delete,200,OK,Thread Group 1-660,text,true,,293,183,393,393,http://localhost:3001/character/335,2,0,0
1745251875037,1,get by ID,200,OK,Thread Group 1-658,text,true,,276,161,393,393,http://localhost:3001/character/333,1,0,0
1745251875035,4,get by ID,200,OK,Thread Group 1-667,text,true,,276,161,392,392,http://localhost:3001/character/334,4,0,0
1745251875035,4,Create,201,Created,Thread Group 1-657,text,true,,281,224,392,392,http://localhost:3001/character,4,0,0
1745251872415,2625,Get characters,200,OK,Thread Group 1-656,text,false,"The operation lasted too long: It took 2,625 milliseconds, but should not have lasted longer than 30 milliseconds.",14161,158,392,392,http://localhost:3001/characters,2625,0,1
1745251875038,2,Update,200,OK,Thread Group 1-658,text,true,,276,227,392,392,http://localhost:3001/character/333,2,0,0
1745251875039,2,Update,200,OK,Thread Group 1-667,text,true,,276,227,392,392,http://localhost:3001/character/334,2,0,0
1745251875038,3,Create,201,Created,Thread Group 1-659,text,true,,281,224,392,392,http://localhost:3001/character,3,0,0
1745251872416,2626,Get characters,200,OK,Thread Group 1-652,text,false,"The operation lasted too long: It took 2,626 milliseconds, but should not have lasted longer than 30 milliseconds.",14203,158,392,392,http://localhost:3001/characters,2626,0,1
1745251875041,1,Delete,200,OK,Thread Group 1-658,text,true,,293,183,392,392,http://localhost:3001/character/333,1,0,0
1745251875041,2,Delete,200,OK,Thread Group 1-667,text,true,,293,183,391,391,http://localhost:3001/character/334,2,0,0
1745251875039,4,get by ID,200,OK,Thread Group 1-657,text,true,,276,161,391,391,http://localhost:3001/character/333,4,0,0
1745251875040,4,Create,201,Created,Thread Group 1-656,text,true,,281,224,390,390,http://localhost:3001/character,4,0,0
1745251872417,2627,Get characters,200,OK,Thread Group 1-672,text,false,"The operation lasted too long: It took 2,627 milliseconds, but should not have lasted longer than 30 milliseconds.",14161,158,390,390,http://localhost:3001/characters,2627,0,0
1745251875043,2,Update,200,OK,Thread Group 1-657,text,true,,276,227,390,390,http://localhost:3001/character/333,2,0,0
1745251875041,4,get by ID,200,OK,Thread Group 1-659,text,true,,276,161,390,390,http://localhost:3001/character/334,4,0,0
1745251875042,3,Create,201,Created,Thread Group 1-652,text,true,,281,224,390,390,http://localhost:3001/character,3,0,0
1745251872417,2629,Get characters,200,OK,Thread Group 1-653,text,false,"The operation lasted too long: It took 2,629 milliseconds, but should not have lasted longer than 30 milliseconds.",14203,158,390,390,http://localhost:3001/characters,2629,0,0
1745251875045,2,Delete,200,OK,Thread Group 1-657,text,true,,293,183,390,390,http://localhost:3001/character/333,2,0,0
1745251875045,2,Update,200,OK,Thread Group 1-659,text,true,,276,227,389,389,http://localhost:3001/character/334,2,0,0
1745251875044,4,get by ID,200,OK,Thread Group 1-656,text,true,,276,161,389,389,http://localhost:3001/character/333,4,0,0
1745251875044,4,Create,201,Created,Thread Group 1-672,text,true,,281,224,389,389,http://localhost:3001/character,4,0,0
1745251872417,2632,Get characters,200,OK,Thread Group 1-655,text,false,"The operation lasted too long: It took 2,632 milliseconds, but should not have lasted longer than 30 milliseconds.",14203,158,389,389,http://localhost:3001/characters,2632,0,1
1745251875047,3,Delete,200,OK,Thread Group 1-659,text,true,,293,183,389,389,http://localhost:3001/character/334,3,0,0
1745251875048,2,Update,200,OK,Thread Group 1-656,text,true,,276,227,388,388,http://localhost:3001/character/333,2,0,0
1745251875046,5,get by ID,200,OK,Thread Group 1-652,text,true,,276,161,388,388,http://localhost:3001/character/334,5,0,0
1745251875046,5,Create,201,Created,Thread Group 1-653,text,true,,281,224,388,388,http://localhost:3001/character,5,0,0
1745251872418,2634,Get characters,200,OK,Thread Group 1-670,text,false,"The operation lasted too long: It took 2,634 milliseconds, but should not have lasted longer than 30 milliseconds.",14203,158,388,388,http://localhost:3001/characters,2634,0,1
1745251875050,4,Delete,200,OK,Thread Group 1-656,text,true,,293,183,388,388,http://localhost:3001/character/333,4,0,0
1745251875051,3,Update,200,OK,Thread Group 1-652,text,true,,276,227,387,387,http://localhost:3001/character/334,3,0,0
1745251875052,10,get by ID,200,OK,Thread Group 1-653,text,true,,276,161,387,387,http://localhost:3001/character/334,10,0,0
1745251875048,15,get by ID,200,OK,Thread Group 1-672,text,true,,276,161,387,387,http://localhost:3001/character/334,15,0,0
1745251875052,10,Create,201,Created,Thread Group 1-670,text,true,,281,224,387,387,http://localhost:3001/character,10,0,0
1745251875049,14,Create,201,Created,Thread Group 1-655,text,true,,281,224,387,387,http://localhost:3001/character,14,0,0
1745251872419,2644,Get characters,200,OK,Thread Group 1-668,text,false,"The operation lasted too long: It took 2,644 milliseconds, but should not have lasted longer than 30 milliseconds.",14245,158,387,387,http://localhost:3001/characters,2644,0,0
1745251875055,9,Delete,200,OK,Thread Group 1-652,text,true,,293,183,387,387,http://localhost:3001/character/334,9,0,0
1745251872419,2646,Get characters,200,OK,Thread Group 1-669,text,false,"The operation lasted too long: It took 2,646 milliseconds, but should not have lasted longer than 30 milliseconds.",14203,158,386,386,http://localhost:3001/characters,2646,0,0
1745251872420,2651,Get characters,200,OK,Thread Group 1-671,text,false,"The operation lasted too long: It took 2,651 milliseconds, but should not have lasted longer than 30 milliseconds.",14203,158,386,386,http://localhost:3001/characters,2651,0,0
1745251872420,2651,Get characters,200,OK,Thread Group 1-666,text,false,"The operation lasted too long: It took 2,651 milliseconds, but should not have lasted longer than 30 milliseconds.",14203,158,386,386,http://localhost:3001/characters,2651,0,1
1745251872421,2650,Get characters,200,OK,Thread Group 1-654,text,false,"The operation lasted too long: It took 2,650 milliseconds, but should not have lasted longer than 30 milliseconds.",14203,158,386,386,http://localhost:3001/characters,2650,0,1
1745251872422,2649,Get characters,200,OK,Thread Group 1-674,text,false,"The operation lasted too long: It took 2,649 milliseconds, but should not have lasted longer than 30 milliseconds.",14203,158,386,386,http://localhost:3001/characters,2649,0,1
1745251872422,2650,Get characters,200,OK,Thread Group 1-673,text,false,"The operation lasted too long: It took 2,650 milliseconds, but should not have lasted longer than 30 milliseconds.",14203,158,386,386,http://localhost:3001/characters,2649,0,1
1745251872424,2648,Get characters,200,OK,Thread Group 1-676,text,false,"The operation lasted too long: It took 2,648 milliseconds, but should not have lasted longer than 30 milliseconds.",14203,158,386,386,http://localhost:3001/characters,2648,0,5
1745251872429,2643,Get characters,200,OK,Thread Group 1-675,text,false,"The operation lasted too long: It took 2,643 milliseconds, but should not have lasted longer than 30 milliseconds.",14203,158,386,386,http://localhost:3001/characters,2643,0,1
1745251872441,2631,Get characters,200,OK,Thread Group 1-677,text,false,"The operation lasted too long: It took 2,631 milliseconds, but should not have lasted longer than 30 milliseconds.",14203,158,386,386,http://localhost:3001/characters,2631,0,1
1745251872444,2629,Get characters,200,OK,Thread Group 1-679,text,false,"The operation lasted too long: It took 2,629 milliseconds, but should not have lasted longer than 30 milliseconds.",14203,158,386,386,http://localhost:3001/characters,2629,0,0
1745251872443,2630,Get characters,200,OK,Thread Group 1-678,text,false,"The operation lasted too long: It took 2,630 milliseconds, but should not have lasted longer than 30 milliseconds.",14203,158,386,386,http://localhost:3001/characters,2630,0,2
1745251872454,2619,Get characters,200,OK,Thread Group 1-682,text,false,"The operation lasted too long: It took 2,619 milliseconds, but should not have lasted longer than 30 milliseconds.",14203,158,386,386,http://localhost:3001/characters,2619,0,1
1745251872455,2618,Get characters,200,OK,Thread Group 1-681,text,false,"The operation lasted too long: It took 2,618 milliseconds, but should not have lasted longer than 30 milliseconds.",14203,158,386,386,http://localhost:3001/characters,2618,0,1
1745251872467,2606,Get characters,200,OK,Thread Group 1-680,text,false,"The operation lasted too long: It took 2,606 milliseconds, but should not have lasted longer than 30 milliseconds.",14203,158,386,386,http://localhost:3001/characters,2606,0,3
1745251872475,2599,Get characters,200,OK,Thread Group 1-683,text,false,"The operation lasted too long: It took 2,599 milliseconds, but should not have lasted longer than 30 milliseconds.",14203,158,386,386,http://localhost:3001/characters,2599,0,1
1745251872489,2585,Get characters,200,OK,Thread Group 1-684,text,false,"The operation lasted too long: It took 2,585 milliseconds, but should not have lasted longer than 30 milliseconds.",14203,158,386,386,http://localhost:3001/characters,2585,0,0
1745251872489,2596,Get characters,200,OK,Thread Group 1-685,text,false,"The operation lasted too long: It took 2,596 milliseconds, but should not have lasted longer than 30 milliseconds.",14203,158,386,386,http://localhost:3001/characters,2596,0,1
1745251875073,12,Create,201,Created,Thread Group 1-679,text,true,,281,224,386,386,http://localhost:3001/character,12,0,0
1745251875072,14,Create,201,Created,Thread Group 1-673,text,true,,281,224,386,386,http://localhost:3001/character,14,0,0
1745251875071,15,Create,201,Created,Thread Group 1-654,text,true,,281,224,386,386,http://localhost:3001/character,15,0,0
1745251875072,14,Create,201,Created,Thread Group 1-676,text,true,,281,224,386,386,http://localhost:3001/character,14,0,0
1745251875072,14,Create,201,Created,Thread Group 1-674,text,true,,281,224,386,386,http://localhost:3001/character,14,0,0
1745251875071,15,Create,201,Created,Thread Group 1-671,text,true,,281,224,386,386,http://localhost:3001/character,15,0,0
1745251875071,15,Create,201,Created,Thread Group 1-666,text,true,,281,224,386,386,http://localhost:3001/character,15,0,0
1745251875065,21,Create,201,Created,Thread Group 1-669,text,true,,281,224,386,386,http://localhost:3001/character,21,0,0
1745251875063,24,get by ID,200,OK,Thread Group 1-670,text,true,,276,161,386,386,http://localhost:3001/character/334,24,0,0
1745251875063,24,Create,201,Created,Thread Group 1-668,text,true,,281,224,386,386,http://localhost:3001/character,24,0,0
1745251875063,24,get by ID,200,OK,Thread Group 1-655,text,true,,276,161,386,386,http://localhost:3001/character/335,24,0,0
1745251875063,24,Update,200,OK,Thread Group 1-653,text,true,,276,227,386,386,http://localhost:3001/character/334,24,0,0
1745251872496,2606,Get characters,200,OK,Thread Group 1-690,text,false,"The operation lasted too long: It took 2,606 milliseconds, but should not have lasted longer than 30 milliseconds.",14917,158,386,386,http://localhost:3001/characters,2606,0,1
1745251872495,2608,Get characters,200,OK,Thread Group 1-691,text,false,"The operation lasted too long: It took 2,608 milliseconds, but should not have lasted longer than 30 milliseconds.",14917,158,386,386,http://localhost:3001/characters,2608,0,0
1745251872493,2634,Get characters,200,OK,Thread Group 1-689,text,false,"The operation lasted too long: It took 2,634 milliseconds, but should not have lasted longer than 30 milliseconds.",14917,158,386,386,http://localhost:3001/characters,2634,0,1
1745251872498,2629,Get characters,200,OK,Thread Group 1-693,text,false,"The operation lasted too long: It took 2,629 milliseconds, but should not have lasted longer than 30 milliseconds.",14917,158,386,386,http://localhost:3001/characters,2629,0,1
1745251872492,2635,Get characters,200,OK,Thread Group 1-688,text,false,"The operation lasted too long: It took 2,635 milliseconds, but should not have lasted longer than 30 milliseconds.",14917,158,386,386,http://localhost:3001/characters,2635,0,0
1745251872490,2637,Get characters,200,OK,Thread Group 1-686,text,false,"The operation lasted too long: It took 2,637 milliseconds, but should not have lasted longer than 30 milliseconds.",14917,158,386,386,http://localhost:3001/characters,2637,0,1
1745251872490,2638,Get characters,200,OK,Thread Group 1-687,text,false,"The operation lasted too long: It took 2,638 milliseconds, but should not have lasted longer than 30 milliseconds.",14917,158,386,386,http://localhost:3001/characters,2638,0,1
1745251875074,55,Create,201,Created,Thread Group 1-684,text,false,"The operation lasted too long: It took 55 milliseconds, but should not have lasted longer than 30 milliseconds.",281,224,386,386,http://localhost:3001/character,55,0,0
1745251875074,55,Create,201,Created,Thread Group 1-683,text,false,"The operation lasted too long: It took 55 milliseconds, but should not have lasted longer than 30 milliseconds.",281,224,386,386,http://localhost:3001/character,55,0,0
1745251875073,56,Create,201,Created,Thread Group 1-678,text,false,"The operation lasted too long: It took 56 milliseconds, but should not have lasted longer than 30 milliseconds.",281,224,386,386,http://localhost:3001/character,56,0,0
1745251875073,56,Create,201,Created,Thread Group 1-681,text,false,"The operation lasted too long: It took 56 milliseconds, but should not have lasted longer than 30 milliseconds.",281,224,386,386,http://localhost:3001/character,56,0,0
1745251875073,56,Create,201,Created,Thread Group 1-682,text,false,"The operation lasted too long: It took 56 milliseconds, but should not have lasted longer than 30 milliseconds.",281,224,386,386,http://localhost:3001/character,56,0,0
1745251875073,57,Create,201,Created,Thread Group 1-680,text,false,"The operation lasted too long: It took 57 milliseconds, but should not have lasted longer than 30 milliseconds.",281,224,386,386,http://localhost:3001/character,57,0,0
1745251875072,58,Create,201,Created,Thread Group 1-675,text,false,"The operation lasted too long: It took 58 milliseconds, but should not have lasted longer than 30 milliseconds.",281,224,386,386,http://localhost:3001/character,58,0,0
1745251875063,67,Update,200,OK,Thread Group 1-672,text,false,"The operation lasted too long: It took 67 milliseconds, but should not have lasted longer than 30 milliseconds.",276,227,386,386,http://localhost:3001/character/334,67,0,0
1745251875087,43,get by ID,200,OK,Thread Group 1-668,text,false,"The operation lasted too long: It took 43 milliseconds, but should not have lasted longer than 30 milliseconds.",276,161,386,386,http://localhost:3001/character/343,43,0,0
1745251872499,2631,Get characters,200,OK,Thread Group 1-694,text,false,"The operation lasted too long: It took 2,631 milliseconds, but should not have lasted longer than 30 milliseconds.",14917,158,386,386,http://localhost:3001/characters,2630,0,0
1745251875072,58,Create,201,Created,Thread Group 1-677,text,false,"The operation lasted too long: It took 58 milliseconds, but should not have lasted longer than 30 milliseconds.",281,224,386,386,http://localhost:3001/character,58,0,0
1745251872500,2631,Get characters,200,OK,Thread Group 1-697,text,false,"The operation lasted too long: It took 2,631 milliseconds, but should not have lasted longer than 30 milliseconds.",14917,158,386,386,http://localhost:3001/characters,2631,0,1
1745251875087,44,Update,200,OK,Thread Group 1-670,text,false,"The operation lasted too long: It took 44 milliseconds, but should not have lasted longer than 30 milliseconds.",276,227,386,386,http://localhost:3001/character/334,44,0,0
1745251875087,44,Delete,200,OK,Thread Group 1-653,text,false,"The operation lasted too long: It took 44 milliseconds, but should not have lasted longer than 30 milliseconds.",293,183,386,386,http://localhost:3001/character/334,44,0,0
1745251875086,45,get by ID,200,OK,Thread Group 1-676,text,false,"The operation lasted too long: It took 45 milliseconds, but should not have lasted longer than 30 milliseconds.",276,161,386,386,http://localhost:3001/character/338,45,0,0
1745251875086,45,get by ID,200,OK,Thread Group 1-666,text,false,"The operation lasted too long: It took 45 milliseconds, but should not have lasted longer than 30 milliseconds.",276,161,386,386,http://localhost:3001/character/341,45,0,0
1745251875087,44,get by ID,200,OK,Thread Group 1-669,text,false,"The operation lasted too long: It took 44 milliseconds, but should not have lasted longer than 30 milliseconds.",276,161,385,385,http://localhost:3001/character/342,44,0,0
1745251875086,45,get by ID,200,OK,Thread Group 1-671,text,false,"The operation lasted too long: It took 45 milliseconds, but should not have lasted longer than 30 milliseconds.",276,161,385,385,http://localhost:3001/character/340,45,0,0
1745251875086,45,get by ID,200,OK,Thread Group 1-674,text,false,"The operation lasted too long: It took 45 milliseconds, but should not have lasted longer than 30 milliseconds.",276,161,385,385,http://localhost:3001/character/339,45,0,0
1745251875086,45,get by ID,200,OK,Thread Group 1-654,text,false,"The operation lasted too long: It took 45 milliseconds, but should not have lasted longer than 30 milliseconds.",276,161,385,385,http://localhost:3001/character/336,45,0,0
1745251875086,45,Create,201,Created,Thread Group 1-685,text,false,"The operation lasted too long: It took 45 milliseconds, but should not have lasted longer than 30 milliseconds.",281,224,385,385,http://localhost:3001/character,45,0,0
1745251875086,46,get by ID,200,OK,Thread Group 1-673,text,false,"The operation lasted too long: It took 46 milliseconds, but should not have lasted longer than 30 milliseconds.",276,161,385,385,http://localhost:3001/character/337,46,0,0
1745251875086,46,get by ID,200,OK,Thread Group 1-679,text,false,"The operation lasted too long: It took 46 milliseconds, but should not have lasted longer than 30 milliseconds.",276,161,385,385,http://localhost:3001/character/335,46,0,0
1745251875087,45,Update,200,OK,Thread Group 1-655,text,false,"The operation lasted too long: It took 45 milliseconds, but should not have lasted longer than 30 milliseconds.",276,227,385,385,http://localhost:3001/character/335,45,0,0
1745251872500,2632,Get characters,200,OK,Thread Group 1-695,text,false,"The operation lasted too long: It took 2,632 milliseconds, but should not have lasted longer than 30 milliseconds.",14917,158,385,385,http://localhost:3001/characters,2632,0,1
1745251875103,29,Create,201,Created,Thread Group 1-690,text,true,,281,224,385,385,http://localhost:3001/character,29,0,0
1745251875104,28,Create,201,Created,Thread Group 1-691,text,true,,281,224,385,385,http://localhost:3001/character,28,0,0
1745251872501,2631,Get characters,200,OK,Thread Group 1-696,text,false,"The operation lasted too long: It took 2,631 milliseconds, but should not have lasted longer than 30 milliseconds.",15001,158,385,385,http://localhost:3001/characters,2631,0,0
1745251872501,2632,Get characters,200,OK,Thread Group 1-698,text,false,"The operation lasted too long: It took 2,632 milliseconds, but should not have lasted longer than 30 milliseconds.",15001,158,385,385,http://localhost:3001/characters,2632,0,1
1745251872502,2637,Get characters,200,OK,Thread Group 1-692,text,false,"The operation lasted too long: It took 2,637 milliseconds, but should not have lasted longer than 30 milliseconds.",15001,158,385,385,http://localhost:3001/characters,2637,0,0
1745251872503,2636,Get characters,200,OK,Thread Group 1-700,text,false,"The operation lasted too long: It took 2,636 milliseconds, but should not have lasted longer than 30 milliseconds.",15001,158,385,385,http://localhost:3001/characters,2636,0,0
1745251872504,2637,Get characters,200,OK,Thread Group 1-702,text,false,"The operation lasted too long: It took 2,637 milliseconds, but should not have lasted longer than 30 milliseconds.",15001,158,385,385,http://localhost:3001/characters,2636,0,0
1745251872503,2638,Get characters,200,OK,Thread Group 1-699,text,false,"The operation lasted too long: It took 2,638 milliseconds, but should not have lasted longer than 30 milliseconds.",15001,158,385,385,http://localhost:3001/characters,2637,0,0
1745251872504,2637,Get characters,200,OK,Thread Group 1-701,text,false,"The operation lasted too long: It took 2,637 milliseconds, but should not have lasted longer than 30 milliseconds.",15001,158,385,385,http://localhost:3001/characters,2637,0,1
1745251875130,11,get by ID,200,OK,Thread Group 1-677,text,true,,276,161,385,385,http://localhost:3001/character/344,11,0,0
1745251875129,12,get by ID,200,OK,Thread Group 1-681,text,true,,276,161,385,385,http://localhost:3001/character/350,12,0,0
1745251875130,11,get by ID,200,OK,Thread Group 1-675,text,true,,276,161,385,385,http://localhost:3001/character/345,11,0,0
1745251875130,11,get by ID,200,OK,Thread Group 1-680,text,true,,276,161,385,385,http://localhost:3001/character/348,11,0,0
1745251875130,12,Delete,200,OK,Thread Group 1-672,text,true,,293,183,385,385,http://localhost:3001/character/334,12,0,0
1745251875129,13,get by ID,200,OK,Thread Group 1-684,text,true,,276,161,384,384,http://localhost:3001/character/346,13,0,0
1745251875129,14,get by ID,200,OK,Thread Group 1-678,text,true,,276,161,384,384,http://localhost:3001/character/351,14,0,0
1745251875129,14,get by ID,200,OK,Thread Group 1-682,text,true,,276,161,384,384,http://localhost:3001/character/349,14,0,0
1745251875129,14,get by ID,200,OK,Thread Group 1-683,text,true,,276,161,384,384,http://localhost:3001/character/347,14,0,0
1745251875127,16,Create,201,Created,Thread Group 1-689,text,true,,281,224,384,384,http://localhost:3001/character,16,0,0
1745251875128,15,Create,201,Created,Thread Group 1-688,text,true,,281,224,384,384,http://localhost:3001/character,15,0,0
1745251875128,16,Create,201,Created,Thread Group 1-686,text,true,,281,224,384,384,http://localhost:3001/character,16,0,0
1745251875127,19,Create,201,Created,Thread Group 1-693,text,true,,281,224,384,384,http://localhost:3001/character,19,0,0
1745251875128,18,Create,201,Created,Thread Group 1-687,text,true,,281,224,384,384,http://localhost:3001/character,18,0,0
1745251875130,17,Update,200,OK,Thread Group 1-668,text,true,,276,227,384,384,http://localhost:3001/character/343,17,0,0
1745251875130,17,Create,201,Created,Thread Group 1-694,text,true,,281,224,384,384,http://localhost:3001/character,17,0,0
1745251875132,28,Create,201,Created,Thread Group 1-695,text,true,,281,224,384,384,http://localhost:3001/character,28,0,0
1745251875132,28,get by ID,200,OK,Thread Group 1-691,text,true,,276,161,384,384,http://localhost:3001/character/352,28,0,0
1745251872505,2655,Get characters,200,OK,Thread Group 1-703,text,false,"The operation lasted too long: It took 2,655 milliseconds, but should not have lasted longer than 30 milliseconds.",15253,158,384,384,http://localhost:3001/characters,2655,0,1
1745251875141,20,Update,200,OK,Thread Group 1-677,text,true,,276,227,384,384,http://localhost:3001/character/344,20,0,0
1745251875141,20,Update,200,OK,Thread Group 1-681,text,true,,276,227,384,384,http://localhost:3001/character/350,20,0,0
1745251875141,20,Update,200,OK,Thread Group 1-675,text,true,,276,227,384,384,http://localhost:3001/character/345,20,0,0
1745251875141,20,Update,200,OK,Thread Group 1-680,text,true,,276,227,384,384,http://localhost:3001/character/348,20,0,0
1745251875142,19,Update,200,OK,Thread Group 1-684,text,true,,276,227,384,384,http://localhost:3001/character/346,19,0,0
1745251875143,19,Update,200,OK,Thread Group 1-678,text,true,,276,227,384,384,http://localhost:3001/character/351,19,0,0
1745251875143,19,Update,200,OK,Thread Group 1-682,text,true,,276,227,384,384,http://localhost:3001/character/349,19,0,0
1745251875143,19,Update,200,OK,Thread Group 1-683,text,true,,276,227,384,384,http://localhost:3001/character/347,19,0,0
1745251875144,18,get by ID,200,OK,Thread Group 1-689,text,true,,276,161,384,384,http://localhost:3001/character/353,18,0,0
1745251875144,18,get by ID,200,OK,Thread Group 1-688,text,true,,276,161,384,384,http://localhost:3001/character/354,18,0,0
1745251875144,18,get by ID,200,OK,Thread Group 1-686,text,true,,276,161,384,384,http://localhost:3001/character/355,18,0,0
1745251875147,26,get by ID,200,OK,Thread Group 1-687,text,true,,276,161,384,384,http://localhost:3001/character/356,26,0,0
1745251875147,26,get by ID,200,OK,Thread Group 1-693,text,true,,276,161,384,384,http://localhost:3001/character/357,26,0,0
1745251875147,26,Delete,200,OK,Thread Group 1-668,text,true,,293,183,384,384,http://localhost:3001/character/343,26,0,0
1745251875147,26,get by ID,200,OK,Thread Group 1-694,text,true,,276,161,384,384,http://localhost:3001/character/358,26,0,0
1745251875132,42,get by ID,200,OK,Thread Group 1-690,text,false,"The operation lasted too long: It took 42 milliseconds, but should not have lasted longer than 30 milliseconds.",276,161,383,383,http://localhost:3001/character/353,42,0,0
1745251875132,42,Delete,200,OK,Thread Group 1-655,text,false,"The operation lasted too long: It took 42 milliseconds, but should not have lasted longer than 30 milliseconds.",293,183,383,383,http://localhost:3001/character/335,42,0,0
1745251875132,42,Update,200,OK,Thread Group 1-679,text,false,"The operation lasted too long: It took 42 milliseconds, but should not have lasted longer than 30 milliseconds.",276,227,383,383,http://localhost:3001/character/335,42,0,0
1745251875132,42,get by ID,200,OK,Thread Group 1-685,text,false,"The operation lasted too long: It took 42 milliseconds, but should not have lasted longer than 30 milliseconds.",276,161,382,382,http://localhost:3001/character/351,42,0,0
1745251875132,43,Update,200,OK,Thread Group 1-673,text,false,"The operation lasted too long: It took 43 milliseconds, but should not have lasted longer than 30 milliseconds.",276,227,382,382,http://localhost:3001/character/337,42,0,0
1745251875132,43,Update,200,OK,Thread Group 1-654,text,false,"The operation lasted too long: It took 43 milliseconds, but should not have lasted longer than 30 milliseconds.",276,227,382,382,http://localhost:3001/character/336,43,0,0
1745251875131,44,Update,200,OK,Thread Group 1-671,text,false,"The operation lasted too long: It took 44 milliseconds, but should not have lasted longer than 30 milliseconds.",276,227,382,382,http://localhost:3001/character/340,44,0,0
1745251875131,44,Update,200,OK,Thread Group 1-674,text,false,"The operation lasted too long: It took 44 milliseconds, but should not have lasted longer than 30 milliseconds.",276,227,382,382,http://localhost:3001/character/339,44,0,0
1745251875131,44,Update,200,OK,Thread Group 1-669,text,false,"The operation lasted too long: It took 44 milliseconds, but should not have lasted longer than 30 milliseconds.",276,227,382,382,http://localhost:3001/character/342,44,0,0
1745251875131,44,Update,200,OK,Thread Group 1-666,text,false,"The operation lasted too long: It took 44 milliseconds, but should not have lasted longer than 30 milliseconds.",276,227,382,382,http://localhost:3001/character/341,44,0,0
1745251875131,44,Delete,200,OK,Thread Group 1-670,text,false,"The operation lasted too long: It took 44 milliseconds, but should not have lasted longer than 30 milliseconds.",293,183,382,382,http://localhost:3001/character/334,44,0,0
1745251875131,45,Update,200,OK,Thread Group 1-676,text,false,"The operation lasted too long: It took 45 milliseconds, but should not have lasted longer than 30 milliseconds.",276,227,381,381,http://localhost:3001/character/338,45,0,0
1745251875131,65,Create,201,Created,Thread Group 1-697,text,false,"The operation lasted too long: It took 65 milliseconds, but should not have lasted longer than 30 milliseconds.",281,224,381,381,http://localhost:3001/character,65,0,0
1745251875133,63,Create,201,Created,Thread Group 1-696,text,false,"The operation lasted too long: It took 63 milliseconds, but should not have lasted longer than 30 milliseconds.",281,224,381,381,http://localhost:3001/character,63,0,0
1745251875133,64,Create,201,Created,Thread Group 1-698,text,false,"The operation lasted too long: It took 64 milliseconds, but should not have lasted longer than 30 milliseconds.",281,224,381,381,http://localhost:3001/character,64,0,0
1745251875141,56,Create,201,Created,Thread Group 1-701,text,false,"The operation lasted too long: It took 56 milliseconds, but should not have lasted longer than 30 milliseconds.",281,224,381,381,http://localhost:3001/character,56,0,0
1745251875141,56,Create,201,Created,Thread Group 1-699,text,false,"The operation lasted too long: It took 56 milliseconds, but should not have lasted longer than 30 milliseconds.",281,224,381,381,http://localhost:3001/character,56,0,0
1745251875141,56,Create,201,Created,Thread Group 1-702,text,false,"The operation lasted too long: It took 56 milliseconds, but should not have lasted longer than 30 milliseconds.",281,224,381,381,http://localhost:3001/character,56,0,0
1745251875140,57,Create,201,Created,Thread Group 1-700,text,false,"The operation lasted too long: It took 57 milliseconds, but should not have lasted longer than 30 milliseconds.",281,224,381,381,http://localhost:3001/character,57,0,0
1745251875140,58,Create,201,Created,Thread Group 1-692,text,false,"The operation lasted too long: It took 58 milliseconds, but should not have lasted longer than 30 milliseconds.",281,224,381,381,http://localhost:3001/character,58,0,0
1745251872506,2692,Get characters,200,OK,Thread Group 1-704,text,false,"The operation lasted too long: It took 2,692 milliseconds, but should not have lasted longer than 30 milliseconds.",15463,158,381,381,http://localhost:3001/characters,2692,0,0
1745251875161,37,Delete,200,OK,Thread Group 1-677,text,false,"The operation lasted too long: It took 37 milliseconds, but should not have lasted longer than 30 milliseconds.",293,183,381,381,http://localhost:3001/character/344,37,0,0
1745251875161,37,Delete,200,OK,Thread Group 1-681,text,false,"The operation lasted too long: It took 37 milliseconds, but should not have lasted longer than 30 milliseconds.",293,183,380,380,http://localhost:3001/character/350,37,0,0
1745251875161,38,Delete,200,OK,Thread Group 1-675,text,false,"The operation lasted too long: It took 38 milliseconds, but should not have lasted longer than 30 milliseconds.",293,183,379,379,http://localhost:3001/character/345,38,0,0
1745251875162,38,Delete,200,OK,Thread Group 1-680,text,false,"The operation lasted too long: It took 38 milliseconds, but should not have lasted longer than 30 milliseconds.",293,183,378,378,http://localhost:3001/character/348,38,0,0
1745251875162,38,Delete,200,OK,Thread Group 1-684,text,false,"The operation lasted too long: It took 38 milliseconds, but should not have lasted longer than 30 milliseconds.",293,183,377,377,http://localhost:3001/character/346,38,0,0
1745251875174,34,Update,200,OK,Thread Group 1-690,text,false,"The operation lasted too long: It took 34 milliseconds, but should not have lasted longer than 30 milliseconds.",276,227,376,376,http://localhost:3001/character/353,34,0,0
1745251875173,36,Update,200,OK,Thread Group 1-693,text,false,"The operation lasted too long: It took 36 milliseconds, but should not have lasted longer than 30 milliseconds.",276,227,376,376,http://localhost:3001/character/357,36,0,0
1745251875175,34,Update,200,OK,Thread Group 1-685,text,false,"The operation lasted too long: It took 34 milliseconds, but should not have lasted longer than 30 milliseconds.",276,227,376,376,http://localhost:3001/character/351,34,0,0
1745251875174,35,Delete,200,OK,Thread Group 1-679,text,false,"The operation lasted too long: It took 35 milliseconds, but should not have lasted longer than 30 milliseconds.",293,183,376,376,http://localhost:3001/character/335,35,0,0
1745251875162,47,Update,200,OK,Thread Group 1-689,text,false,"The operation lasted too long: It took 47 milliseconds, but should not have lasted longer than 30 milliseconds.",276,227,376,376,http://localhost:3001/character/353,47,0,0
1745251875175,35,Delete,200,OK,Thread Group 1-673,text,false,"The operation lasted too long: It took 35 milliseconds, but should not have lasted longer than 30 milliseconds.",293,183,375,375,http://localhost:3001/character/337,35,0,0
1745251875174,36,Update,200,OK,Thread Group 1-694,text,false,"The operation lasted too long: It took 36 milliseconds, but should not have lasted longer than 30 milliseconds.",276,227,375,375,http://localhost:3001/character/358,36,0,0
1745251875162,48,Delete,200,OK,Thread Group 1-682,text,false,"The operation lasted too long: It took 48 milliseconds, but should not have lasted longer than 30 milliseconds.",293,183,374,374,http://localhost:3001/character/349,48,0,0
1745251875173,37,Update,200,OK,Thread Group 1-687,text,false,"The operation lasted too long: It took 37 milliseconds, but should not have lasted longer than 30 milliseconds.",276,227,374,374,http://localhost:3001/character/356,37,0,0
1745251875162,48,Update,200,OK,Thread Group 1-686,text,false,"The operation lasted too long: It took 48 milliseconds, but should not have lasted longer than 30 milliseconds.",276,227,373,373,http://localhost:3001/character/355,48,0,0
1745251875162,48,Update,200,OK,Thread Group 1-688,text,false,"The operation lasted too long: It took 48 milliseconds, but should not have lasted longer than 30 milliseconds.",276,227,373,373,http://localhost:3001/character/354,48,0,0
1745251875175,36,Delete,200,OK,Thread Group 1-654,text,false,"The operation lasted too long: It took 36 milliseconds, but should not have lasted longer than 30 milliseconds.",293,183,373,373,http://localhost:3001/character/336,36,0,0
1745251875162,49,Delete,200,OK,Thread Group 1-683,text,false,"The operation lasted too long: It took 49 milliseconds, but should not have lasted longer than 30 milliseconds.",293,183,372,372,http://localhost:3001/character/347,49,0,0
1745251875162,50,Delete,200,OK,Thread Group 1-678,text,false,"The operation lasted too long: It took 50 milliseconds, but should not have lasted longer than 30 milliseconds.",293,183,371,371,http://localhost:3001/character/351,50,0,0
1745251872507,2719,Get characters,200,OK,Thread Group 1-706,text,false,"The operation lasted too long: It took 2,719 milliseconds, but should not have lasted longer than 30 milliseconds.",14875,158,370,370,http://localhost:3001/characters,2719,0,0
1745251875196,30,get by ID,200,OK,Thread Group 1-697,text,true,,276,161,370,370,http://localhost:3001/character/357,30,0,0
1745251872506,2720,Get characters,200,OK,Thread Group 1-705,text,false,"The operation lasted too long: It took 2,720 milliseconds, but should not have lasted longer than 30 milliseconds.",14833,158,370,370,http://localhost:3001/characters,2720,0,1
1745251875198,28,Create,201,Created,Thread Group 1-704,text,true,,281,224,370,370,http://localhost:3001/character,28,0,0
1745251875197,29,get by ID,200,OK,Thread Group 1-698,text,true,,276,161,370,370,http://localhost:3001/character/359,29,0,0
1745251875197,29,get by ID,200,OK,Thread Group 1-701,text,true,,276,161,370,370,http://localhost:3001/character/360,29,0,0
1745251875197,29,get by ID,200,OK,Thread Group 1-699,text,true,,276,161,370,370,http://localhost:3001/character/361,29,0,0
1745251875198,29,get by ID,200,OK,Thread Group 1-692,text,true,,276,161,370,370,http://localhost:3001/character/364,29,0,0
1745251875196,31,get by ID,200,OK,Thread Group 1-696,text,false,"The operation lasted too long: It took 31 milliseconds, but should not have lasted longer than 30 milliseconds.",276,161,370,370,http://localhost:3001/character/358,31,0,0
1745251875197,30,get by ID,200,OK,Thread Group 1-702,text,true,,276,161,370,370,http://localhost:3001/character/362,30,0,0
1745251875198,29,get by ID,200,OK,Thread Group 1-700,text,true,,276,161,370,370,http://localhost:3001/character/363,29,0,0
1745251875160,67,Update,200,OK,Thread Group 1-691,text,false,"The operation lasted too long: It took 67 milliseconds, but should not have lasted longer than 30 milliseconds.",276,227,370,370,http://localhost:3001/character/352,67,0,0
1745251875175,54,Delete,200,OK,Thread Group 1-669,text,false,"The operation lasted too long: It took 54 milliseconds, but should not have lasted longer than 30 milliseconds.",293,183,370,370,http://localhost:3001/character/342,54,0,0
1745251872508,2721,Get characters,200,OK,Thread Group 1-708,text,false,"The operation lasted too long: It took 2,721 milliseconds, but should not have lasted longer than 30 milliseconds.",14875,158,370,370,http://localhost:3001/characters,2721,0,0
1745251875160,69,get by ID,200,OK,Thread Group 1-695,text,false,"The operation lasted too long: It took 69 milliseconds, but should not have lasted longer than 30 milliseconds.",276,161,369,369,http://localhost:3001/character/359,69,0,0
1745251875161,68,Create,201,Created,Thread Group 1-703,text,false,"The operation lasted too long: It took 68 milliseconds, but should not have lasted longer than 30 milliseconds.",281,224,369,369,http://localhost:3001/character,68,0,0
1745251875176,53,Delete,200,OK,Thread Group 1-676,text,false,"The operation lasted too long: It took 53 milliseconds, but should not have lasted longer than 30 milliseconds.",293,183,369,369,http://localhost:3001/character/338,53,0,0
1745251875175,55,Delete,200,OK,Thread Group 1-666,text,false,"The operation lasted too long: It took 55 milliseconds, but should not have lasted longer than 30 milliseconds.",293,183,369,369,http://localhost:3001/character/341,55,0,0
1745251875175,55,Delete,200,OK,Thread Group 1-674,text,false,"The operation lasted too long: It took 55 milliseconds, but should not have lasted longer than 30 milliseconds.",293,183,367,367,http://localhost:3001/character/339,55,0,0
1745251875175,55,Delete,200,OK,Thread Group 1-671,text,false,"The operation lasted too long: It took 55 milliseconds, but should not have lasted longer than 30 milliseconds.",293,183,367,367,http://localhost:3001/character/340,55,0,0
1745251872508,2724,Get characters,200,OK,Thread Group 1-707,text,false,"The operation lasted too long: It took 2,724 milliseconds, but should not have lasted longer than 30 milliseconds.",14875,158,365,365,http://localhost:3001/characters,2724,0,0
1745251875210,22,Delete,200,OK,Thread Group 1-694,text,true,,293,183,365,365,http://localhost:3001/character/358,22,0,0
1745251875210,24,Delete,200,OK,Thread Group 1-687,text,true,,293,183,364,364,http://localhost:3001/character/356,24,0,0
1745251875209,25,Delete,200,OK,Thread Group 1-685,text,true,,293,183,364,364,http://localhost:3001/character/351,25,0,0
1745251875211,23,Delete,200,OK,Thread Group 1-688,text,true,,293,183,364,364,http://localhost:3001/character/354,23,0,0
1745251875210,25,Delete,200,OK,Thread Group 1-686,text,true,,293,183,362,362,http://localhost:3001/character/355,25,0,0
1745251875208,27,Delete,200,OK,Thread Group 1-690,text,true,,293,183,360,360,http://localhost:3001/character/353,27,0,0
1745251875209,26,Delete,200,OK,Thread Group 1-693,text,true,,293,183,360,360,http://localhost:3001/character/357,26,0,0
1745251875209,26,Delete,200,OK,Thread Group 1-689,text,true,,293,183,360,360,http://localhost:3001/character/353,26,0,0
1745251875227,10,Update,200,OK,Thread Group 1-700,text,true,,276,227,357,357,http://localhost:3001/character/363,10,0,0
1745251875227,10,Update,200,OK,Thread Group 1-692,text,true,,276,227,357,357,http://localhost:3001/character/364,10,0,0
1745251875226,12,get by ID,200,OK,Thread Group 1-704,text,true,,276,161,357,357,http://localhost:3001/character/350,12,0,0
1745251872509,2731,Get characters,200,OK,Thread Group 1-709,text,false,"The operation lasted too long: It took 2,731 milliseconds, but should not have lasted longer than 30 milliseconds.",14539,158,357,357,http://localhost:3001/characters,2731,0,1
1745251875226,16,Update,200,OK,Thread Group 1-699,text,true,,276,227,357,357,http://localhost:3001/character/361,16,0,0
1745251875226,16,Update,200,OK,Thread Group 1-701,text,true,,276,227,357,357,http://localhost:3001/character/360,16,0,0
1745251875226,17,Update,200,OK,Thread Group 1-698,text,true,,276,227,357,357,http://localhost:3001/character/359,17,0,0
1745251875226,17,Create,201,Created,Thread Group 1-705,text,true,,281,224,357,357,http://localhost:3001/character,17,0,0
1745251875226,17,Create,201,Created,Thread Group 1-706,text,true,,281,224,357,357,http://localhost:3001/character,17,0,0
1745251875226,17,Update,200,OK,Thread Group 1-697,text,true,,276,227,357,357,http://localhost:3001/character/357,17,0,0
1745251875227,16,Update,200,OK,Thread Group 1-702,text,true,,276,227,357,357,http://localhost:3001/character/362,16,0,0
1745251875227,16,Delete,200,OK,Thread Group 1-691,text,true,,293,183,357,357,http://localhost:3001/character/352,16,0,0
1745251875227,16,Update,200,OK,Thread Group 1-696,text,true,,276,227,357,357,http://localhost:3001/character/358,16,0,0
1745251875229,15,Update,200,OK,Thread Group 1-695,text,true,,276,227,356,356,http://localhost:3001/character/359,15,0,0
1745251875229,15,get by ID,200,OK,Thread Group 1-703,text,true,,276,161,356,356,http://localhost:3001/character/349,15,0,0
1745251875229,15,Create,201,Created,Thread Group 1-708,text,true,,281,224,356,356,http://localhost:3001/character,15,0,0
1745251872509,2736,Get characters,200,OK,Thread Group 1-710,text,false,"The operation lasted too long: It took 2,736 milliseconds, but should not have lasted longer than 30 milliseconds.",14623,158,356,356,http://localhost:3001/characters,2736,0,0
1745251875232,13,Create,201,Created,Thread Group 1-707,text,true,,281,224,356,356,http://localhost:3001/character,13,0,0
1745251872512,2735,Get characters,200,OK,Thread Group 1-711,text,false,"The operation lasted too long: It took 2,735 milliseconds, but should not have lasted longer than 30 milliseconds.",14665,158,356,356,http://localhost:3001/characters,2735,0,2
1745251872513,2736,Get characters,200,OK,Thread Group 1-712,text,false,"The operation lasted too long: It took 2,736 milliseconds, but should not have lasted longer than 30 milliseconds.",14665,158,356,356,http://localhost:3001/characters,2736,0,1
1745251875244,6,get by ID,200,OK,Thread Group 1-708,text,true,,276,161,356,356,http://localhost:3001/character/344,6,0,0
1745251875244,8,Update,200,OK,Thread Group 1-703,text,true,,276,227,356,356,http://localhost:3001/character/349,8,0,0
1745251875243,15,get by ID,200,OK,Thread Group 1-705,text,true,,276,161,356,356,http://localhost:3001/character/343,15,0,0
1745251875238,20,Delete,200,OK,Thread Group 1-692,text,true,,293,183,356,356,http://localhost:3001/character/364,20,0,0
1745251875239,19,Update,200,OK,Thread Group 1-704,text,true,,276,227,355,355,http://localhost:3001/character/350,19,0,0
1745251875242,16,Delete,200,OK,Thread Group 1-699,text,true,,293,183,355,355,http://localhost:3001/character/361,16,0,0
1745251875243,16,Delete,200,OK,Thread Group 1-697,text,true,,293,183,354,354,http://localhost:3001/character/357,16,0,0
1745251875242,17,Delete,200,OK,Thread Group 1-701,text,true,,293,183,354,354,http://localhost:3001/character/360,17,0,0
1745251875243,16,Delete,200,OK,Thread Group 1-702,text,true,,293,183,354,354,http://localhost:3001/character/362,16,0,0
1745251875243,17,Delete,200,OK,Thread Group 1-698,text,true,,293,183,352,352,http://localhost:3001/character/359,17,0,0
1745251875244,16,Delete,200,OK,Thread Group 1-695,text,true,,293,183,351,351,http://localhost:3001/character/359,16,0,0
1745251875243,17,get by ID,200,OK,Thread Group 1-706,text,true,,276,161,349,349,http://localhost:3001/character/344,17,0,0
1745251875238,23,Delete,200,OK,Thread Group 1-700,text,true,,293,183,349,349,http://localhost:3001/character/363,23,0,0
1745251875243,18,Delete,200,OK,Thread Group 1-696,text,true,,293,183,348,348,http://localhost:3001/character/358,18,0,0
1745251875250,12,Update,200,OK,Thread Group 1-708,text,true,,276,227,347,347,http://localhost:3001/character/344,12,0,0
1745251875245,17,Create,201,Created,Thread Group 1-710,text,true,,281,224,347,347,http://localhost:3001/character,17,0,0
1745251875249,13,Create,201,Created,Thread Group 1-712,text,true,,281,224,347,347,http://localhost:3001/character,13,0,0
1745251875241,21,Create,201,Created,Thread Group 1-709,text,true,,281,224,347,347,http://localhost:3001/character,21,0,0
1745251872513,2749,Get characters,200,OK,Thread Group 1-713,text,false,"The operation lasted too long: It took 2,749 milliseconds, but should not have lasted longer than 30 milliseconds.",14329,158,347,347,http://localhost:3001/characters,2749,0,1
1745251872515,2749,Get characters,200,OK,Thread Group 1-714,text,false,"The operation lasted too long: It took 2,749 milliseconds, but should not have lasted longer than 30 milliseconds.",14455,158,347,347,http://localhost:3001/characters,2749,0,0
1745251872514,2750,Get characters,200,OK,Thread Group 1-716,text,false,"The operation lasted too long: It took 2,750 milliseconds, but should not have lasted longer than 30 milliseconds.",14455,158,347,347,http://localhost:3001/characters,2750,0,1
1745251875245,19,get by ID,200,OK,Thread Group 1-707,text,true,,276,161,347,347,http://localhost:3001/character/345,19,0,0
1745251872515,2749,Get characters,200,OK,Thread Group 1-718,text,false,"The operation lasted too long: It took 2,749 milliseconds, but should not have lasted longer than 30 milliseconds.",14455,158,347,347,http://localhost:3001/characters,2749,0,0
1745251875252,13,Delete,200,OK,Thread Group 1-703,text,true,,293,183,347,347,http://localhost:3001/character/349,13,0,0
1745251872515,2750,Get characters,200,OK,Thread Group 1-717,text,false,"The operation lasted too long: It took 2,750 milliseconds, but should not have lasted longer than 30 milliseconds.",14413,158,346,346,http://localhost:3001/characters,2750,0,1
1745251875247,18,Create,201,Created,Thread Group 1-711,text,true,,281,224,346,346,http://localhost:3001/character,18,0,0
1745251872516,2752,Get characters,200,OK,Thread Group 1-719,text,false,"The operation lasted too long: It took 2,752 milliseconds, but should not have lasted longer than 30 milliseconds.",14413,158,346,346,http://localhost:3001/characters,2752,0,0
1745251872517,2754,Get characters,200,OK,Thread Group 1-715,text,false,"The operation lasted too long: It took 2,754 milliseconds, but should not have lasted longer than 30 milliseconds.",14413,158,346,346,http://localhost:3001/characters,2754,0,1
1745251872516,2755,Get characters,200,OK,Thread Group 1-721,text,false,"The operation lasted too long: It took 2,755 milliseconds, but should not have lasted longer than 30 milliseconds.",14413,158,346,346,http://localhost:3001/characters,2755,0,1
1745251872516,2758,Get characters,200,OK,Thread Group 1-720,text,false,"The operation lasted too long: It took 2,758 milliseconds, but should not have lasted longer than 30 milliseconds.",14413,158,346,346,http://localhost:3001/characters,2757,0,1
1745251872517,2757,Get characters,200,OK,Thread Group 1-723,text,false,"The operation lasted too long: It took 2,757 milliseconds, but should not have lasted longer than 30 milliseconds.",14413,158,346,346,http://localhost:3001/characters,2757,0,1
1745251872517,2760,Get characters,200,OK,Thread Group 1-722,text,false,"The operation lasted too long: It took 2,760 milliseconds, but should not have lasted longer than 30 milliseconds.",14413,158,346,346,http://localhost:3001/characters,2760,0,1
1745251875264,14,Create,201,Created,Thread Group 1-714,text,true,,281,224,346,346,http://localhost:3001/character,14,0,0
1745251875264,14,Create,201,Created,Thread Group 1-716,text,true,,281,224,346,346,http://localhost:3001/character,14,0,0
1745251875265,13,get by ID,200,OK,Thread Group 1-711,text,true,,276,161,346,346,http://localhost:3001/character/340,13,0,0
1745251875262,17,Create,201,Created,Thread Group 1-713,text,true,,281,224,346,346,http://localhost:3001/character,17,0,0
1745251875262,17,Delete,200,OK,Thread Group 1-708,text,true,,293,183,346,346,http://localhost:3001/character/344,17,0,0
1745251875262,17,get by ID,200,OK,Thread Group 1-712,text,true,,276,161,346,346,http://localhost:3001/character/338,17,0,0
1745251875262,19,get by ID,200,OK,Thread Group 1-710,text,true,,276,161,345,345,http://localhost:3001/character/339,19,0,0
1745251875262,19,get by ID,200,OK,Thread Group 1-709,text,true,,276,161,345,345,http://localhost:3001/character/337,19,0,0
1745251875258,24,Delete,200,OK,Thread Group 1-704,text,true,,293,183,345,345,http://localhost:3001/character/350,24,0,0
1745251875258,24,Update,200,OK,Thread Group 1-705,text,true,,276,227,345,345,http://localhost:3001/character/343,24,0,0
1745251875261,21,Update,200,OK,Thread Group 1-706,text,true,,276,227,344,344,http://localhost:3001/character/344,21,0,0
1745251872522,2762,Get characters,200,OK,Thread Group 1-728,text,false,"The operation lasted too long: It took 2,762 milliseconds, but should not have lasted longer than 30 milliseconds.",14665,158,344,344,http://localhost:3001/characters,2762,0,1
1745251872520,2764,Get characters,200,OK,Thread Group 1-727,text,false,"The operation lasted too long: It took 2,764 milliseconds, but should not have lasted longer than 30 milliseconds.",14665,158,344,344,http://localhost:3001/characters,2764,0,1
1745251872519,2766,Get characters,200,OK,Thread Group 1-744,text,false,"The operation lasted too long: It took 2,766 milliseconds, but should not have lasted longer than 30 milliseconds.",14665,158,344,344,http://localhost:3001/characters,2766,0,1
1745251872519,2766,Get characters,200,OK,Thread Group 1-726,text,false,"The operation lasted too long: It took 2,766 milliseconds, but should not have lasted longer than 30 milliseconds.",14665,158,344,344,http://localhost:3001/characters,2766,0,0
1745251875272,14,Create,201,Created,Thread Group 1-721,text,true,,281,224,344,344,http://localhost:3001/character,14,0,0
1745251872518,2769,Get characters,200,OK,Thread Group 1-725,text,false,"The operation lasted too long: It took 2,769 milliseconds, but should not have lasted longer than 30 milliseconds.",14665,158,344,344,http://localhost:3001/characters,2769,0,1
1745251875265,22,Create,201,Created,Thread Group 1-717,text,true,,281,224,344,344,http://localhost:3001/character,22,0,0
1745251875271,17,Create,201,Created,Thread Group 1-715,text,true,,281,224,344,344,http://localhost:3001/character,17,0,0
1745251875268,20,Create,201,Created,Thread Group 1-719,text,true,,281,224,344,344,http://localhost:3001/character,20,0,0
1745251875264,24,Update,200,OK,Thread Group 1-707,text,true,,276,227,344,344,http://localhost:3001/character/345,24,0,0
1745251875265,23,Create,201,Created,Thread Group 1-718,text,true,,281,224,344,344,http://localhost:3001/character,23,0,0
1745251872518,2772,Get characters,200,OK,Thread Group 1-724,text,false,"The operation lasted too long: It took 2,772 milliseconds, but should not have lasted longer than 30 milliseconds.",14497,158,344,344,http://localhost:3001/characters,2772,0,1
1745251875274,25,Create,201,Created,Thread Group 1-720,text,true,,281,224,344,344,http://localhost:3001/character,25,0,0
1745251875274,25,Create,201,Created,Thread Group 1-723,text,true,,281,224,344,344,http://localhost:3001/character,25,0,0
1745251875282,17,Delete,200,OK,Thread Group 1-706,text,true,,293,183,344,344,http://localhost:3001/character/344,17,0,0
1745251875282,18,Update,200,OK,Thread Group 1-710,text,true,,276,227,344,344,http://localhost:3001/character/339,18,0,0
1745251875282,18,Update,200,OK,Thread Group 1-709,text,true,,276,227,343,343,http://localhost:3001/character/337,18,0,0
1745251875279,21,Update,200,OK,Thread Group 1-712,text,true,,276,227,343,343,http://localhost:3001/character/338,21,0,0
1745251875279,21,get by ID,200,OK,Thread Group 1-713,text,true,,276,161,343,343,http://localhost:3001/character/338,21,0,0
1745251875278,22,Update,200,OK,Thread Group 1-711,text,true,,276,227,343,343,http://localhost:3001/character/340,22,0,0
1745251875278,22,get by ID,200,OK,Thread Group 1-716,text,true,,276,161,343,343,http://localhost:3001/character/340,22,0,0
1745251875278,22,get by ID,200,OK,Thread Group 1-714,text,true,,276,161,343,343,http://localhost:3001/character/339,22,0,0
1745251875277,23,Create,201,Created,Thread Group 1-722,text,true,,281,224,343,343,http://localhost:3001/character,23,0,0
1745251875282,19,Delete,200,OK,Thread Group 1-705,text,true,,293,183,343,343,http://localhost:3001/character/343,19,0,0
1745251872527,2777,Get characters,200,OK,Thread Group 1-729,text,false,"The operation lasted too long: It took 2,777 milliseconds, but should not have lasted longer than 30 milliseconds.",14707,158,342,342,http://localhost:3001/characters,2776,0,2
1745251872533,2775,Get characters,200,OK,Thread Group 1-731,text,false,"The operation lasted too long: It took 2,775 milliseconds, but should not have lasted longer than 30 milliseconds.",14707,158,342,342,http://localhost:3001/characters,2775,0,1
1745251875290,19,Create,201,Created,Thread Group 1-724,text,true,,281,224,342,342,http://localhost:3001/character,19,0,0
1745251875288,22,Delete,200,OK,Thread Group 1-707,text,true,,293,183,342,342,http://localhost:3001/character/345,22,0,0
1745251875288,22,get by ID,200,OK,Thread Group 1-719,text,true,,276,161,341,341,http://localhost:3001/character/344,22,0,0
1745251875288,24,get by ID,200,OK,Thread Group 1-715,text,true,,276,161,341,341,http://localhost:3001/character/343,24,0,0
1745251875287,25,get by ID,200,OK,Thread Group 1-717,text,true,,276,161,341,341,http://localhost:3001/character/341,25,0,0
1745251875287,25,Create,201,Created,Thread Group 1-725,text,true,,281,224,341,341,http://localhost:3001/character,25,0,0
1745251875285,27,Create,201,Created,Thread Group 1-726,text,true,,281,224,341,341,http://localhost:3001/character,27,0,0
1745251875286,27,get by ID,200,OK,Thread Group 1-721,text,true,,276,161,341,341,http://localhost:3001/character/345,27,0,0
1745251875285,28,Create,201,Created,Thread Group 1-744,text,true,,281,224,341,341,http://localhost:3001/character,28,0,0
1745251875284,29,Create,201,Created,Thread Group 1-727,text,true,,281,224,341,341,http://localhost:3001/character,29,0,0
1745251875288,29,get by ID,200,OK,Thread Group 1-718,text,true,,276,161,341,341,http://localhost:3001/character/342,29,0,0
1745251875284,34,Create,201,Created,Thread Group 1-728,text,false,"The operation lasted too long: It took 34 milliseconds, but should not have lasted longer than 30 milliseconds.",281,224,341,341,http://localhost:3001/character,34,0,0
1745251875300,20,Update,200,OK,Thread Group 1-714,text,true,,276,227,341,341,http://localhost:3001/character/339,20,0,0
1745251875301,19,get by ID,200,OK,Thread Group 1-722,text,true,,276,161,341,341,http://localhost:3001/character/346,19,0,0
1745251875300,21,Update,200,OK,Thread Group 1-716,text,true,,276,227,341,341,http://localhost:3001/character/340,21,0,0
1745251875300,22,Delete,200,OK,Thread Group 1-711,text,true,,293,183,341,341,http://localhost:3001/character/340,22,0,0
1745251875300,22,Delete,200,OK,Thread Group 1-710,text,true,,293,183,340,340,http://localhost:3001/character/339,22,0,0
1745251875300,23,Update,200,OK,Thread Group 1-713,text,true,,276,227,339,339,http://localhost:3001/character/338,23,0,0
1745251875300,23,Delete,200,OK,Thread Group 1-712,text,true,,293,183,339,339,http://localhost:3001/character/338,23,0,0
1745251875300,23,Delete,200,OK,Thread Group 1-709,text,true,,293,183,338,338,http://localhost:3001/character/337,23,0,0
1745251875299,25,get by ID,200,OK,Thread Group 1-720,text,true,,276,161,337,337,http://localhost:3001/character/346,25,0,0
1745251875299,25,get by ID,200,OK,Thread Group 1-723,text,true,,276,161,337,337,http://localhost:3001/character/347,25,0,0
1745251875304,21,Create,201,Created,Thread Group 1-729,text,true,,281,224,337,337,http://localhost:3001/character,21,0,0
1745251872534,2792,Get characters,200,OK,Thread Group 1-730,text,false,"The operation lasted too long: It took 2,792 milliseconds, but should not have lasted longer than 30 milliseconds.",14791,158,337,337,http://localhost:3001/characters,2792,0,1
1745251875309,18,get by ID,200,OK,Thread Group 1-724,text,true,,276,161,337,337,http://localhost:3001/character/347,18,0,0
1745251875310,18,Update,200,OK,Thread Group 1-719,text,true,,276,227,337,337,http://localhost:3001/character/344,18,0,0
1745251875312,16,Update,200,OK,Thread Group 1-715,text,true,,276,227,337,337,http://localhost:3001/character/343,16,0,0
1745251875312,17,Update,200,OK,Thread Group 1-717,text,true,,276,227,337,337,http://localhost:3001/character/341,17,0,0
1745251875312,17,get by ID,200,OK,Thread Group 1-725,text,true,,276,161,337,337,http://localhost:3001/character/347,17,0,0
1745251875313,17,get by ID,200,OK,Thread Group 1-726,text,true,,276,161,337,337,http://localhost:3001/character/348,17,0,0
1745251875313,17,Update,200,OK,Thread Group 1-721,text,true,,276,227,337,337,http://localhost:3001/character/345,17,0,0
1745251875313,17,get by ID,200,OK,Thread Group 1-727,text,true,,276,161,337,337,http://localhost:3001/character/349,17,0,0
1745251875313,18,get by ID,200,OK,Thread Group 1-744,text,true,,276,161,337,337,http://localhost:3001/character/350,18,0,0
1745251875317,15,Update,200,OK,Thread Group 1-718,text,true,,276,227,337,337,http://localhost:3001/character/342,15,0,0
1745251875318,14,get by ID,200,OK,Thread Group 1-728,text,true,,276,161,337,337,http://localhost:3001/character/351,14,0,0
1745251875320,13,Delete,200,OK,Thread Group 1-714,text,true,,293,183,337,337,http://localhost:3001/character/339,13,0,0
1745251875320,13,Update,200,OK,Thread Group 1-722,text,true,,276,227,336,336,http://localhost:3001/character/346,13,0,0
1745251875321,13,Delete,200,OK,Thread Group 1-716,text,true,,293,183,336,336,http://localhost:3001/character/340,13,0,0
1745251875323,11,Delete,200,OK,Thread Group 1-713,text,true,,293,183,335,335,http://localhost:3001/character/338,11,0,0
1745251875324,11,Update,200,OK,Thread Group 1-720,text,true,,276,227,334,334,http://localhost:3001/character/346,11,0,0
1745251875325,10,Update,200,OK,Thread Group 1-723,text,true,,276,227,334,334,http://localhost:3001/character/347,10,0,0
1745251875325,11,get by ID,200,OK,Thread Group 1-729,text,true,,276,161,334,334,http://localhost:3001/character/348,11,0,0
1745251875309,27,Create,201,Created,Thread Group 1-731,text,true,,281,224,334,334,http://localhost:3001/character,27,0,0
1745251872538,2799,Get characters,200,OK,Thread Group 1-732,text,false,"The operation lasted too long: It took 2,799 milliseconds, but should not have lasted longer than 30 milliseconds.",14707,158,334,334,http://localhost:3001/characters,2799,0,0
1745251875327,12,Update,200,OK,Thread Group 1-724,text,true,,276,227,334,334,http://localhost:3001/character/347,12,0,0
1745251875328,11,Delete,200,OK,Thread Group 1-719,text,true,,293,183,334,334,http://localhost:3001/character/344,11,0,0
1745251875328,12,Delete,200,OK,Thread Group 1-715,text,true,,293,183,333,333,http://localhost:3001/character/343,12,0,0
1745251875329,12,Delete,200,OK,Thread Group 1-717,text,true,,293,183,332,332,http://localhost:3001/character/341,12,0,0
1745251875329,12,Update,200,OK,Thread Group 1-725,text,true,,276,227,331,331,http://localhost:3001/character/347,12,0,0
1745251875330,12,Update,200,OK,Thread Group 1-726,text,true,,276,227,331,331,http://localhost:3001/character/348,12,0,0
1745251875330,12,Delete,200,OK,Thread Group 1-721,text,true,,293,183,331,331,http://localhost:3001/character/345,12,0,0
1745251875331,12,Update,200,OK,Thread Group 1-727,text,true,,276,227,330,330,http://localhost:3001/character/349,12,0,0
1745251875331,12,Update,200,OK,Thread Group 1-744,text,true,,276,227,330,330,http://localhost:3001/character/350,12,0,0
1745251875332,12,Delete,200,OK,Thread Group 1-718,text,true,,293,183,330,330,http://localhost:3001/character/342,12,0,0
1745251875332,13,Update,200,OK,Thread Group 1-728,text,true,,276,227,329,329,http://localhost:3001/character/351,13,0,0
1745251875333,12,Delete,200,OK,Thread Group 1-722,text,true,,293,183,329,329,http://localhost:3001/character/346,12,0,0
1745251875335,10,Delete,200,OK,Thread Group 1-720,text,true,,293,183,329,329,http://localhost:3001/character/346,10,0,0
1745251875335,10,Delete,200,OK,Thread Group 1-723,text,true,,293,183,329,329,http://localhost:3001/character/347,10,0,0
1745251875336,10,Update,200,OK,Thread Group 1-729,text,true,,276,227,326,326,http://localhost:3001/character/348,10,0,0
1745251875336,10,get by ID,200,OK,Thread Group 1-731,text,true,,276,161,326,326,http://localhost:3001/character/346,10,0,0
1745251875337,9,Create,201,Created,Thread Group 1-732,text,true,,281,224,326,326,http://localhost:3001/character,9,0,0
1745251875326,21,Create,201,Created,Thread Group 1-730,text,true,,281,224,326,326,http://localhost:3001/character,21,0,0
1745251872539,2808,Get characters,200,OK,Thread Group 1-733,text,false,"The operation lasted too long: It took 2,808 milliseconds, but should not have lasted longer than 30 milliseconds.",14455,158,326,326,http://localhost:3001/characters,2808,0,1
1745251875339,9,Delete,200,OK,Thread Group 1-724,text,true,,293,183,326,326,http://localhost:3001/character/347,9,0,0
1745251875341,7,Delete,200,OK,Thread Group 1-725,text,true,,293,183,325,325,http://localhost:3001/character/347,7,0,0
1745251875342,7,Delete,200,OK,Thread Group 1-726,text,true,,293,183,324,324,http://localhost:3001/character/348,7,0,0
1745251875343,7,Delete,200,OK,Thread Group 1-727,text,true,,293,183,323,323,http://localhost:3001/character/349,7,0,0
1745251875343,8,Delete,200,OK,Thread Group 1-744,text,true,,293,183,322,322,http://localhost:3001/character/350,8,0,0
1745251875345,7,Delete,200,OK,Thread Group 1-728,text,true,,293,183,321,321,http://localhost:3001/character/351,7,0,0
1745251875346,6,Delete,200,OK,Thread Group 1-729,text,true,,293,183,320,320,http://localhost:3001/character/348,6,0,0
1745251872541,2812,Get characters,200,OK,Thread Group 1-734,text,false,"The operation lasted too long: It took 2,812 milliseconds, but should not have lasted longer than 30 milliseconds.",14161,158,319,319,http://localhost:3001/characters,2812,0,1
1745251875353,3,Create,201,Created,Thread Group 1-734,text,true,,281,224,319,319,http://localhost:3001/character,3,0,0
1745251875347,9,Update,200,OK,Thread Group 1-731,text,true,,276,227,319,319,http://localhost:3001/character/346,9,0,0
1745251875347,10,get by ID,200,OK,Thread Group 1-732,text,true,,276,161,319,319,http://localhost:3001/character/339,10,0,0
1745251875347,10,get by ID,200,OK,Thread Group 1-730,text,true,,276,161,319,319,http://localhost:3001/character/340,10,0,0
1745251875348,10,Create,201,Created,Thread Group 1-733,text,true,,281,224,319,319,http://localhost:3001/character,10,0,0
1745251872543,2816,Get characters,200,OK,Thread Group 1-736,text,false,"The operation lasted too long: It took 2,816 milliseconds, but should not have lasted longer than 30 milliseconds.",14245,158,319,319,http://localhost:3001/characters,2816,0,1
1745251875356,4,get by ID,200,OK,Thread Group 1-734,text,true,,276,161,319,319,http://localhost:3001/character/334,4,0,0
1745251875357,3,Delete,200,OK,Thread Group 1-731,text,true,,293,183,319,319,http://localhost:3001/character/346,3,0,0
1745251875357,3,Update,200,OK,Thread Group 1-732,text,true,,276,227,318,318,http://localhost:3001/character/339,3,0,0
1745251875357,4,Update,200,OK,Thread Group 1-730,text,true,,276,227,318,318,http://localhost:3001/character/340,4,0,0
1745251875358,3,get by ID,200,OK,Thread Group 1-733,text,true,,276,161,318,318,http://localhost:3001/character/335,3,0,0
1745251872544,2818,Get characters,200,OK,Thread Group 1-735,text,false,"The operation lasted too long: It took 2,818 milliseconds, but should not have lasted longer than 30 milliseconds.",14203,158,318,318,http://localhost:3001/characters,2818,0,1
1745251875360,2,Update,200,OK,Thread Group 1-734,text,true,,276,227,318,318,http://localhost:3001/character/334,2,0,0
1745251875361,2,Delete,200,OK,Thread Group 1-732,text,true,,293,183,318,318,http://localhost:3001/character/339,2,0,0
1745251875361,2,Delete,200,OK,Thread Group 1-730,text,true,,293,183,317,317,http://localhost:3001/character/340,2,0,0
1745251875359,5,Create,201,Created,Thread Group 1-736,text,true,,281,224,316,316,http://localhost:3001/character,5,0,0
1745251872544,2820,Get characters,200,OK,Thread Group 1-737,text,false,"The operation lasted too long: It took 2,820 milliseconds, but should not have lasted longer than 30 milliseconds.",14161,158,316,316,http://localhost:3001/characters,2820,0,1
1745251875362,3,Delete,200,OK,Thread Group 1-734,text,true,,293,183,316,316,http://localhost:3001/character/334,3,0,0
1745251875361,4,Update,200,OK,Thread Group 1-733,text,true,,276,227,315,315,http://localhost:3001/character/335,4,0,0
1745251875362,4,Create,201,Created,Thread Group 1-735,text,true,,281,224,315,315,http://localhost:3001/character,4,0,0
1745251872547,2819,Get characters,200,OK,Thread Group 1-741,text,false,"The operation lasted too long: It took 2,819 milliseconds, but should not have lasted longer than 30 milliseconds.",14161,158,315,315,http://localhost:3001/characters,2819,0,0
1745251875365,2,Delete,200,OK,Thread Group 1-733,text,true,,293,183,315,315,http://localhost:3001/character/335,2,0,0
1745251875364,3,get by ID,200,OK,Thread Group 1-736,text,true,,276,161,315,315,http://localhost:3001/character/333,3,0,0
1745251875364,4,Create,201,Created,Thread Group 1-737,text,true,,281,224,314,314,http://localhost:3001/character,4,0,0
1745251872545,2823,Get characters,200,OK,Thread Group 1-740,text,false,"The operation lasted too long: It took 2,823 milliseconds, but should not have lasted longer than 30 milliseconds.",14161,158,314,314,http://localhost:3001/characters,2823,0,1
1745251875367,2,Update,200,OK,Thread Group 1-736,text,true,,276,227,314,314,http://localhost:3001/character/333,2,0,0
1745251875368,1,get by ID,200,OK,Thread Group 1-737,text,true,,276,161,314,314,http://localhost:3001/character/333,1,0,0
1745251875366,4,get by ID,200,OK,Thread Group 1-735,text,true,,276,161,314,314,http://localhost:3001/character/333,4,0,0
1745251875366,4,Create,201,Created,Thread Group 1-741,text,true,,281,224,314,314,http://localhost:3001/character,4,0,0
1745251872547,2824,Get characters,200,OK,Thread Group 1-742,text,false,"The operation lasted too long: It took 2,824 milliseconds, but should not have lasted longer than 30 milliseconds.",14203,158,314,314,http://localhost:3001/characters,2824,0,0
1745251875369,3,Delete,200,OK,Thread Group 1-736,text,true,,293,183,314,314,http://localhost:3001/character/333,3,0,0
1745251875369,3,Update,200,OK,Thread Group 1-737,text,true,,276,227,313,313,http://localhost:3001/character/333,3,0,0
1745251875370,3,Update,200,OK,Thread Group 1-735,text,true,,276,227,313,313,http://localhost:3001/character/333,3,0,0
1745251875371,2,get by ID,200,OK,Thread Group 1-741,text,true,,276,161,313,313,http://localhost:3001/character/334,2,0,0
1745251875368,6,Create,201,Created,Thread Group 1-740,text,true,,281,224,313,313,http://localhost:3001/character,6,0,0
1745251872548,2827,Get characters,200,OK,Thread Group 1-743,text,false,"The operation lasted too long: It took 2,827 milliseconds, but should not have lasted longer than 30 milliseconds.",14203,158,313,313,http://localhost:3001/characters,2827,0,1
1745251875373,3,Delete,200,OK,Thread Group 1-737,text,true,,293,183,313,313,http://localhost:3001/character/333,3,0,0
1745251875373,3,Delete,200,OK,Thread Group 1-735,text,true,,293,183,312,312,http://localhost:3001/character/333,3,0,0
1745251875374,3,Update,200,OK,Thread Group 1-741,text,true,,276,227,311,311,http://localhost:3001/character/334,3,0,0
1745251875371,6,Create,201,Created,Thread Group 1-742,text,true,,281,224,311,311,http://localhost:3001/character,6,0,0
1745251872557,2821,Get characters,200,OK,Thread Group 1-738,text,false,"The operation lasted too long: It took 2,821 milliseconds, but should not have lasted longer than 30 milliseconds.",14161,158,311,311,http://localhost:3001/characters,2821,0,1
1745251875377,2,Delete,200,OK,Thread Group 1-741,text,true,,293,183,311,311,http://localhost:3001/character/334,2,0,0
1745251875378,1,get by ID,200,OK,Thread Group 1-742,text,true,,276,161,310,310,http://localhost:3001/character/333,1,0,0
1745251875374,6,get by ID,200,OK,Thread Group 1-740,text,true,,276,161,310,310,http://localhost:3001/character/334,5,0,0
1745251875375,5,Create,201,Created,Thread Group 1-743,text,true,,281,224,310,310,http://localhost:3001/character,5,0,0
1745251872705,2675,Get characters,200,OK,Thread Group 1-745,text,false,"The operation lasted too long: It took 2,675 milliseconds, but should not have lasted longer than 30 milliseconds.",14161,158,310,310,http://localhost:3001/characters,2675,0,2
1745251875379,2,Update,200,OK,Thread Group 1-742,text,true,,276,227,310,310,http://localhost:3001/character/333,2,0,0
1745251875380,2,Update,200,OK,Thread Group 1-740,text,true,,276,227,310,310,http://localhost:3001/character/334,2,0,0
1745251875380,2,get by ID,200,OK,Thread Group 1-743,text,true,,276,161,310,310,http://localhost:3001/character/333,2,0,0
1745251875378,4,Create,201,Created,Thread Group 1-738,text,true,,281,224,310,310,http://localhost:3001/character,4,0,0
1745251872545,2838,Get characters,200,OK,Thread Group 1-739,text,false,"The operation lasted too long: It took 2,838 milliseconds, but should not have lasted longer than 30 milliseconds.",14203,158,310,310,http://localhost:3001/characters,2838,0,1
1745251875381,3,Delete,200,OK,Thread Group 1-742,text,true,,293,183,310,310,http://localhost:3001/character/333,3,0,0
1745251875382,2,Delete,200,OK,Thread Group 1-740,text,true,,293,183,309,309,http://localhost:3001/character/334,2,0,0
1745251875382,3,Update,200,OK,Thread Group 1-743,text,true,,276,227,308,308,http://localhost:3001/character/333,3,0,0
1745251875381,4,Create,201,Created,Thread Group 1-745,text,true,,281,224,308,308,http://localhost:3001/character,4,0,0
1745251872774,2612,Get characters,200,OK,Thread Group 1-747,text,false,"The operation lasted too long: It took 2,612 milliseconds, but should not have lasted longer than 30 milliseconds.",14161,158,308,308,http://localhost:3001/characters,2611,0,1
1745251875385,1,Delete,200,OK,Thread Group 1-743,text,true,,293,183,308,308,http://localhost:3001/character/333,1,0,0
1745251875383,3,get by ID,200,OK,Thread Group 1-738,text,true,,276,161,308,308,http://localhost:3001/character/334,3,0,0
1745251875383,4,Create,201,Created,Thread Group 1-739,text,true,,281,224,307,307,http://localhost:3001/character,4,0,0
1745251872784,2604,Get characters,200,OK,Thread Group 1-746,text,false,"The operation lasted too long: It took 2,604 milliseconds, but should not have lasted longer than 30 milliseconds.",14161,158,307,307,http://localhost:3001/characters,2604,0,1
1745251875386,3,Update,200,OK,Thread Group 1-738,text,true,,276,227,307,307,http://localhost:3001/character/334,3,0,0
1745251875385,4,get by ID,200,OK,Thread Group 1-745,text,true,,276,161,307,307,http://localhost:3001/character/333,4,0,0
1745251875386,4,Create,201,Created,Thread Group 1-747,text,true,,281,224,307,307,http://localhost:3001/character,4,0,0
1745251873017,2373,Get characters,200,OK,Thread Group 1-748,text,false,"The operation lasted too long: It took 2,373 milliseconds, but should not have lasted longer than 30 milliseconds.",14203,158,307,307,http://localhost:3001/characters,2373,0,1
1745251875389,2,Delete,200,OK,Thread Group 1-738,text,true,,293,183,307,307,http://localhost:3001/character/334,2,0,0
1745251875389,3,Update,200,OK,Thread Group 1-745,text,true,,276,227,306,306,http://localhost:3001/character/333,3,0,0
1745251875390,3,get by ID,200,OK,Thread Group 1-747,text,true,,276,161,306,306,http://localhost:3001/character/334,3,0,0
1745251875387,6,get by ID,200,OK,Thread Group 1-739,text,true,,276,161,306,306,http://localhost:3001/character/333,6,0,0
1745251875388,6,Create,201,Created,Thread Group 1-746,text,true,,281,224,306,306,http://localhost:3001/character,6,0,0
1745251873041,2353,Get characters,200,OK,Thread Group 1-754,text,false,"The operation lasted too long: It took 2,353 milliseconds, but should not have lasted longer than 30 milliseconds.",14203,158,306,306,http://localhost:3001/characters,2353,0,0
1745251875392,3,Delete,200,OK,Thread Group 1-745,text,true,,293,183,306,306,http://localhost:3001/character/333,3,0,0
1745251875393,2,Update,200,OK,Thread Group 1-747,text,true,,276,227,305,305,http://localhost:3001/character/334,2,0,0
1745251875393,4,Update,200,OK,Thread Group 1-739,text,true,,276,227,305,305,http://localhost:3001/character/333,4,0,0
1745251875394,3,get by ID,200,OK,Thread Group 1-746,text,true,,276,161,305,305,http://localhost:3001/character/334,3,0,0
1745251875390,8,Create,201,Created,Thread Group 1-748,text,true,,281,224,305,305,http://localhost:3001/character,8,0,0
1745251873034,2365,Get characters,200,OK,Thread Group 1-749,text,false,"The operation lasted too long: It took 2,365 milliseconds, but should not have lasted longer than 30 milliseconds.",14203,158,305,305,http://localhost:3001/characters,2365,0,0
1745251875397,3,Delete,200,OK,Thread Group 1-739,text,true,,293,183,305,305,http://localhost:3001/character/333,3,0,0
1745251875396,4,Delete,200,OK,Thread Group 1-747,text,true,,293,183,305,305,http://localhost:3001/character/334,4,0,0
1745251875397,4,Update,200,OK,Thread Group 1-746,text,true,,276,227,303,303,http://localhost:3001/character/334,4,0,0
1745251875394,7,Create,201,Created,Thread Group 1-754,text,true,,281,224,303,303,http://localhost:3001/character,7,0,0
1745251873035,2367,Get characters,200,OK,Thread Group 1-750,text,false,"The operation lasted too long: It took 2,367 milliseconds, but should not have lasted longer than 30 milliseconds.",14161,158,303,303,http://localhost:3001/characters,2366,0,1
1745251875398,6,get by ID,200,OK,Thread Group 1-748,text,true,,276,161,303,303,http://localhost:3001/character/334,6,0,0
1745251873039,2366,Get characters,200,OK,Thread Group 1-751,text,false,"The operation lasted too long: It took 2,366 milliseconds, but should not have lasted longer than 30 milliseconds.",14203,158,303,303,http://localhost:3001/characters,2366,0,1
1745251875399,6,Create,201,Created,Thread Group 1-749,text,true,,281,224,303,303,http://localhost:3001/character,6,0,0
1745251875401,5,Delete,200,OK,Thread Group 1-746,text,true,,293,183,303,303,http://localhost:3001/character/334,5,0,0
1745251875401,5,get by ID,200,OK,Thread Group 1-754,text,true,,276,161,302,302,http://localhost:3001/character/333,5,0,0
1745251873039,2368,Get characters,200,OK,Thread Group 1-752,text,false,"The operation lasted too long: It took 2,368 milliseconds, but should not have lasted longer than 30 milliseconds.",14161,158,302,302,http://localhost:3001/characters,2368,0,1
1745251873041,2367,Get characters,200,OK,Thread Group 1-753,text,false,"The operation lasted too long: It took 2,367 milliseconds, but should not have lasted longer than 30 milliseconds.",14161,158,302,302,http://localhost:3001/characters,2367,0,0
1745251873104,2304,Get characters,200,OK,Thread Group 1-807,text,false,"The operation lasted too long: It took 2,304 milliseconds, but should not have lasted longer than 30 milliseconds.",14161,158,302,302,http://localhost:3001/characters,2304,0,1
1745251873042,2367,Get characters,200,OK,Thread Group 1-756,text,false,"The operation lasted too long: It took 2,367 milliseconds, but should not have lasted longer than 30 milliseconds.",14161,158,302,302,http://localhost:3001/characters,2367,0,1
1745251873042,2367,Get characters,200,OK,Thread Group 1-757,text,false,"The operation lasted too long: It took 2,367 milliseconds, but should not have lasted longer than 30 milliseconds.",14161,158,302,302,http://localhost:3001/characters,2367,0,1
1745251873042,2368,Get characters,200,OK,Thread Group 1-755,text,false,"The operation lasted too long: It took 2,368 milliseconds, but should not have lasted longer than 30 milliseconds.",14161,158,302,302,http://localhost:3001/characters,2368,0,1
1745251873042,2369,Get characters,200,OK,Thread Group 1-759,text,false,"The operation lasted too long: It took 2,369 milliseconds, but should not have lasted longer than 30 milliseconds.",14161,158,302,302,http://localhost:3001/characters,2369,0,1
1745251873043,2368,Get characters,200,OK,Thread Group 1-760,text,false,"The operation lasted too long: It took 2,368 milliseconds, but should not have lasted longer than 30 milliseconds.",14161,158,302,302,http://localhost:3001/characters,2368,0,0
1745251873043,2369,Get characters,200,OK,Thread Group 1-761,text,false,"The operation lasted too long: It took 2,369 milliseconds, but should not have lasted longer than 30 milliseconds.",14161,158,302,302,http://localhost:3001/characters,2369,0,1
1745251875411,2,Create,201,Created,Thread Group 1-760,text,true,,281,224,302,302,http://localhost:3001/character,2,0,0
1745251875404,10,Update,200,OK,Thread Group 1-748,text,true,,276,227,302,302,http://localhost:3001/character/334,10,0,0
1745251875407,7,Create,201,Created,Thread Group 1-752,text,true,,281,224,302,302,http://localhost:3001/character,7,0,0
1745251875409,6,Create,201,Created,Thread Group 1-756,text,true,,281,224,302,302,http://localhost:3001/character,6,0,0
1745251875410,6,Create,201,Created,Thread Group 1-757,text,true,,281,224,302,302,http://localhost:3001/character,6,0,0
1745251875402,14,Create,201,Created,Thread Group 1-750,text,true,,281,224,302,302,http://localhost:3001/character,14,0,0
1745251875410,7,Create,201,Created,Thread Group 1-755,text,true,,281,224,302,302,http://localhost:3001/character,7,0,0
1745251875408,9,Create,201,Created,Thread Group 1-753,text,true,,281,224,302,302,http://localhost:3001/character,9,0,0
1745251875411,7,Create,201,Created,Thread Group 1-759,text,true,,281,224,302,302,http://localhost:3001/character,7,0,0
1745251875408,11,Create,201,Created,Thread Group 1-807,text,true,,281,224,302,302,http://localhost:3001/character,11,0,0
1745251875405,14,get by ID,200,OK,Thread Group 1-749,text,true,,276,161,302,302,http://localhost:3001/character/334,14,0,0
1745251875405,15,Create,201,Created,Thread Group 1-751,text,true,,281,224,302,302,http://localhost:3001/character,15,0,0
1745251875406,14,Update,200,OK,Thread Group 1-754,text,true,,276,227,302,302,http://localhost:3001/character/333,14,0,0
1745251873105,2316,Get characters,200,OK,Thread Group 1-842,text,false,"The operation lasted too long: It took 2,316 milliseconds, but should not have lasted longer than 30 milliseconds.",14581,158,302,302,http://localhost:3001/characters,2316,0,1
1745251875413,9,get by ID,200,OK,Thread Group 1-760,text,true,,276,161,302,302,http://localhost:3001/character/334,9,0,0
1745251875414,8,Delete,200,OK,Thread Group 1-748,text,true,,293,183,302,302,http://localhost:3001/character/334,8,0,0
1745251875415,7,get by ID,200,OK,Thread Group 1-752,text,true,,276,161,301,301,http://localhost:3001/character/335,7,0,0
1745251875415,8,get by ID,200,OK,Thread Group 1-756,text,true,,276,161,301,301,http://localhost:3001/character/336,8,0,0
1745251875416,7,get by ID,200,OK,Thread Group 1-757,text,true,,276,161,301,301,http://localhost:3001/character/337,7,0,0
1745251875416,7,get by ID,200,OK,Thread Group 1-750,text,true,,276,161,301,301,http://localhost:3001/character/338,7,0,0
1745251875417,7,get by ID,200,OK,Thread Group 1-755,text,true,,276,161,301,301,http://localhost:3001/character/339,7,0,0
1745251875418,6,get by ID,200,OK,Thread Group 1-753,text,true,,276,161,301,301,http://localhost:3001/character/340,6,0,0
1745251875418,7,get by ID,200,OK,Thread Group 1-759,text,true,,276,161,301,301,http://localhost:3001/character/341,7,0,0
1745251875419,6,get by ID,200,OK,Thread Group 1-807,text,true,,276,161,301,301,http://localhost:3001/character/342,6,0,0
1745251875419,6,Update,200,OK,Thread Group 1-749,text,true,,276,227,301,301,http://localhost:3001/character/334,6,0,0
1745251875420,6,get by ID,200,OK,Thread Group 1-751,text,true,,276,161,301,301,http://localhost:3001/character/343,6,0,0
1745251875420,6,Delete,200,OK,Thread Group 1-754,text,true,,293,183,301,301,http://localhost:3001/character/333,6,0,0
1745251875413,14,Create,201,Created,Thread Group 1-761,text,true,,281,224,300,300,http://localhost:3001/character,14,0,0
1745251873043,2385,Get characters,200,OK,Thread Group 1-762,text,false,"The operation lasted too long: It took 2,385 milliseconds, but should not have lasted longer than 30 milliseconds.",14539,158,300,300,http://localhost:3001/characters,2385,0,1
1745251875422,6,Update,200,OK,Thread Group 1-760,text,true,,276,227,300,300,http://localhost:3001/character/334,6,0,0
1745251875423,6,Update,200,OK,Thread Group 1-752,text,true,,276,227,300,300,http://localhost:3001/character/335,6,0,0
1745251875423,7,Update,200,OK,Thread Group 1-756,text,true,,276,227,300,300,http://localhost:3001/character/336,7,0,0
1745251875423,7,Update,200,OK,Thread Group 1-757,text,true,,276,227,300,300,http://localhost:3001/character/337,7,0,0
1745251875424,7,Update,200,OK,Thread Group 1-750,text,true,,276,227,300,300,http://localhost:3001/character/338,7,0,0
1745251875424,8,Update,200,OK,Thread Group 1-755,text,true,,276,227,300,300,http://localhost:3001/character/339,8,0,0
1745251875424,9,Update,200,OK,Thread Group 1-753,text,true,,276,227,300,300,http://localhost:3001/character/340,9,0,0
1745251875425,8,Update,200,OK,Thread Group 1-759,text,true,,276,227,300,300,http://localhost:3001/character/341,8,0,0
1745251875425,9,Update,200,OK,Thread Group 1-807,text,true,,276,227,300,300,http://localhost:3001/character/342,9,0,0
1745251875426,8,Delete,200,OK,Thread Group 1-749,text,true,,293,183,300,300,http://localhost:3001/character/334,8,0,0
1745251875426,9,Update,200,OK,Thread Group 1-751,text,true,,276,227,299,299,http://localhost:3001/character/343,9,0,0
1745251875427,8,get by ID,200,OK,Thread Group 1-761,text,true,,276,161,299,299,http://localhost:3001/character/342,8,0,0
1745251875421,15,Create,201,Created,Thread Group 1-842,text,true,,281,224,299,299,http://localhost:3001/character,15,0,0
1745251873106,2331,Get characters,200,OK,Thread Group 1-808,text,false,"The operation lasted too long: It took 2,331 milliseconds, but should not have lasted longer than 30 milliseconds.",14539,158,299,299,http://localhost:3001/characters,2331,0,0
1745251875429,10,Delete,200,OK,Thread Group 1-760,text,true,,293,183,299,299,http://localhost:3001/character/334,10,0,0
1745251875429,11,Delete,200,OK,Thread Group 1-752,text,true,,293,183,298,298,http://localhost:3001/character/335,11,0,0
1745251875430,10,Delete,200,OK,Thread Group 1-756,text,true,,293,183,298,298,http://localhost:3001/character/336,10,0,0
1745251875431,9,Delete,200,OK,Thread Group 1-757,text,true,,293,183,298,298,http://localhost:3001/character/337,9,0,0
1745251875431,10,Delete,200,OK,Thread Group 1-750,text,true,,293,183,295,295,http://localhost:3001/character/338,10,0,0
1745251875432,9,Delete,200,OK,Thread Group 1-755,text,true,,293,183,295,295,http://localhost:3001/character/339,9,0,0
1745251875434,8,Delete,200,OK,Thread Group 1-759,text,true,,293,183,293,293,http://localhost:3001/character/341,8,0,0
1745251875434,8,Delete,200,OK,Thread Group 1-807,text,true,,293,183,293,293,http://localhost:3001/character/342,8,0,0
1745251875433,9,Delete,200,OK,Thread Group 1-753,text,true,,293,183,293,293,http://localhost:3001/character/340,9,0,0
1745251875435,8,Update,200,OK,Thread Group 1-761,text,true,,276,227,290,290,http://localhost:3001/character/342,8,0,0
1745251875436,7,get by ID,200,OK,Thread Group 1-842,text,true,,276,161,290,290,http://localhost:3001/character/342,7,0,0
1745251875435,8,Delete,200,OK,Thread Group 1-751,text,true,,293,183,290,290,http://localhost:3001/character/343,8,0,0
1745251875428,16,Create,201,Created,Thread Group 1-762,text,true,,281,224,289,289,http://localhost:3001/character,16,0,0
1745251875437,7,Create,201,Created,Thread Group 1-808,text,true,,281,224,289,289,http://localhost:3001/character,7,0,0
1745251873044,2401,Get characters,200,OK,Thread Group 1-764,text,false,"The operation lasted too long: It took 2,401 milliseconds, but should not have lasted longer than 30 milliseconds.",14203,158,289,289,http://localhost:3001/characters,2401,0,1
1745251875443,3,Delete,200,OK,Thread Group 1-761,text,true,,293,183,289,289,http://localhost:3001/character/342,3,0,0
1745251875443,3,Update,200,OK,Thread Group 1-842,text,true,,276,227,288,288,http://localhost:3001/character/342,3,0,0
1745251873106,2341,Get characters,200,OK,Thread Group 1-843,text,false,"The operation lasted too long: It took 2,341 milliseconds, but should not have lasted longer than 30 milliseconds.",14161,158,288,288,http://localhost:3001/characters,2341,0,1
1745251875446,5,Delete,200,OK,Thread Group 1-842,text,true,,293,183,288,288,http://localhost:3001/character/342,5,0,0
1745251875447,4,Create,201,Created,Thread Group 1-843,text,true,,281,224,287,287,http://localhost:3001/character,4,0,0
1745251875445,7,get by ID,200,OK,Thread Group 1-762,text,true,,276,161,287,287,http://localhost:3001/character/334,7,0,0
1745251875445,7,get by ID,200,OK,Thread Group 1-808,text,true,,276,161,287,287,http://localhost:3001/character/333,7,0,0
1745251875445,12,Create,201,Created,Thread Group 1-764,text,true,,281,224,287,287,http://localhost:3001/character,12,0,0
1745251875452,5,Update,200,OK,Thread Group 1-808,text,true,,276,227,287,287,http://localhost:3001/character/333,5,0,0
1745251875452,6,Update,200,OK,Thread Group 1-762,text,true,,276,227,287,287,http://localhost:3001/character/334,6,0,0
1745251873044,2414,Get characters,200,OK,Thread Group 1-765,text,false,"The operation lasted too long: It took 2,414 milliseconds, but should not have lasted longer than 30 milliseconds.",14203,158,287,287,http://localhost:3001/characters,2414,0,1
1745251873106,2352,Get characters,200,OK,Thread Group 1-809,text,false,"The operation lasted too long: It took 2,352 milliseconds, but should not have lasted longer than 30 milliseconds.",14203,158,287,287,http://localhost:3001/characters,2352,0,1
1745251875451,8,get by ID,200,OK,Thread Group 1-843,text,true,,276,161,287,287,http://localhost:3001/character/333,8,0,0
1745251873044,2415,Get characters,200,OK,Thread Group 1-758,text,false,"The operation lasted too long: It took 2,415 milliseconds, but should not have lasted longer than 30 milliseconds.",14203,158,287,287,http://localhost:3001/characters,2415,0,2
1745251873123,2337,Get characters,200,OK,Thread Group 1-845,text,false,"The operation lasted too long: It took 2,337 milliseconds, but should not have lasted longer than 30 milliseconds.",14203,158,287,287,http://localhost:3001/characters,2337,0,0
1745251873107,2353,Get characters,200,OK,Thread Group 1-810,text,false,"The operation lasted too long: It took 2,353 milliseconds, but should not have lasted longer than 30 milliseconds.",14203,158,287,287,http://localhost:3001/characters,2353,0,15
1745251873045,2415,Get characters,200,OK,Thread Group 1-763,text,false,"The operation lasted too long: It took 2,415 milliseconds, but should not have lasted longer than 30 milliseconds.",14203,158,287,287,http://localhost:3001/characters,2415,0,1
1745251873049,2413,Get characters,200,OK,Thread Group 1-766,text,false,"The operation lasted too long: It took 2,413 milliseconds, but should not have lasted longer than 30 milliseconds.",14203,158,287,287,http://localhost:3001/characters,2413,0,1
1745251875458,4,Create,201,Created,Thread Group 1-809,text,true,,281,224,287,287,http://localhost:3001/character,4,0,0
1745251875458,4,Create,201,Created,Thread Group 1-765,text,true,,281,224,287,287,http://localhost:3001/character,4,0,0
1745251875457,6,get by ID,200,OK,Thread Group 1-764,text,true,,276,161,287,287,http://localhost:3001/character/334,6,0,0
1745251875458,5,Delete,200,OK,Thread Group 1-808,text,true,,293,183,287,287,http://localhost:3001/character/333,5,0,0
1745251875459,5,Create,201,Created,Thread Group 1-758,text,true,,281,224,286,286,http://localhost:3001/character,5,0,0
1745251875459,5,Update,200,OK,Thread Group 1-843,text,true,,276,227,286,286,http://localhost:3001/character/333,5,0,0
1745251875458,7,Delete,200,OK,Thread Group 1-762,text,true,,293,183,286,286,http://localhost:3001/character/334,7,0,0
1745251875460,5,Create,201,Created,Thread Group 1-845,text,true,,281,224,285,285,http://localhost:3001/character,5,0,0
1745251875460,6,Create,201,Created,Thread Group 1-763,text,true,,281,224,285,285,http://localhost:3001/character,6,0,0
1745251875460,6,Create,201,Created,Thread Group 1-810,text,true,,281,224,285,285,http://localhost:3001/character,6,0,0
1745251873124,2343,Get characters,200,OK,Thread Group 1-812,text,false,"The operation lasted too long: It took 2,343 milliseconds, but should not have lasted longer than 30 milliseconds.",14371,158,285,285,http://localhost:3001/characters,2343,0,0
1745251875462,5,get by ID,200,OK,Thread Group 1-809,text,true,,276,161,285,285,http://localhost:3001/character/335,5,0,0
1745251875463,5,get by ID,200,OK,Thread Group 1-765,text,true,,276,161,285,285,http://localhost:3001/character/336,5,0,0
1745251875463,6,Update,200,OK,Thread Group 1-764,text,true,,276,227,285,285,http://localhost:3001/character/334,6,0,0
1745251875464,5,get by ID,200,OK,Thread Group 1-758,text,true,,276,161,285,285,http://localhost:3001/character/336,5,0,0
1745251875464,5,Delete,200,OK,Thread Group 1-843,text,true,,293,183,285,285,http://localhost:3001/character/333,5,0,0
1745251875466,4,get by ID,200,OK,Thread Group 1-845,text,true,,276,161,284,284,http://localhost:3001/character/336,4,0,0
1745251875466,4,get by ID,200,OK,Thread Group 1-763,text,true,,276,161,284,284,http://localhost:3001/character/337,4,0,0
1745251875462,9,Create,201,Created,Thread Group 1-766,text,true,,281,224,284,284,http://localhost:3001/character,9,0,0
1745251873051,2420,Get characters,200,OK,Thread Group 1-768,text,false,"The operation lasted too long: It took 2,420 milliseconds, but should not have lasted longer than 30 milliseconds.",14371,158,284,284,http://localhost:3001/characters,2420,0,1
1745251875468,5,Update,200,OK,Thread Group 1-809,text,true,,276,227,284,284,http://localhost:3001/character/335,5,0,0
1745251875468,5,Update,200,OK,Thread Group 1-765,text,true,,276,227,284,284,http://localhost:3001/character/336,5,0,0
1745251875469,4,Delete,200,OK,Thread Group 1-764,text,true,,293,183,284,284,http://localhost:3001/character/334,4,0,0
1745251875469,5,Update,200,OK,Thread Group 1-758,text,true,,276,227,283,283,http://localhost:3001/character/336,5,0,0
1745251875470,5,Update,200,OK,Thread Group 1-845,text,true,,276,227,283,283,http://localhost:3001/character/336,5,0,0
1745251875470,5,Update,200,OK,Thread Group 1-763,text,true,,276,227,283,283,http://localhost:3001/character/337,5,0,0
1745251875471,4,get by ID,200,OK,Thread Group 1-766,text,true,,276,161,283,283,http://localhost:3001/character/338,4,0,0
1745251875467,9,get by ID,200,OK,Thread Group 1-810,text,true,,276,161,283,283,http://localhost:3001/character/338,9,0,0
1745251875467,9,Create,201,Created,Thread Group 1-812,text,true,,281,224,283,283,http://localhost:3001/character,9,0,0
1745251873124,2353,Get characters,200,OK,Thread Group 1-811,text,false,"The operation lasted too long: It took 2,353 milliseconds, but should not have lasted longer than 30 milliseconds.",14371,158,283,283,http://localhost:3001/characters,2353,0,0
1745251875473,4,Delete,200,OK,Thread Group 1-809,text,true,,293,183,283,283,http://localhost:3001/character/335,4,0,0
1745251875473,5,Delete,200,OK,Thread Group 1-765,text,true,,293,183,282,282,http://localhost:3001/character/336,5,0,0
1745251875474,4,Delete,200,OK,Thread Group 1-758,text,true,,293,183,281,281,http://localhost:3001/character/336,4,0,0
1745251875475,4,Delete,200,OK,Thread Group 1-845,text,true,,293,183,280,280,http://localhost:3001/character/336,4,0,0
1745251875475,4,Delete,200,OK,Thread Group 1-763,text,true,,293,183,280,280,http://localhost:3001/character/337,4,0,0
1745251875475,4,Update,200,OK,Thread Group 1-766,text,true,,276,227,278,278,http://localhost:3001/character/338,4,0,0
1745251875471,9,Create,201,Created,Thread Group 1-768,text,true,,281,224,278,278,http://localhost:3001/character,9,0,0
1745251873059,2421,Get characters,200,OK,Thread Group 1-767,text,false,"The operation lasted too long: It took 2,421 milliseconds, but should not have lasted longer than 30 milliseconds.",14203,158,278,278,http://localhost:3001/characters,2421,0,2
1745251875479,2,Delete,200,OK,Thread Group 1-766,text,true,,293,183,278,278,http://localhost:3001/character/338,2,0,0
1745251875480,1,get by ID,200,OK,Thread Group 1-768,text,true,,276,161,277,277,http://localhost:3001/character/334,1,0,0
1745251875476,6,Update,200,OK,Thread Group 1-810,text,true,,276,227,277,277,http://localhost:3001/character/338,6,0,0
1745251875476,6,get by ID,200,OK,Thread Group 1-812,text,true,,276,161,277,277,http://localhost:3001/character/338,6,0,0
1745251875477,6,Create,201,Created,Thread Group 1-811,text,true,,281,224,277,277,http://localhost:3001/character,6,0,0
1745251873125,2358,Get characters,200,OK,Thread Group 1-846,text,false,"The operation lasted too long: It took 2,358 milliseconds, but should not have lasted longer than 30 milliseconds.",14203,158,277,277,http://localhost:3001/characters,2358,0,0
1745251875481,4,Update,200,OK,Thread Group 1-768,text,true,,276,227,277,277,http://localhost:3001/character/334,4,0,0
1745251875482,3,Delete,200,OK,Thread Group 1-810,text,true,,293,183,277,277,http://localhost:3001/character/338,3,0,0
1745251875482,4,Update,200,OK,Thread Group 1-812,text,true,,276,227,276,276,http://localhost:3001/character/338,4,0,0
1745251875483,4,get by ID,200,OK,Thread Group 1-811,text,true,,276,161,276,276,http://localhost:3001/character/334,4,0,0
1745251875480,7,Create,201,Created,Thread Group 1-767,text,true,,281,224,276,276,http://localhost:3001/character,7,0,0
1745251873059,2429,Get characters,200,OK,Thread Group 1-769,text,false,"The operation lasted too long: It took 2,429 milliseconds, but should not have lasted longer than 30 milliseconds.",14203,158,276,276,http://localhost:3001/characters,2429,0,2
1745251875485,4,Delete,200,OK,Thread Group 1-768,text,true,,293,183,276,276,http://localhost:3001/character/334,4,0,0
1745251875486,3,Delete,200,OK,Thread Group 1-812,text,true,,293,183,275,275,http://localhost:3001/character/338,3,0,0
1745251875487,3,Update,200,OK,Thread Group 1-811,text,true,,276,227,274,274,http://localhost:3001/character/334,3,0,0
1745251875487,3,get by ID,200,OK,Thread Group 1-767,text,true,,276,161,274,274,http://localhost:3001/character/334,3,0,0
1745251875484,7,Create,201,Created,Thread Group 1-846,text,true,,281,224,274,274,http://localhost:3001/character,7,0,0
1745251873126,2365,Get characters,200,OK,Thread Group 1-813,text,false,"The operation lasted too long: It took 2,365 milliseconds, but should not have lasted longer than 30 milliseconds.",14161,158,274,274,http://localhost:3001/characters,2365,0,0
1745251875490,2,Delete,200,OK,Thread Group 1-811,text,true,,293,183,274,274,http://localhost:3001/character/334,2,0,0
1745251875490,2,Update,200,OK,Thread Group 1-767,text,true,,276,227,273,273,http://localhost:3001/character/334,2,0,0
1745251875491,2,get by ID,200,OK,Thread Group 1-846,text,true,,276,161,273,273,http://localhost:3001/character/333,2,0,0
1745251875488,5,Create,201,Created,Thread Group 1-769,text,true,,281,224,273,273,http://localhost:3001/character,5,0,0
1745251873062,2432,Get characters,200,OK,Thread Group 1-770,text,false,"The operation lasted too long: It took 2,432 milliseconds, but should not have lasted longer than 30 milliseconds.",14161,158,273,273,http://localhost:3001/characters,2432,0,0
1745251875493,1,Delete,200,OK,Thread Group 1-767,text,true,,293,183,273,273,http://localhost:3001/character/334,1,0,0
1745251875493,2,Update,200,OK,Thread Group 1-846,text,true,,276,227,272,272,http://localhost:3001/character/333,2,0,0
1745251875491,4,Create,201,Created,Thread Group 1-813,text,true,,281,224,272,272,http://localhost:3001/character,4,0,0
1745251873129,2367,Get characters,200,OK,Thread Group 1-815,text,false,"The operation lasted too long: It took 2,367 milliseconds, but should not have lasted longer than 30 milliseconds.",14161,158,272,272,http://localhost:3001/characters,2367,0,0
1745251875493,4,get by ID,200,OK,Thread Group 1-769,text,true,,276,161,272,272,http://localhost:3001/character/333,4,0,0
1745251875494,3,Create,201,Created,Thread Group 1-770,text,true,,281,224,272,272,http://localhost:3001/character,3,0,0
1745251873063,2434,Get characters,200,OK,Thread Group 1-771,text,false,"The operation lasted too long: It took 2,434 milliseconds, but should not have lasted longer than 30 milliseconds.",14203,158,272,272,http://localhost:3001/characters,2434,0,1
1745251875495,3,get by ID,200,OK,Thread Group 1-813,text,true,,276,161,272,272,http://localhost:3001/character/333,3,0,0
1745251875495,3,Delete,200,OK,Thread Group 1-846,text,true,,293,183,272,272,http://localhost:3001/character/333,3,0,0
1745251875496,3,Create,201,Created,Thread Group 1-815,text,true,,281,224,271,271,http://localhost:3001/character,3,0,0
1745251873128,2371,Get characters,200,OK,Thread Group 1-848,text,false,"The operation lasted too long: It took 2,371 milliseconds, but should not have lasted longer than 30 milliseconds.",14203,158,271,271,http://localhost:3001/characters,2371,0,1
1745251875498,2,Update,200,OK,Thread Group 1-813,text,true,,276,227,271,271,http://localhost:3001/character/333,2,0,0
1745251875497,4,Update,200,OK,Thread Group 1-769,text,true,,276,227,271,271,http://localhost:3001/character/333,4,0,0
1745251875497,4,get by ID,200,OK,Thread Group 1-770,text,true,,276,161,271,271,http://localhost:3001/character/334,4,0,0
1745251875498,3,Create,201,Created,Thread Group 1-771,text,true,,281,224,271,271,http://localhost:3001/character,3,0,0
1745251873063,2439,Get characters,200,OK,Thread Group 1-772,text,false,"The operation lasted too long: It took 2,439 milliseconds, but should not have lasted longer than 30 milliseconds.",14245,158,271,271,http://localhost:3001/characters,2439,0,1
1745251875500,3,Delete,200,OK,Thread Group 1-813,text,true,,293,183,271,271,http://localhost:3001/character/333,3,0,0
1745251875501,2,Delete,200,OK,Thread Group 1-769,text,true,,293,183,270,270,http://localhost:3001/character/333,2,0,0
1745251875501,3,Update,200,OK,Thread Group 1-770,text,true,,276,227,269,269,http://localhost:3001/character/334,3,0,0
1745251875499,5,get by ID,200,OK,Thread Group 1-815,text,true,,276,161,269,269,http://localhost:3001/character/334,5,0,0
1745251875500,5,Create,201,Created,Thread Group 1-848,text,true,,281,224,269,269,http://localhost:3001/character,5,0,0
1745251873130,2375,Get characters,200,OK,Thread Group 1-814,text,false,"The operation lasted too long: It took 2,375 milliseconds, but should not have lasted longer than 30 milliseconds.",14203,158,269,269,http://localhost:3001/characters,2375,0,0
1745251875504,2,Delete,200,OK,Thread Group 1-770,text,true,,293,183,269,269,http://localhost:3001/character/334,2,0,0
1745251875504,2,Update,200,OK,Thread Group 1-815,text,true,,276,227,268,268,http://localhost:3001/character/334,2,0,0
1745251875502,5,get by ID,200,OK,Thread Group 1-771,text,true,,276,161,268,268,http://localhost:3001/character/335,5,0,0
1745251875502,5,Create,201,Created,Thread Group 1-772,text,true,,281,224,268,268,http://localhost:3001/character,5,0,0
1745251873065,2443,Get characters,200,OK,Thread Group 1-773,text,false,"The operation lasted too long: It took 2,443 milliseconds, but should not have lasted longer than 30 milliseconds.",14203,158,268,268,http://localhost:3001/characters,2443,0,0
1745251875507,2,Delete,200,OK,Thread Group 1-815,text,true,,293,183,268,268,http://localhost:3001/character/334,2,0,0
1745251875507,2,Update,200,OK,Thread Group 1-771,text,true,,276,227,267,267,http://localhost:3001/character/335,2,0,0
1745251875505,4,get by ID,200,OK,Thread Group 1-848,text,true,,276,161,267,267,http://localhost:3001/character/334,4,0,0
1745251875505,5,Create,201,Created,Thread Group 1-814,text,true,,281,224,267,267,http://localhost:3001/character,5,0,0
1745251873130,2381,Get characters,200,OK,Thread Group 1-849,text,false,"The operation lasted too long: It took 2,381 milliseconds, but should not have lasted longer than 30 milliseconds.",14203,158,267,267,http://localhost:3001/characters,2381,0,1
1745251875508,3,get by ID,200,OK,Thread Group 1-772,text,true,,276,161,267,267,http://localhost:3001/character/334,3,0,0
1745251875508,4,Create,201,Created,Thread Group 1-773,text,true,,281,224,267,267,http://localhost:3001/character,4,0,0
1745251873065,2448,Get characters,200,OK,Thread Group 1-775,text,false,"The operation lasted too long: It took 2,448 milliseconds, but should not have lasted longer than 30 milliseconds.",14245,158,267,267,http://localhost:3001/characters,2448,0,0
1745251875510,4,Update,200,OK,Thread Group 1-848,text,true,,276,227,267,267,http://localhost:3001/character/334,4,0,0
1745251875509,5,Delete,200,OK,Thread Group 1-771,text,true,,293,183,267,267,http://localhost:3001/character/335,5,0,0
1745251873131,2384,Get characters,200,OK,Thread Group 1-850,text,false,"The operation lasted too long: It took 2,384 milliseconds, but should not have lasted longer than 30 milliseconds.",14203,158,266,266,http://localhost:3001/characters,2384,0,0
1745251875514,2,Delete,200,OK,Thread Group 1-848,text,true,,293,183,266,266,http://localhost:3001/character/334,2,0,0
1745251875511,6,Create,201,Created,Thread Group 1-849,text,true,,281,224,265,265,http://localhost:3001/character,6,0,0
1745251875510,7,get by ID,200,OK,Thread Group 1-814,text,true,,276,161,265,265,http://localhost:3001/character/334,7,0,0
1745251875511,7,Update,200,OK,Thread Group 1-772,text,true,,276,227,265,265,http://localhost:3001/character/334,7,0,0
1745251875512,6,get by ID,200,OK,Thread Group 1-773,text,true,,276,161,265,265,http://localhost:3001/character/335,6,0,0
1745251875513,6,Create,201,Created,Thread Group 1-775,text,true,,281,224,265,265,http://localhost:3001/character,6,0,0
1745251873065,2455,Get characters,200,OK,Thread Group 1-774,text,false,"The operation lasted too long: It took 2,455 milliseconds, but should not have lasted longer than 30 milliseconds.",14245,158,265,265,http://localhost:3001/characters,2455,0,0
1745251875517,3,get by ID,200,OK,Thread Group 1-849,text,true,,276,161,265,265,http://localhost:3001/character/334,3,0,0
1745251875517,4,Update,200,OK,Thread Group 1-814,text,true,,276,227,265,265,http://localhost:3001/character/334,4,0,0
1745251875518,4,Delete,200,OK,Thread Group 1-772,text,true,,293,183,265,265,http://localhost:3001/character/334,4,0,0
1745251875518,4,Update,200,OK,Thread Group 1-773,text,true,,276,227,264,264,http://localhost:3001/character/335,4,0,0
1745251875515,8,Create,201,Created,Thread Group 1-850,text,true,,281,224,264,264,http://localhost:3001/character,8,0,0
1745251873133,2391,Get characters,200,OK,Thread Group 1-816,text,false,"The operation lasted too long: It took 2,391 milliseconds, but should not have lasted longer than 30 milliseconds.",14245,158,264,264,http://localhost:3001/characters,2391,0,1
1745251875521,4,Update,200,OK,Thread Group 1-849,text,true,,276,227,264,264,http://localhost:3001/character/334,4,0,0
1745251875521,4,Delete,200,OK,Thread Group 1-814,text,true,,293,183,264,264,http://localhost:3001/character/334,4,0,0
1745251875522,4,Delete,200,OK,Thread Group 1-773,text,true,,293,183,263,263,http://localhost:3001/character/335,4,0,0
1745251875523,3,get by ID,200,OK,Thread Group 1-850,text,true,,276,161,263,263,http://localhost:3001/character/335,3,0,0
1745251875519,8,get by ID,200,OK,Thread Group 1-775,text,true,,276,161,262,262,http://localhost:3001/character/335,8,0,0
1745251875520,7,Create,201,Created,Thread Group 1-774,text,true,,281,224,262,262,http://localhost:3001/character,7,0,0
1745251873066,2462,Get characters,200,OK,Thread Group 1-777,text,false,"The operation lasted too long: It took 2,462 milliseconds, but should not have lasted longer than 30 milliseconds.",14203,158,262,262,http://localhost:3001/characters,2462,0,0
1745251875525,3,Delete,200,OK,Thread Group 1-849,text,true,,293,183,262,262,http://localhost:3001/character/334,3,0,0
1745251875524,4,Create,201,Created,Thread Group 1-816,text,true,,281,224,262,262,http://localhost:3001/character,4,0,0
1745251873107,2422,Get characters,200,OK,Thread Group 1-844,text,false,"The operation lasted too long: It took 2,422 milliseconds, but should not have lasted longer than 30 milliseconds.",14203,158,261,261,http://localhost:3001/characters,2422,0,29
1745251873067,2463,Get characters,200,OK,Thread Group 1-776,text,false,"The operation lasted too long: It took 2,463 milliseconds, but should not have lasted longer than 30 milliseconds.",14203,158,261,261,http://localhost:3001/characters,2462,0,1
1745251873135,2395,Get characters,200,OK,Thread Group 1-817,text,false,"The operation lasted too long: It took 2,395 milliseconds, but should not have lasted longer than 30 milliseconds.",14203,158,261,261,http://localhost:3001/characters,2395,0,2
1745251873068,2463,Get characters,200,OK,Thread Group 1-778,text,false,"The operation lasted too long: It took 2,463 milliseconds, but should not have lasted longer than 30 milliseconds.",14203,158,261,261,http://localhost:3001/characters,2463,0,1
1745251873070,2462,Get characters,200,OK,Thread Group 1-779,text,false,"The operation lasted too long: It took 2,462 milliseconds, but should not have lasted longer than 30 milliseconds.",14203,158,261,261,http://localhost:3001/characters,2462,0,0
1745251875530,2,Create,201,Created,Thread Group 1-776,text,true,,281,224,261,261,http://localhost:3001/character,2,0,0
1745251873137,2396,Get characters,200,OK,Thread Group 1-847,text,false,"The operation lasted too long: It took 2,396 milliseconds, but should not have lasted longer than 30 milliseconds.",14245,158,261,261,http://localhost:3001/characters,2396,0,0
1745251875526,7,Update,200,OK,Thread Group 1-850,text,true,,276,227,261,261,http://localhost:3001/character/335,7,0,0
1745251875527,7,Update,200,OK,Thread Group 1-775,text,true,,276,227,261,261,http://localhost:3001/character/335,7,0,0
1745251875527,7,get by ID,200,OK,Thread Group 1-774,text,true,,276,161,261,261,http://localhost:3001/character/334,7,0,0
1745251875528,7,Create,201,Created,Thread Group 1-777,text,true,,281,224,261,261,http://localhost:3001/character,7,0,0
1745251875529,6,get by ID,200,OK,Thread Group 1-816,text,true,,276,161,261,261,http://localhost:3001/character/334,6,0,0
1745251875529,7,Create,201,Created,Thread Group 1-844,text,true,,281,224,261,261,http://localhost:3001/character,7,0,0
1745251875530,6,Create,201,Created,Thread Group 1-817,text,true,,281,224,261,261,http://localhost:3001/character,6,0,0
1745251873072,2465,Get characters,200,OK,Thread Group 1-782,text,false,"The operation lasted too long: It took 2,465 milliseconds, but should not have lasted longer than 30 milliseconds.",14371,158,261,261,http://localhost:3001/characters,2465,0,0
1745251875533,5,Delete,200,OK,Thread Group 1-850,text,true,,293,183,261,261,http://localhost:3001/character/335,5,0,0
1745251875534,5,Delete,200,OK,Thread Group 1-775,text,true,,293,183,260,260,http://localhost:3001/character/335,5,0,0
1745251875534,6,Update,200,OK,Thread Group 1-774,text,true,,276,227,259,259,http://localhost:3001/character/334,6,0,0
1745251875535,5,get by ID,200,OK,Thread Group 1-777,text,true,,276,161,259,259,http://localhost:3001/character/336,5,0,0
1745251875535,6,Update,200,OK,Thread Group 1-816,text,true,,276,227,259,259,http://localhost:3001/character/334,6,0,0
1745251875536,5,get by ID,200,OK,Thread Group 1-844,text,true,,276,161,259,259,http://localhost:3001/character/337,5,0,0
1745251875536,6,get by ID,200,OK,Thread Group 1-817,text,true,,276,161,259,259,http://localhost:3001/character/338,6,0,0
1745251875531,12,Create,201,Created,Thread Group 1-778,text,true,,281,224,259,259,http://localhost:3001/character,12,0,0
1745251875532,11,Create,201,Created,Thread Group 1-779,text,true,,281,224,259,259,http://localhost:3001/character,11,0,0
1745251875532,12,get by ID,200,OK,Thread Group 1-776,text,true,,276,161,259,259,http://localhost:3001/character/335,12,0,0
1745251875533,11,Create,201,Created,Thread Group 1-847,text,true,,281,224,259,259,http://localhost:3001/character,11,0,0
1745251873138,2407,Get characters,200,OK,Thread Group 1-852,text,false,"The operation lasted too long: It took 2,407 milliseconds, but should not have lasted longer than 30 milliseconds.",14413,158,259,259,http://localhost:3001/characters,2407,0,0
1745251875540,5,Delete,200,OK,Thread Group 1-774,text,true,,293,183,259,259,http://localhost:3001/character/334,5,0,0
1745251875540,6,Update,200,OK,Thread Group 1-777,text,true,,276,227,258,258,http://localhost:3001/character/336,6,0,0
1745251875541,5,Delete,200,OK,Thread Group 1-816,text,true,,293,183,258,258,http://localhost:3001/character/334,5,0,0
1745251875541,6,Update,200,OK,Thread Group 1-844,text,true,,276,227,257,257,http://localhost:3001/character/337,6,0,0
1745251875542,5,Update,200,OK,Thread Group 1-817,text,true,,276,227,257,257,http://localhost:3001/character/338,5,0,0
1745251875543,4,get by ID,200,OK,Thread Group 1-778,text,true,,276,161,257,257,http://localhost:3001/character/337,4,0,0
1745251875537,10,Create,201,Created,Thread Group 1-782,text,true,,281,224,257,257,http://localhost:3001/character,10,0,0
1745251873072,2476,Get characters,200,OK,Thread Group 1-780,text,false,"The operation lasted too long: It took 2,476 milliseconds, but should not have lasted longer than 30 milliseconds.",14371,158,257,257,http://localhost:3001/characters,2476,0,0
1745251875543,6,get by ID,200,OK,Thread Group 1-779,text,true,,276,161,257,257,http://localhost:3001/character/338,6,0,0
1745251875544,5,get by ID,200,OK,Thread Group 1-847,text,true,,276,161,257,257,http://localhost:3001/character/339,5,0,0
1745251875544,5,Update,200,OK,Thread Group 1-776,text,true,,276,227,257,257,http://localhost:3001/character/335,5,0,0
1745251875545,5,Create,201,Created,Thread Group 1-852,text,true,,281,224,257,257,http://localhost:3001/character,5,0,0
1745251873138,2412,Get characters,200,OK,Thread Group 1-819,text,false,"The operation lasted too long: It took 2,412 milliseconds, but should not have lasted longer than 30 milliseconds.",14413,158,257,257,http://localhost:3001/characters,2412,0,0
1745251873073,2478,Get characters,200,OK,Thread Group 1-784,text,false,"The operation lasted too long: It took 2,478 milliseconds, but should not have lasted longer than 30 milliseconds.",14413,158,257,257,http://localhost:3001/characters,2478,0,1
1745251875550,1,get by ID,200,OK,Thread Group 1-852,text,true,,276,161,257,257,http://localhost:3001/character/339,1,0,0
1745251875547,5,Update,200,OK,Thread Group 1-778,text,true,,276,227,257,257,http://localhost:3001/character/337,5,0,0
1745251875549,4,Update,200,OK,Thread Group 1-779,text,true,,276,227,257,257,http://localhost:3001/character/338,4,0,0
1745251875546,7,Delete,200,OK,Thread Group 1-777,text,true,,293,183,257,257,http://localhost:3001/character/336,7,0,0
1745251875547,7,get by ID,200,OK,Thread Group 1-782,text,true,,276,161,256,256,http://localhost:3001/character/338,6,0,0
1745251875548,6,Create,201,Created,Thread Group 1-780,text,true,,281,224,256,256,http://localhost:3001/character,6,0,0
1745251875549,6,Update,200,OK,Thread Group 1-847,text,true,,276,227,256,256,http://localhost:3001/character/339,6,0,0
1745251875550,5,Delete,200,OK,Thread Group 1-776,text,true,,293,183,256,256,http://localhost:3001/character/335,5,0,0
1745251875547,9,Delete,200,OK,Thread Group 1-817,text,true,,293,183,255,255,http://localhost:3001/character/338,9,0,0
1745251875547,9,Delete,200,OK,Thread Group 1-844,text,true,,293,183,254,254,http://localhost:3001/character/337,9,0,0
1745251875550,7,Create,201,Created,Thread Group 1-819,text,true,,281,224,253,253,http://localhost:3001/character,7,0,0
1745251873138,2420,Get characters,200,OK,Thread Group 1-851,text,false,"The operation lasted too long: It took 2,420 milliseconds, but should not have lasted longer than 30 milliseconds.",14329,158,253,253,http://localhost:3001/characters,2420,0,1
1745251875552,7,Update,200,OK,Thread Group 1-852,text,true,,276,227,253,253,http://localhost:3001/character/339,7,0,0
1745251875552,8,Delete,200,OK,Thread Group 1-778,text,true,,293,183,253,253,http://localhost:3001/character/337,8,0,0
1745251875553,7,Delete,200,OK,Thread Group 1-779,text,true,,293,183,252,252,http://localhost:3001/character/338,7,0,0
1745251875554,7,Update,200,OK,Thread Group 1-782,text,true,,276,227,251,251,http://localhost:3001/character/338,7,0,0
1745251875554,7,get by ID,200,OK,Thread Group 1-780,text,true,,276,161,251,251,http://localhost:3001/character/339,7,0,0
1745251875555,6,Delete,200,OK,Thread Group 1-847,text,true,,293,183,251,251,http://localhost:3001/character/339,6,0,0
1745251875557,5,get by ID,200,OK,Thread Group 1-819,text,true,,276,161,250,250,http://localhost:3001/character/337,5,0,0
1745251875558,4,Create,201,Created,Thread Group 1-851,text,true,,281,224,250,250,http://localhost:3001/character,4,0,0
1745251875551,11,Create,201,Created,Thread Group 1-784,text,true,,281,224,250,250,http://localhost:3001/character,11,0,0
1745251873073,2490,Get characters,200,OK,Thread Group 1-785,text,false,"The operation lasted too long: It took 2,490 milliseconds, but should not have lasted longer than 30 milliseconds.",14287,158,250,250,http://localhost:3001/characters,2490,0,1
1745251875559,5,Delete,200,OK,Thread Group 1-852,text,true,,293,183,250,250,http://localhost:3001/character/339,5,0,0
1745251875561,3,Delete,200,OK,Thread Group 1-782,text,true,,293,183,250,250,http://localhost:3001/character/338,3,0,0
1745251875561,3,Update,200,OK,Thread Group 1-780,text,true,,276,227,250,250,http://localhost:3001/character/339,3,0,0
1745251875562,3,Update,200,OK,Thread Group 1-819,text,true,,276,227,248,248,http://localhost:3001/character/337,3,0,0
1745251875562,3,get by ID,200,OK,Thread Group 1-851,text,true,,276,161,248,248,http://localhost:3001/character/335,3,0,0
1745251873139,2427,Get characters,200,OK,Thread Group 1-818,text,false,"The operation lasted too long: It took 2,427 milliseconds, but should not have lasted longer than 30 milliseconds.",14203,158,248,248,http://localhost:3001/characters,2427,0,0
1745251875564,3,Delete,200,OK,Thread Group 1-780,text,true,,293,183,248,248,http://localhost:3001/character/339,3,0,0
1745251875565,2,Delete,200,OK,Thread Group 1-819,text,true,,293,183,248,248,http://localhost:3001/character/337,2,0,0
1745251875563,4,get by ID,200,OK,Thread Group 1-784,text,true,,276,161,248,248,http://localhost:3001/character/336,4,0,0
1745251875563,4,Create,201,Created,Thread Group 1-785,text,true,,281,224,246,246,http://localhost:3001/character,4,0,0
1745251873074,2494,Get characters,200,OK,Thread Group 1-783,text,false,"The operation lasted too long: It took 2,494 milliseconds, but should not have lasted longer than 30 milliseconds.",14161,158,246,246,http://localhost:3001/characters,2494,0,1
1745251875567,2,Update,200,OK,Thread Group 1-784,text,true,,276,227,246,246,http://localhost:3001/character/336,2,0,0
1745251875565,4,Update,200,OK,Thread Group 1-851,text,true,,276,227,246,246,http://localhost:3001/character/335,4,0,0
1745251875566,3,Create,201,Created,Thread Group 1-818,text,true,,281,224,246,246,http://localhost:3001/character,3,0,0
1745251873139,2431,Get characters,200,OK,Thread Group 1-853,text,false,"The operation lasted too long: It took 2,431 milliseconds, but should not have lasted longer than 30 milliseconds.",14203,158,246,246,http://localhost:3001/characters,2431,0,0
1745251875569,2,Delete,200,OK,Thread Group 1-784,text,true,,293,183,246,246,http://localhost:3001/character/336,2,0,0
1745251875568,3,get by ID,200,OK,Thread Group 1-785,text,true,,276,161,245,245,http://localhost:3001/character/333,3,0,0
1745251875568,4,Create,201,Created,Thread Group 1-783,text,true,,281,224,245,245,http://localhost:3001/character,4,0,0
1745251873074,2499,Get characters,200,OK,Thread Group 1-787,text,false,"The operation lasted too long: It took 2,499 milliseconds, but should not have lasted longer than 30 milliseconds.",14203,158,245,245,http://localhost:3001/characters,2499,0,1
1745251875571,2,Update,200,OK,Thread Group 1-785,text,true,,276,227,245,245,http://localhost:3001/character/333,2,0,0
1745251875569,5,Delete,200,OK,Thread Group 1-851,text,true,,293,183,245,245,http://localhost:3001/character/335,5,0,0
1745251875570,4,get by ID,200,OK,Thread Group 1-818,text,true,,276,161,244,244,http://localhost:3001/character/334,4,0,0
1745251875570,5,Create,201,Created,Thread Group 1-853,text,true,,281,224,244,244,http://localhost:3001/character,5,0,0
1745251873140,2436,Get characters,200,OK,Thread Group 1-820,text,false,"The operation lasted too long: It took 2,436 milliseconds, but should not have lasted longer than 30 milliseconds.",14203,158,244,244,http://localhost:3001/characters,2436,0,0
1745251875574,3,Delete,200,OK,Thread Group 1-785,text,true,,293,183,244,244,http://localhost:3001/character/333,3,0,0
1745251875574,3,Update,200,OK,Thread Group 1-818,text,true,,276,227,243,243,http://localhost:3001/character/334,3,0,0
1745251875575,3,get by ID,200,OK,Thread Group 1-853,text,true,,276,161,243,243,http://localhost:3001/character/334,3,0,0
1745251875572,6,get by ID,200,OK,Thread Group 1-783,text,true,,276,161,243,243,http://localhost:3001/character/334,6,0,0
1745251875573,6,Create,201,Created,Thread Group 1-787,text,true,,281,224,243,243,http://localhost:3001/character,6,0,0
1745251873074,2505,Get characters,200,OK,Thread Group 1-788,text,false,"The operation lasted too long: It took 2,505 milliseconds, but should not have lasted longer than 30 milliseconds.",14203,158,243,243,http://localhost:3001/characters,2505,0,1
1745251875577,3,Delete,200,OK,Thread Group 1-818,text,true,,293,183,243,243,http://localhost:3001/character/334,3,0,0
1745251875578,3,Update,200,OK,Thread Group 1-853,text,true,,276,227,242,242,http://localhost:3001/character/334,3,0,0
1745251875578,3,Update,200,OK,Thread Group 1-783,text,true,,276,227,242,242,http://localhost:3001/character/334,3,0,0
1745251875579,3,get by ID,200,OK,Thread Group 1-787,text,true,,276,161,242,242,http://localhost:3001/character/334,3,0,0
1745251875576,6,Create,201,Created,Thread Group 1-820,text,true,,281,224,242,242,http://localhost:3001/character,6,0,0
1745251873140,2443,Get characters,200,OK,Thread Group 1-821,text,false,"The operation lasted too long: It took 2,443 milliseconds, but should not have lasted longer than 30 milliseconds.",14203,158,242,242,http://localhost:3001/characters,2443,0,0
1745251875581,2,Delete,200,OK,Thread Group 1-853,text,true,,293,183,242,242,http://localhost:3001/character/334,2,0,0
1745251875581,3,Delete,200,OK,Thread Group 1-783,text,true,,293,183,241,241,http://localhost:3001/character/334,3,0,0
1745251875582,2,Update,200,OK,Thread Group 1-787,text,true,,276,227,241,241,http://localhost:3001/character/334,2,0,0
1745251875580,5,Create,201,Created,Thread Group 1-788,text,true,,281,224,240,240,http://localhost:3001/character,5,0,0
1745251873075,2510,Get characters,200,OK,Thread Group 1-786,text,false,"The operation lasted too long: It took 2,510 milliseconds, but should not have lasted longer than 30 milliseconds.",14161,158,240,240,http://localhost:3001/characters,2510,0,0
1745251875584,2,Delete,200,OK,Thread Group 1-787,text,true,,293,183,240,240,http://localhost:3001/character/334,2,0,0
1745251875582,4,get by ID,200,OK,Thread Group 1-820,text,true,,276,161,240,240,http://localhost:3001/character/334,4,0,0
1745251875583,4,Create,201,Created,Thread Group 1-821,text,true,,281,224,239,239,http://localhost:3001/character,4,0,0
1745251873140,2447,Get characters,200,OK,Thread Group 1-854,text,false,"The operation lasted too long: It took 2,447 milliseconds, but should not have lasted longer than 30 milliseconds.",14161,158,239,239,http://localhost:3001/characters,2447,0,1
1745251875585,3,get by ID,200,OK,Thread Group 1-788,text,true,,276,161,239,239,http://localhost:3001/character/333,3,0,0
1745251875586,2,Update,200,OK,Thread Group 1-820,text,true,,276,227,239,239,http://localhost:3001/character/334,2,0,0
1745251875586,3,Create,201,Created,Thread Group 1-786,text,true,,281,224,239,239,http://localhost:3001/character,3,0,0
1745251873075,2515,Get characters,200,OK,Thread Group 1-790,text,false,"The operation lasted too long: It took 2,515 milliseconds, but should not have lasted longer than 30 milliseconds.",14203,158,239,239,http://localhost:3001/characters,2515,0,1
1745251875588,2,Delete,200,OK,Thread Group 1-820,text,true,,293,183,239,239,http://localhost:3001/character/334,2,0,0
1745251875587,4,get by ID,200,OK,Thread Group 1-821,text,true,,276,161,238,238,http://localhost:3001/character/333,4,0,0
1745251875588,4,Create,201,Created,Thread Group 1-854,text,true,,281,224,238,238,http://localhost:3001/character,4,0,0
1745251873141,2451,Get characters,200,OK,Thread Group 1-822,text,false,"The operation lasted too long: It took 2,451 milliseconds, but should not have lasted longer than 30 milliseconds.",14203,158,238,238,http://localhost:3001/characters,2451,0,0
1745251875591,2,Update,200,OK,Thread Group 1-821,text,true,,276,227,238,238,http://localhost:3001/character/333,2,0,0
1745251875592,2,get by ID,200,OK,Thread Group 1-854,text,true,,276,161,238,238,http://localhost:3001/character/334,2,0,0
1745251875588,7,Update,200,OK,Thread Group 1-788,text,true,,276,227,238,238,http://localhost:3001/character/333,7,0,0
1745251875589,6,get by ID,200,OK,Thread Group 1-786,text,true,,276,161,238,238,http://localhost:3001/character/334,6,0,0
1745251875590,6,Create,201,Created,Thread Group 1-790,text,true,,281,224,238,238,http://localhost:3001/character,6,0,0
1745251873078,2518,Get characters,200,OK,Thread Group 1-789,text,false,"The operation lasted too long: It took 2,518 milliseconds, but should not have lasted longer than 30 milliseconds.",14245,158,238,238,http://localhost:3001/characters,2518,0,2
1745251875593,4,Delete,200,OK,Thread Group 1-821,text,true,,293,183,238,238,http://localhost:3001/character/333,4,0,0
1745251875594,3,Update,200,OK,Thread Group 1-854,text,true,,276,227,237,237,http://localhost:3001/character/334,3,0,0
1745251875595,3,Delete,200,OK,Thread Group 1-788,text,true,,293,183,237,237,http://localhost:3001/character/333,3,0,0
1745251875595,4,Update,200,OK,Thread Group 1-786,text,true,,276,227,236,236,http://localhost:3001/character/334,4,0,0
1745251875596,3,get by ID,200,OK,Thread Group 1-790,text,true,,276,161,236,236,http://localhost:3001/character/335,3,0,0
1745251875593,7,Create,201,Created,Thread Group 1-822,text,true,,281,224,236,236,http://localhost:3001/character,7,0,0
1745251873141,2459,Get characters,200,OK,Thread Group 1-855,text,false,"The operation lasted too long: It took 2,459 milliseconds, but should not have lasted longer than 30 milliseconds.",14203,158,236,236,http://localhost:3001/characters,2459,0,0
1745251875598,3,Delete,200,OK,Thread Group 1-854,text,true,,293,183,236,236,http://localhost:3001/character/334,3,0,0
1745251875599,2,Delete,200,OK,Thread Group 1-786,text,true,,293,183,235,235,http://localhost:3001/character/334,2,0,0
1745251875599,3,Update,200,OK,Thread Group 1-790,text,true,,276,227,235,234,http://localhost:3001/character/335,3,0,0
1745251875596,6,Create,201,Created,Thread Group 1-789,text,true,,281,224,234,234,http://localhost:3001/character,6,0,0
1745251873084,2519,Get characters,200,OK,Thread Group 1-791,text,false,"The operation lasted too long: It took 2,519 milliseconds, but should not have lasted longer than 30 milliseconds.",14161,158,234,234,http://localhost:3001/characters,2519,0,1
1745251875602,2,Delete,200,OK,Thread Group 1-790,text,true,,293,183,234,234,http://localhost:3001/character/335,2,0,0
1745251875600,4,get by ID,200,OK,Thread Group 1-822,text,true,,276,161,234,234,http://localhost:3001/character/334,4,0,0
1745251875600,4,Create,201,Created,Thread Group 1-855,text,true,,281,224,233,233,http://localhost:3001/character,4,0,0
1745251873142,2463,Get characters,200,OK,Thread Group 1-856,text,false,"The operation lasted too long: It took 2,463 milliseconds, but should not have lasted longer than 30 milliseconds.",14161,158,233,233,http://localhost:3001/characters,2463,0,0
1745251875604,1,Update,200,OK,Thread Group 1-822,text,true,,276,227,233,233,http://localhost:3001/character/334,1,0,0
1745251875602,3,get by ID,200,OK,Thread Group 1-789,text,true,,276,161,233,233,http://localhost:3001/character/333,3,0,0
1745251875603,3,Create,201,Created,Thread Group 1-791,text,true,,281,224,233,233,http://localhost:3001/character,3,0,0
1745251873091,2516,Get characters,200,OK,Thread Group 1-793,text,false,"The operation lasted too long: It took 2,516 milliseconds, but should not have lasted longer than 30 milliseconds.",14203,158,233,233,http://localhost:3001/characters,2516,0,1
1745251875605,2,Delete,200,OK,Thread Group 1-822,text,true,,293,183,233,233,http://localhost:3001/character/334,2,0,0
1745251875606,1,Update,200,OK,Thread Group 1-789,text,true,,276,227,232,232,http://localhost:3001/character/333,1,0,0
1745251875604,4,get by ID,200,OK,Thread Group 1-855,text,true,,276,161,232,232,http://localhost:3001/character/333,4,0,0
1745251875605,3,Create,201,Created,Thread Group 1-856,text,true,,281,224,232,232,http://localhost:3001/character,3,0,0
1745251873142,2467,Get characters,200,OK,Thread Group 1-823,text,false,"The operation lasted too long: It took 2,467 milliseconds, but should not have lasted longer than 30 milliseconds.",14203,158,232,232,http://localhost:3001/characters,2467,0,0
1745251875608,1,Delete,200,OK,Thread Group 1-789,text,true,,293,183,232,232,http://localhost:3001/character/333,1,0,0
1745251875608,2,Update,200,OK,Thread Group 1-855,text,true,,276,227,231,231,http://localhost:3001/character/333,2,0,0
1745251875606,4,get by ID,200,OK,Thread Group 1-791,text,true,,276,161,231,231,http://localhost:3001/character/334,4,0,0
1745251875607,4,Create,201,Created,Thread Group 1-793,text,true,,281,224,231,231,http://localhost:3001/character,4,0,0
1745251873090,2521,Get characters,200,OK,Thread Group 1-792,text,false,"The operation lasted too long: It took 2,521 milliseconds, but should not have lasted longer than 30 milliseconds.",14203,158,231,231,http://localhost:3001/characters,2521,0,2
1745251875610,2,Delete,200,OK,Thread Group 1-855,text,true,,293,183,231,231,http://localhost:3001/character/333,2,0,0
1745251875610,3,Update,200,OK,Thread Group 1-791,text,true,,276,227,230,230,http://localhost:3001/character/334,3,0,0
1745251875611,2,get by ID,200,OK,Thread Group 1-793,text,true,,276,161,230,230,http://localhost:3001/character/334,2,0,0
1745251875608,6,get by ID,200,OK,Thread Group 1-856,text,true,,276,161,230,230,http://localhost:3001/character/334,6,0,0
1745251875609,5,Create,201,Created,Thread Group 1-823,text,true,,281,224,230,230,http://localhost:3001/character,5,0,0
1745251873143,2472,Get characters,200,OK,Thread Group 1-858,text,false,"The operation lasted too long: It took 2,472 milliseconds, but should not have lasted longer than 30 milliseconds.",14203,158,230,230,http://localhost:3001/characters,2472,0,0
1745251875613,3,Delete,200,OK,Thread Group 1-791,text,true,,293,183,230,230,http://localhost:3001/character/334,3,0,0
1745251875613,3,Update,200,OK,Thread Group 1-793,text,true,,276,227,229,229,http://localhost:3001/character/334,3,0,0
1745251875614,3,Update,200,OK,Thread Group 1-856,text,true,,276,227,229,229,http://localhost:3001/character/334,3,0,0
1745251875615,3,get by ID,200,OK,Thread Group 1-823,text,true,,276,161,229,229,http://localhost:3001/character/334,3,0,0
1745251875611,7,Create,201,Created,Thread Group 1-792,text,true,,281,224,229,229,http://localhost:3001/character,7,0,0
1745251873094,2525,Get characters,200,OK,Thread Group 1-794,text,false,"The operation lasted too long: It took 2,525 milliseconds, but should not have lasted longer than 30 milliseconds.",14203,158,229,229,http://localhost:3001/characters,2525,0,0
1745251875617,3,Delete,200,OK,Thread Group 1-793,text,true,,293,183,229,229,http://localhost:3001/character/334,3,0,0
1745251875617,3,Delete,200,OK,Thread Group 1-856,text,true,,293,183,228,228,http://localhost:3001/character/334,3,0,0
1745251875618,3,Update,200,OK,Thread Group 1-823,text,true,,276,227,227,227,http://localhost:3001/character/334,3,0,0
1745251875618,3,get by ID,200,OK,Thread Group 1-792,text,true,,276,161,227,227,http://localhost:3001/character/334,3,0,0
1745251875615,6,Create,201,Created,Thread Group 1-858,text,true,,281,224,227,227,http://localhost:3001/character,6,0,0
1745251873143,2479,Get characters,200,OK,Thread Group 1-824,text,false,"The operation lasted too long: It took 2,479 milliseconds, but should not have lasted longer than 30 milliseconds.",14161,158,227,227,http://localhost:3001/characters,2479,0,0
1745251875621,2,Delete,200,OK,Thread Group 1-823,text,true,,293,183,227,227,http://localhost:3001/character/334,2,0,0
1745251875621,3,Update,200,OK,Thread Group 1-792,text,true,,276,227,226,226,http://localhost:3001/character/334,3,0,0
1745251875619,5,Create,201,Created,Thread Group 1-794,text,true,,281,224,226,226,http://localhost:3001/character,5,0,0
1745251873094,2531,Get characters,200,OK,Thread Group 1-795,text,false,"The operation lasted too long: It took 2,531 milliseconds, but should not have lasted longer than 30 milliseconds.",14161,158,226,226,http://localhost:3001/characters,2531,0,1
1745251875622,5,get by ID,200,OK,Thread Group 1-858,text,true,,276,161,226,226,http://localhost:3001/character/333,5,0,0
1745251875622,5,Create,201,Created,Thread Group 1-824,text,true,,281,224,226,226,http://localhost:3001/character,5,0,0
1745251873143,2485,Get characters,200,OK,Thread Group 1-825,text,false,"The operation lasted too long: It took 2,485 milliseconds, but should not have lasted longer than 30 milliseconds.",14203,158,226,226,http://localhost:3001/characters,2485,0,0
1745251875624,4,get by ID,200,OK,Thread Group 1-794,text,true,,276,161,226,226,http://localhost:3001/character/333,4,0,0
1745251873096,2532,Get characters,200,OK,Thread Group 1-797,text,false,"The operation lasted too long: It took 2,532 milliseconds, but should not have lasted longer than 30 milliseconds.",14203,158,226,226,http://localhost:3001/characters,2532,0,1
1745251875624,4,Delete,200,OK,Thread Group 1-792,text,true,,293,183,226,226,http://localhost:3001/character/334,4,0,0
1745251873144,2484,Get characters,200,OK,Thread Group 1-859,text,false,"The operation lasted too long: It took 2,484 milliseconds, but should not have lasted longer than 30 milliseconds.",14161,158,226,226,http://localhost:3001/characters,2484,0,0
1745251875625,3,Create,201,Created,Thread Group 1-795,text,true,,281,224,226,226,http://localhost:3001/character,3,0,0
1745251873096,2533,Get characters,200,OK,Thread Group 1-796,text,false,"The operation lasted too long: It took 2,533 milliseconds, but should not have lasted longer than 30 milliseconds.",14203,158,225,225,http://localhost:3001/characters,2533,0,0
1745251875629,1,get by ID,200,OK,Thread Group 1-795,text,true,,276,161,225,225,http://localhost:3001/character/334,1,0,0
1745251875627,3,get by ID,200,OK,Thread Group 1-824,text,true,,276,161,225,225,http://localhost:3001/character/334,3,0,0
1745251875627,4,Update,200,OK,Thread Group 1-858,text,true,,276,227,225,225,http://localhost:3001/character/333,4,0,0
1745251875628,3,Update,200,OK,Thread Group 1-794,text,true,,276,227,225,225,http://localhost:3001/character/333,3,0,0
1745251875628,4,Create,201,Created,Thread Group 1-797,text,true,,281,224,225,225,http://localhost:3001/character,4,0,0
1745251875628,4,Create,201,Created,Thread Group 1-825,text,true,,281,224,225,225,http://localhost:3001/character,4,0,0
1745251873143,2490,Get characters,200,OK,Thread Group 1-857,text,false,"The operation lasted too long: It took 2,490 milliseconds, but should not have lasted longer than 30 milliseconds.",14287,158,225,225,http://localhost:3001/characters,2490,0,1
1745251875630,4,Update,200,OK,Thread Group 1-795,text,true,,276,227,225,225,http://localhost:3001/character/334,4,0,0
1745251875630,4,Update,200,OK,Thread Group 1-824,text,true,,276,227,225,225,http://localhost:3001/character/334,4,0,0
1745251875631,4,Delete,200,OK,Thread Group 1-858,text,true,,293,183,225,225,http://localhost:3001/character/333,4,0,0
1745251875632,3,Delete,200,OK,Thread Group 1-794,text,true,,293,183,224,224,http://localhost:3001/character/333,3,0,0
1745251875632,4,get by ID,200,OK,Thread Group 1-797,text,true,,276,161,223,223,http://localhost:3001/character/335,4,0,0
1745251875632,4,get by ID,200,OK,Thread Group 1-825,text,true,,276,161,223,223,http://localhost:3001/character/336,4,0,0
1745251875629,8,Create,201,Created,Thread Group 1-859,text,true,,281,224,223,223,http://localhost:3001/character,8,0,0
1745251875629,8,Create,201,Created,Thread Group 1-796,text,true,,281,224,223,223,http://localhost:3001/character,8,0,0
1745251873144,2494,Get characters,200,OK,Thread Group 1-826,text,false,"The operation lasted too long: It took 2,494 milliseconds, but should not have lasted longer than 30 milliseconds.",14287,158,223,223,http://localhost:3001/characters,2494,0,1
1745251875634,5,Delete,200,OK,Thread Group 1-795,text,true,,293,183,223,223,http://localhost:3001/character/334,5,0,0
1745251875634,5,Delete,200,OK,Thread Group 1-824,text,true,,293,183,222,222,http://localhost:3001/character/334,5,0,0
1745251875636,4,Update,200,OK,Thread Group 1-797,text,true,,276,227,221,221,http://localhost:3001/character/335,4,0,0
1745251875636,4,Update,200,OK,Thread Group 1-825,text,true,,276,227,221,221,http://localhost:3001/character/336,4,0,0
1745251875637,3,get by ID,200,OK,Thread Group 1-859,text,true,,276,161,221,221,http://localhost:3001/character/335,3,0,0
1745251875637,3,get by ID,200,OK,Thread Group 1-796,text,true,,276,161,221,221,http://localhost:3001/character/336,3,0,0
1745251875633,8,Create,201,Created,Thread Group 1-857,text,true,,281,224,221,221,http://localhost:3001/character,8,0,0
1745251873097,2544,Get characters,200,OK,Thread Group 1-799,text,false,"The operation lasted too long: It took 2,544 milliseconds, but should not have lasted longer than 30 milliseconds.",14245,158,221,221,http://localhost:3001/characters,2544,0,1
1745251875640,2,Delete,200,OK,Thread Group 1-797,text,true,,293,183,221,221,http://localhost:3001/character/335,2,0,0
1745251875640,3,Delete,200,OK,Thread Group 1-825,text,true,,293,183,220,220,http://localhost:3001/character/336,3,0,0
1745251875640,4,Update,200,OK,Thread Group 1-859,text,true,,276,227,219,219,http://localhost:3001/character/335,4,0,0
1745251875641,3,Update,200,OK,Thread Group 1-796,text,true,,276,227,219,219,http://localhost:3001/character/336,3,0,0
1745251875638,6,Create,201,Created,Thread Group 1-826,text,true,,281,224,219,219,http://localhost:3001/character,6,0,0
1745251873145,2500,Get characters,200,OK,Thread Group 1-860,text,false,"The operation lasted too long: It took 2,500 milliseconds, but should not have lasted longer than 30 milliseconds.",14203,158,219,219,http://localhost:3001/characters,2500,0,0
1745251875641,4,get by ID,200,OK,Thread Group 1-857,text,true,,276,161,219,219,http://localhost:3001/character/335,4,0,0
1745251875642,3,Create,201,Created,Thread Group 1-799,text,true,,281,224,219,219,http://localhost:3001/character,3,0,0
1745251873098,2548,Get characters,200,OK,Thread Group 1-798,text,false,"The operation lasted too long: It took 2,548 milliseconds, but should not have lasted longer than 30 milliseconds.",14245,158,219,219,http://localhost:3001/characters,2548,0,1
1745251875645,2,Update,200,OK,Thread Group 1-857,text,true,,276,227,219,219,http://localhost:3001/character/335,2,0,0
1745251875644,4,Delete,200,OK,Thread Group 1-859,text,true,,293,183,219,219,http://localhost:3001/character/335,4,0,0
1745251875644,5,get by ID,200,OK,Thread Group 1-826,text,true,,276,161,218,218,http://localhost:3001/character/334,5,0,0
1745251875644,5,Delete,200,OK,Thread Group 1-796,text,true,,293,183,218,218,http://localhost:3001/character/336,5,0,0
1745251875645,5,Create,201,Created,Thread Group 1-860,text,true,,281,224,217,217,http://localhost:3001/character,5,0,0
1745251873145,2506,Get characters,200,OK,Thread Group 1-827,text,false,"The operation lasted too long: It took 2,506 milliseconds, but should not have lasted longer than 30 milliseconds.",14203,158,217,217,http://localhost:3001/characters,2506,0,1
1745251875647,5,Delete,200,OK,Thread Group 1-857,text,true,,293,183,217,217,http://localhost:3001/character/335,5,0,0
1745251875649,4,Update,200,OK,Thread Group 1-826,text,true,,276,227,216,216,http://localhost:3001/character/334,4,0,0
1745251875650,4,get by ID,200,OK,Thread Group 1-860,text,true,,276,161,216,216,http://localhost:3001/character/334,4,0,0
1745251875646,9,get by ID,200,OK,Thread Group 1-799,text,true,,276,161,216,216,http://localhost:3001/character/335,8,0,0
1745251875646,9,Create,201,Created,Thread Group 1-798,text,true,,281,224,216,216,http://localhost:3001/character,9,0,0
1745251873099,2557,Get characters,200,OK,Thread Group 1-800,text,false,"The operation lasted too long: It took 2,557 milliseconds, but should not have lasted longer than 30 milliseconds.",14203,158,216,216,http://localhost:3001/characters,2557,0,1
1745251875653,4,Delete,200,OK,Thread Group 1-826,text,true,,293,183,216,216,http://localhost:3001/character/334,4,0,0
1745251875654,3,Update,200,OK,Thread Group 1-860,text,true,,276,227,216,216,http://localhost:3001/character/334,3,0,0
1745251875655,3,Update,200,OK,Thread Group 1-799,text,true,,276,227,215,215,http://localhost:3001/character/335,3,0,0
1745251875651,8,Create,201,Created,Thread Group 1-827,text,true,,281,224,215,215,http://localhost:3001/character,8,0,0
1745251873146,2513,Get characters,200,OK,Thread Group 1-828,text,false,"The operation lasted too long: It took 2,513 milliseconds, but should not have lasted longer than 30 milliseconds.",14203,158,215,215,http://localhost:3001/characters,2513,0,0
1745251875658,2,Delete,200,OK,Thread Group 1-860,text,true,,293,183,215,215,http://localhost:3001/character/334,2,0,0
1745251875655,5,get by ID,200,OK,Thread Group 1-798,text,true,,276,161,215,215,http://localhost:3001/character/334,5,0,0
1745251875656,5,Create,201,Created,Thread Group 1-800,text,true,,281,224,214,214,http://localhost:3001/character,5,0,0
1745251873100,2561,Get characters,200,OK,Thread Group 1-802,text,false,"The operation lasted too long: It took 2,561 milliseconds, but should not have lasted longer than 30 milliseconds.",14203,158,214,214,http://localhost:3001/characters,2561,0,0
1745251875658,4,Delete,200,OK,Thread Group 1-799,text,true,,293,183,214,214,http://localhost:3001/character/335,4,0,0
1745251873146,2516,Get characters,200,OK,Thread Group 1-861,text,false,"The operation lasted too long: It took 2,516 milliseconds, but should not have lasted longer than 30 milliseconds.",14161,158,214,214,http://localhost:3001/characters,2516,0,1
1745251873147,2517,Get characters,200,OK,Thread Group 1-862,text,false,"The operation lasted too long: It took 2,517 milliseconds, but should not have lasted longer than 30 milliseconds.",14161,158,213,213,http://localhost:3001/characters,2517,0,1
1745251873099,2565,Get characters,200,OK,Thread Group 1-801,text,false,"The operation lasted too long: It took 2,565 milliseconds, but should not have lasted longer than 30 milliseconds.",14161,158,213,213,http://localhost:3001/characters,2565,0,2
1745251875662,2,get by ID,200,OK,Thread Group 1-800,text,true,,276,161,213,213,http://localhost:3001/character/334,2,0,0
1745251873101,2563,Get characters,200,OK,Thread Group 1-803,text,false,"The operation lasted too long: It took 2,563 milliseconds, but should not have lasted longer than 30 milliseconds.",14161,158,213,213,http://localhost:3001/characters,2563,0,0
1745251875660,5,Update,200,OK,Thread Group 1-798,text,true,,276,227,213,213,http://localhost:3001/character/334,5,0,0
1745251875659,6,get by ID,200,OK,Thread Group 1-827,text,true,,276,161,213,213,http://localhost:3001/character/334,6,0,0
1745251875660,6,Create,201,Created,Thread Group 1-828,text,true,,281,224,213,213,http://localhost:3001/character,6,0,0
1745251875661,5,Create,201,Created,Thread Group 1-802,text,true,,281,224,213,213,http://localhost:3001/character,5,0,0
1745251873247,2420,Get characters,200,OK,Thread Group 1-926,text,false,"The operation lasted too long: It took 2,420 milliseconds, but should not have lasted longer than 30 milliseconds.",14245,158,213,213,http://localhost:3001/characters,2420,0,1
1745251875664,4,Update,200,OK,Thread Group 1-800,text,true,,276,227,213,213,http://localhost:3001/character/334,4,0,0
1745251875665,4,Delete,200,OK,Thread Group 1-798,text,true,,293,183,213,213,http://localhost:3001/character/334,4,0,0
1745251875665,5,Update,200,OK,Thread Group 1-827,text,true,,276,227,212,212,http://localhost:3001/character/334,5,0,0
1745251875666,4,get by ID,200,OK,Thread Group 1-828,text,true,,276,161,212,212,http://localhost:3001/character/334,4,0,0
1745251875666,5,get by ID,200,OK,Thread Group 1-802,text,true,,276,161,212,212,http://localhost:3001/character/335,5,0,0
1745251875663,8,Create,201,Created,Thread Group 1-861,text,true,,281,224,212,212,http://localhost:3001/character,8,0,0
1745251875664,8,Create,201,Created,Thread Group 1-862,text,true,,281,224,212,212,http://localhost:3001/character,8,0,0
1745251875664,9,Create,201,Created,Thread Group 1-801,text,true,,281,224,212,212,http://localhost:3001/character,9,0,0
1745251875665,8,Create,201,Created,Thread Group 1-803,text,true,,281,224,212,212,http://localhost:3001/character,8,0,0
1745251873430,2244,Get characters,200,OK,Thread Group 1-995,text,false,"The operation lasted too long: It took 2,244 milliseconds, but should not have lasted longer than 30 milliseconds.",14371,158,212,212,http://localhost:3001/characters,2244,0,3
1745251875668,7,Delete,200,OK,Thread Group 1-800,text,true,,293,183,212,212,http://localhost:3001/character/334,7,0,0
1745251875670,5,Delete,200,OK,Thread Group 1-827,text,true,,293,183,211,211,http://localhost:3001/character/334,5,0,0
1745251875670,6,Update,200,OK,Thread Group 1-828,text,true,,276,227,210,210,http://localhost:3001/character/334,6,0,0
1745251875671,6,Update,200,OK,Thread Group 1-802,text,true,,276,227,210,210,http://localhost:3001/character/335,6,0,0
1745251875672,5,get by ID,200,OK,Thread Group 1-861,text,true,,276,161,210,210,http://localhost:3001/character/335,5,0,0
1745251875672,5,get by ID,200,OK,Thread Group 1-862,text,true,,276,161,210,210,http://localhost:3001/character/336,5,0,0
1745251875673,5,get by ID,200,OK,Thread Group 1-801,text,true,,276,161,210,210,http://localhost:3001/character/337,5,0,0
1745251875667,11,Create,201,Created,Thread Group 1-926,text,true,,281,224,210,210,http://localhost:3001/character,11,0,0
1745251873242,2437,Get characters,200,OK,Thread Group 1-923,text,false,"The operation lasted too long: It took 2,437 milliseconds, but should not have lasted longer than 30 milliseconds.",14329,158,210,210,http://localhost:3001/characters,2437,0,0
1745251875676,3,Delete,200,OK,Thread Group 1-828,text,true,,293,183,210,210,http://localhost:3001/character/334,3,0,0
1745251875677,3,Delete,200,OK,Thread Group 1-802,text,true,,293,183,209,209,http://localhost:3001/character/335,3,0,0
1745251875677,3,Update,200,OK,Thread Group 1-861,text,true,,276,227,208,208,http://localhost:3001/character/335,3,0,0
1745251875678,3,Update,200,OK,Thread Group 1-862,text,true,,276,227,208,208,http://localhost:3001/character/336,3,0,0
1745251875678,3,Update,200,OK,Thread Group 1-801,text,true,,276,227,208,208,http://localhost:3001/character/337,3,0,0
1745251875673,8,get by ID,200,OK,Thread Group 1-803,text,true,,276,161,208,208,http://localhost:3001/character/338,8,0,0
1745251875674,8,Create,201,Created,Thread Group 1-995,text,true,,281,224,208,208,http://localhost:3001/character,8,0,0
1745251873238,2444,Get characters,200,OK,Thread Group 1-920,text,false,"The operation lasted too long: It took 2,444 milliseconds, but should not have lasted longer than 30 milliseconds.",14287,158,208,208,http://localhost:3001/characters,2444,0,1
1745251875681,2,Delete,200,OK,Thread Group 1-861,text,true,,293,183,208,208,http://localhost:3001/character/335,2,0,0
1745251875681,2,Delete,200,OK,Thread Group 1-862,text,true,,293,183,207,207,http://localhost:3001/character/336,2,0,0
1745251875681,3,Delete,200,OK,Thread Group 1-801,text,true,,293,183,206,206,http://localhost:3001/character/337,3,0,0
1745251875681,3,Update,200,OK,Thread Group 1-803,text,true,,276,227,205,205,http://localhost:3001/character/338,3,0,0
1745251875679,6,Create,201,Created,Thread Group 1-923,text,true,,281,224,205,205,http://localhost:3001/character,6,0,0
1745251875678,7,get by ID,200,OK,Thread Group 1-926,text,true,,276,161,205,205,http://localhost:3001/character/337,7,0,0
1745251873241,2445,Get characters,200,OK,Thread Group 1-921,text,false,"The operation lasted too long: It took 2,445 milliseconds, but should not have lasted longer than 30 milliseconds.",14203,158,205,205,http://localhost:3001/characters,2445,0,0
1745251875685,3,Delete,200,OK,Thread Group 1-803,text,true,,293,183,205,205,http://localhost:3001/character/338,3,0,0
1745251875685,3,get by ID,200,OK,Thread Group 1-923,text,true,,276,161,205,205,http://localhost:3001/character/334,3,0,0
1745251875686,3,Update,200,OK,Thread Group 1-926,text,true,,276,227,204,204,http://localhost:3001/character/337,3,0,0
1745251875682,7,get by ID,200,OK,Thread Group 1-995,text,true,,276,161,204,204,http://localhost:3001/character/336,7,0,0
1745251875683,6,Create,201,Created,Thread Group 1-920,text,true,,281,224,204,204,http://localhost:3001/character,6,0,0
1745251873236,2454,Get characters,200,OK,Thread Group 1-918,text,false,"The operation lasted too long: It took 2,454 milliseconds, but should not have lasted longer than 30 milliseconds.",14203,158,204,204,http://localhost:3001/characters,2454,0,1
1745251875688,3,Update,200,OK,Thread Group 1-923,text,true,,276,227,204,204,http://localhost:3001/character/334,3,0,0
1745251875689,3,Delete,200,OK,Thread Group 1-926,text,true,,293,183,204,204,http://localhost:3001/character/337,3,0,0
1745251875689,3,Update,200,OK,Thread Group 1-995,text,true,,276,227,203,203,http://localhost:3001/character/336,3,0,0
1745251875690,3,get by ID,200,OK,Thread Group 1-920,text,true,,276,161,203,203,http://localhost:3001/character/334,3,0,0
1745251875690,3,Create,201,Created,Thread Group 1-918,text,true,,281,224,203,203,http://localhost:3001/character,3,0,0
1745251875686,8,Create,201,Created,Thread Group 1-921,text,true,,281,224,203,203,http://localhost:3001/character,8,0,0
1745251873236,2459,Get characters,200,OK,Thread Group 1-919,text,false,"The operation lasted too long: It took 2,459 milliseconds, but should not have lasted longer than 30 milliseconds.",14245,158,203,203,http://localhost:3001/characters,2459,0,1
1745251875692,3,Delete,200,OK,Thread Group 1-923,text,true,,293,183,203,203,http://localhost:3001/character/334,3,0,0
1745251875693,3,Delete,200,OK,Thread Group 1-995,text,true,,293,183,202,202,http://localhost:3001/character/336,3,0,0
1745251875693,3,Update,200,OK,Thread Group 1-920,text,true,,276,227,202,202,http://localhost:3001/character/334,3,0,0
1745251875694,3,get by ID,200,OK,Thread Group 1-918,text,true,,276,161,201,201,http://localhost:3001/character/334,3,0,0
1745251875694,3,get by ID,200,OK,Thread Group 1-921,text,true,,276,161,201,201,http://localhost:3001/character/335,3,0,0
1745251873234,2463,Get characters,200,OK,Thread Group 1-916,text,false,"The operation lasted too long: It took 2,463 milliseconds, but should not have lasted longer than 30 milliseconds.",14161,158,201,201,http://localhost:3001/characters,2463,0,0
1745251875696,2,Delete,200,OK,Thread Group 1-920,text,true,,293,183,201,201,http://localhost:3001/character/334,2,0,0
1745251875697,1,Update,200,OK,Thread Group 1-918,text,true,,276,227,200,200,http://localhost:3001/character/334,1,0,0
1745251875695,4,Create,201,Created,Thread Group 1-919,text,true,,281,224,200,200,http://localhost:3001/character,4,0,0
1745251873234,2465,Get characters,200,OK,Thread Group 1-915,text,false,"The operation lasted too long: It took 2,465 milliseconds, but should not have lasted longer than 30 milliseconds.",14161,158,200,200,http://localhost:3001/characters,2465,0,0
1745251875699,4,Delete,200,OK,Thread Group 1-918,text,true,,293,183,200,200,http://localhost:3001/character/334,4,0,0
1745251875699,4,get by ID,200,OK,Thread Group 1-919,text,true,,276,161,200,200,http://localhost:3001/character/333,4,0,0
1745251875697,7,Update,200,OK,Thread Group 1-921,text,true,,276,227,199,199,http://localhost:3001/character/335,7,0,0
1745251875698,6,Create,201,Created,Thread Group 1-916,text,true,,281,224,199,199,http://localhost:3001/character,6,0,0
1745251873171,2533,Get characters,200,OK,Thread Group 1-885,text,false,"The operation lasted too long: It took 2,533 milliseconds, but should not have lasted longer than 30 milliseconds.",14161,158,199,199,http://localhost:3001/characters,2533,0,1
1745251873232,2472,Get characters,200,OK,Thread Group 1-911,text,false,"The operation lasted too long: It took 2,472 milliseconds, but should not have lasted longer than 30 milliseconds.",14161,158,199,199,http://localhost:3001/characters,2472,0,1
1745251873233,2471,Get characters,200,OK,Thread Group 1-912,text,false,"The operation lasted too long: It took 2,471 milliseconds, but should not have lasted longer than 30 milliseconds.",14161,158,199,199,http://localhost:3001/characters,2471,0,0
1745251873170,2536,Get characters,200,OK,Thread Group 1-882,text,false,"The operation lasted too long: It took 2,536 milliseconds, but should not have lasted longer than 30 milliseconds.",14161,158,199,199,http://localhost:3001/characters,2536,0,1
1745251875700,7,Create,201,Created,Thread Group 1-915,text,true,,281,224,199,199,http://localhost:3001/character,7,0,0
1745251875703,4,Update,200,OK,Thread Group 1-919,text,true,,276,227,199,199,http://localhost:3001/character/333,4,0,0
1745251875704,4,Delete,200,OK,Thread Group 1-921,text,true,,293,183,199,199,http://localhost:3001/character/335,4,0,0
1745251875705,4,Create,201,Created,Thread Group 1-911,text,true,,281,224,198,198,http://localhost:3001/character,4,0,0
1745251875704,5,get by ID,200,OK,Thread Group 1-916,text,true,,276,161,198,198,http://localhost:3001/character/333,5,0,0
1745251875705,5,Create,201,Created,Thread Group 1-885,text,true,,281,224,198,198,http://localhost:3001/character,5,0,0
1745251875705,5,Create,201,Created,Thread Group 1-912,text,true,,281,224,198,198,http://localhost:3001/character,5,0,0
1745251873170,2541,Get characters,200,OK,Thread Group 1-883,text,false,"The operation lasted too long: It took 2,541 milliseconds, but should not have lasted longer than 30 milliseconds.",14287,158,198,198,http://localhost:3001/characters,2541,0,1
1745251875707,5,get by ID,200,OK,Thread Group 1-915,text,true,,276,161,198,198,http://localhost:3001/character/334,5,0,0
1745251875707,5,Delete,200,OK,Thread Group 1-919,text,true,,293,183,198,198,http://localhost:3001/character/333,5,0,0
1745251875709,4,get by ID,200,OK,Thread Group 1-911,text,true,,276,161,197,197,http://localhost:3001/character/334,4,0,0
1745251875709,4,Update,200,OK,Thread Group 1-916,text,true,,276,227,197,197,http://localhost:3001/character/333,4,0,0
1745251875710,3,get by ID,200,OK,Thread Group 1-885,text,true,,276,161,197,197,http://localhost:3001/character/335,3,0,0
1745251875711,3,get by ID,200,OK,Thread Group 1-912,text,true,,276,161,197,197,http://localhost:3001/character/336,3,0,0
1745251875706,8,Create,201,Created,Thread Group 1-882,text,true,,281,224,197,197,http://localhost:3001/character,8,0,0
1745251873170,2545,Get characters,200,OK,Thread Group 1-881,text,false,"The operation lasted too long: It took 2,545 milliseconds, but should not have lasted longer than 30 milliseconds.",14287,158,197,197,http://localhost:3001/characters,2545,0,1
1745251875713,3,Update,200,OK,Thread Group 1-911,text,true,,276,227,197,197,http://localhost:3001/character/334,3,0,0
1745251875712,4,Update,200,OK,Thread Group 1-915,text,true,,276,227,197,197,http://localhost:3001/character/334,4,0,0
1745251875713,3,Delete,200,OK,Thread Group 1-916,text,true,,293,183,197,197,http://localhost:3001/character/333,3,0,0
1745251875714,3,Update,200,OK,Thread Group 1-885,text,true,,276,227,196,196,http://localhost:3001/character/335,3,0,0
1745251875714,3,Update,200,OK,Thread Group 1-912,text,true,,276,227,196,196,http://localhost:3001/character/336,3,0,0
1745251875711,7,Create,201,Created,Thread Group 1-883,text,true,,281,224,196,196,http://localhost:3001/character,7,0,0
1745251873169,2549,Get characters,200,OK,Thread Group 1-880,text,false,"The operation lasted too long: It took 2,549 milliseconds, but should not have lasted longer than 30 milliseconds.",14287,158,196,196,http://localhost:3001/characters,2549,0,0
1745251875716,3,Delete,200,OK,Thread Group 1-915,text,true,,293,183,196,196,http://localhost:3001/character/334,3,0,0
1745251875716,3,Delete,200,OK,Thread Group 1-911,text,true,,293,183,195,195,http://localhost:3001/character/334,3,0,0
1745251875717,3,Delete,200,OK,Thread Group 1-885,text,true,,293,183,194,194,http://localhost:3001/character/335,3,0,0
1745251875717,3,Delete,200,OK,Thread Group 1-912,text,true,,293,183,193,193,http://localhost:3001/character/336,3,0,0
1745251875715,6,get by ID,200,OK,Thread Group 1-882,text,true,,276,161,193,193,http://localhost:3001/character/336,6,0,0
1745251875715,6,Create,201,Created,Thread Group 1-881,text,true,,281,224,192,192,http://localhost:3001/character,6,0,0
1745251873169,2553,Get characters,200,OK,Thread Group 1-781,text,false,"The operation lasted too long: It took 2,553 milliseconds, but should not have lasted longer than 30 milliseconds.",14161,158,192,192,http://localhost:3001/characters,2553,0,0
1745251875721,2,Update,200,OK,Thread Group 1-882,text,true,,276,227,192,192,http://localhost:3001/character/336,2,0,0
1745251875718,6,get by ID,200,OK,Thread Group 1-883,text,true,,276,161,192,192,http://localhost:3001/character/336,6,0,0
1745251875719,5,Create,201,Created,Thread Group 1-880,text,true,,281,224,192,192,http://localhost:3001/character,5,0,0
1745251873167,2558,Get characters,200,OK,Thread Group 1-879,text,false,"The operation lasted too long: It took 2,558 milliseconds, but should not have lasted longer than 30 milliseconds.",14203,158,192,192,http://localhost:3001/characters,2558,0,1
1745251875722,3,Create,201,Created,Thread Group 1-781,text,true,,281,224,192,192,http://localhost:3001/character,3,0,0
1745251875722,3,get by ID,200,OK,Thread Group 1-881,text,true,,276,161,192,192,http://localhost:3001/character/333,3,0,0
1745251873167,2559,Get characters,200,OK,Thread Group 1-841,text,false,"The operation lasted too long: It took 2,559 milliseconds, but should not have lasted longer than 30 milliseconds.",14245,158,192,192,http://localhost:3001/characters,2559,0,0
1745251875724,3,Update,200,OK,Thread Group 1-883,text,true,,276,227,192,192,http://localhost:3001/character/336,3,0,0
1745251875724,3,Delete,200,OK,Thread Group 1-882,text,true,,293,183,192,192,http://localhost:3001/character/336,3,0,0
1745251875724,4,get by ID,200,OK,Thread Group 1-880,text,true,,276,161,191,191,http://localhost:3001/character/334,4,0,0
1745251873165,2564,Get characters,200,OK,Thread Group 1-878,text,false,"The operation lasted too long: It took 2,564 milliseconds, but should not have lasted longer than 30 milliseconds.",14203,158,191,191,http://localhost:3001/characters,2564,0,1
1745251875727,3,Delete,200,OK,Thread Group 1-883,text,true,,293,183,191,191,http://localhost:3001/character/336,3,0,0
1745251875725,6,Update,200,OK,Thread Group 1-881,text,true,,276,227,190,190,http://localhost:3001/character/333,6,0,0
1745251875725,6,get by ID,200,OK,Thread Group 1-781,text,true,,276,161,190,190,http://localhost:3001/character/335,6,0,0
1745251875725,7,Create,201,Created,Thread Group 1-879,text,true,,281,224,190,190,http://localhost:3001/character,7,0,0
1745251875726,6,Create,201,Created,Thread Group 1-841,text,true,,281,224,190,190,http://localhost:3001/character,6,0,0
1745251873164,2569,Get characters,200,OK,Thread Group 1-840,text,false,"The operation lasted too long: It took 2,569 milliseconds, but should not have lasted longer than 30 milliseconds.",14245,158,190,190,http://localhost:3001/characters,2569,0,1
1745251875731,3,Delete,200,OK,Thread Group 1-881,text,true,,293,183,190,190,http://localhost:3001/character/333,3,0,0
1745251875731,4,Update,200,OK,Thread Group 1-781,text,true,,276,227,189,189,http://localhost:3001/character/335,4,0,0
1745251875732,3,get by ID,200,OK,Thread Group 1-879,text,true,,276,161,189,189,http://localhost:3001/character/334,3,0,0
1745251875732,4,get by ID,200,OK,Thread Group 1-841,text,true,,276,161,189,189,http://localhost:3001/character/335,4,0,0
1745251875728,8,Update,200,OK,Thread Group 1-880,text,true,,276,227,189,189,http://localhost:3001/character/334,8,0,0
1745251875729,7,Create,201,Created,Thread Group 1-878,text,true,,281,224,189,189,http://localhost:3001/character,7,0,0
1745251873163,2574,Get characters,200,OK,Thread Group 1-839,text,false,"The operation lasted too long: It took 2,574 milliseconds, but should not have lasted longer than 30 milliseconds.",14245,158,189,189,http://localhost:3001/characters,2574,0,1
1745251875735,3,Delete,200,OK,Thread Group 1-781,text,true,,293,183,189,189,http://localhost:3001/character/335,3,0,0
1745251875735,3,Update,200,OK,Thread Group 1-879,text,true,,276,227,188,188,http://localhost:3001/character/334,3,0,0
1745251875733,5,Create,201,Created,Thread Group 1-840,text,true,,281,224,188,188,http://localhost:3001/character,5,0,0
1745251873163,2576,Get characters,200,OK,Thread Group 1-877,text,false,"The operation lasted too long: It took 2,576 milliseconds, but should not have lasted longer than 30 milliseconds.",14245,158,188,188,http://localhost:3001/characters,2576,0,0
1745251875737,3,get by ID,200,OK,Thread Group 1-878,text,true,,276,161,188,188,http://localhost:3001/character/335,3,0,0
1745251875736,4,Update,200,OK,Thread Group 1-841,text,true,,276,227,188,188,http://localhost:3001/character/335,4,0,0
1745251875736,4,Delete,200,OK,Thread Group 1-880,text,true,,293,183,188,188,http://localhost:3001/character/334,4,0,0
1745251875737,4,Create,201,Created,Thread Group 1-839,text,true,,281,224,187,187,http://localhost:3001/character,4,0,0
1745251873162,2579,Get characters,200,OK,Thread Group 1-876,text,false,"The operation lasted too long: It took 2,579 milliseconds, but should not have lasted longer than 30 milliseconds.",14245,158,187,187,http://localhost:3001/characters,2579,0,1
1745251875740,2,Update,200,OK,Thread Group 1-878,text,true,,276,227,187,187,http://localhost:3001/character/335,2,0,0
1745251875740,2,Delete,200,OK,Thread Group 1-841,text,true,,293,183,187,187,http://localhost:3001/character/335,2,0,0
1745251875739,4,get by ID,200,OK,Thread Group 1-840,text,true,,276,161,186,186,http://localhost:3001/character/335,4,0,0
1745251875738,5,Delete,200,OK,Thread Group 1-879,text,true,,293,183,186,186,http://localhost:3001/character/334,5,0,0
1745251875739,5,Create,201,Created,Thread Group 1-877,text,true,,281,224,185,185,http://localhost:3001/character,5,0,0
1745251873161,2583,Get characters,200,OK,Thread Group 1-838,text,false,"The operation lasted too long: It took 2,583 milliseconds, but should not have lasted longer than 30 milliseconds.",14203,158,185,185,http://localhost:3001/characters,2583,0,1
1745251875742,3,Delete,200,OK,Thread Group 1-878,text,true,,293,183,185,185,http://localhost:3001/character/335,3,0,0
1745251875743,3,Update,200,OK,Thread Group 1-840,text,true,,276,227,184,184,http://localhost:3001/character/335,3,0,0
1745251875741,5,get by ID,200,OK,Thread Group 1-839,text,true,,276,161,184,184,http://localhost:3001/character/335,5,0,0
1745251875741,6,Create,201,Created,Thread Group 1-876,text,true,,281,224,184,184,http://localhost:3001/character,6,0,0
1745251873160,2588,Get characters,200,OK,Thread Group 1-875,text,false,"The operation lasted too long: It took 2,588 milliseconds, but should not have lasted longer than 30 milliseconds.",14203,158,184,184,http://localhost:3001/characters,2588,0,1
1745251875746,3,Delete,200,OK,Thread Group 1-840,text,true,,293,183,184,184,http://localhost:3001/character/335,3,0,0
1745251875747,2,Update,200,OK,Thread Group 1-839,text,true,,276,227,183,183,http://localhost:3001/character/335,2,0,0
1745251875747,3,get by ID,200,OK,Thread Group 1-876,text,true,,276,161,183,183,http://localhost:3001/character/334,3,0,0
1745251875744,6,get by ID,200,OK,Thread Group 1-877,text,true,,276,161,183,183,http://localhost:3001/character/334,6,0,0
1745251875744,7,Create,201,Created,Thread Group 1-838,text,true,,281,224,183,183,http://localhost:3001/character,7,0,0
1745251873158,2593,Get characters,200,OK,Thread Group 1-837,text,false,"The operation lasted too long: It took 2,593 milliseconds, but should not have lasted longer than 30 milliseconds.",14203,158,183,183,http://localhost:3001/characters,2593,0,1
1745251875749,3,Delete,200,OK,Thread Group 1-839,text,true,,293,183,183,183,http://localhost:3001/character/335,3,0,0
1745251875750,3,Update,200,OK,Thread Group 1-876,text,true,,276,227,182,182,http://localhost:3001/character/334,3,0,0
1745251875750,4,Update,200,OK,Thread Group 1-877,text,true,,276,227,182,182,http://localhost:3001/character/334,4,0,0
1745251875748,6,Create,201,Created,Thread Group 1-875,text,true,,281,224,182,182,http://localhost:3001/character,6,0,0
1745251873158,2596,Get characters,200,OK,Thread Group 1-836,text,false,"The operation lasted too long: It took 2,596 milliseconds, but should not have lasted longer than 30 milliseconds.",14203,158,182,182,http://localhost:3001/characters,2596,0,1
1745251875753,2,Delete,200,OK,Thread Group 1-876,text,true,,293,183,182,182,http://localhost:3001/character/334,2,0,0
1745251875754,1,Delete,200,OK,Thread Group 1-877,text,true,,293,183,182,182,http://localhost:3001/character/334,1,0,0
1745251875751,5,get by ID,200,OK,Thread Group 1-838,text,true,,276,161,180,180,http://localhost:3001/character/334,5,0,0
1745251875752,4,Create,201,Created,Thread Group 1-837,text,true,,281,224,180,180,http://localhost:3001/character,4,0,0
1745251873157,2600,Get characters,200,OK,Thread Group 1-874,text,false,"The operation lasted too long: It took 2,600 milliseconds, but should not have lasted longer than 30 milliseconds.",14161,158,180,180,http://localhost:3001/characters,2600,0,1
1745251875754,3,get by ID,200,OK,Thread Group 1-875,text,true,,276,161,180,180,http://localhost:3001/character/334,3,0,0
1745251875755,2,Create,201,Created,Thread Group 1-836,text,true,,281,224,180,180,http://localhost:3001/character,2,0,0
1745251873157,2601,Get characters,200,OK,Thread Group 1-835,text,false,"The operation lasted too long: It took 2,601 milliseconds, but should not have lasted longer than 30 milliseconds.",14203,158,180,180,http://localhost:3001/characters,2601,0,1
1745251875757,2,Update,200,OK,Thread Group 1-875,text,true,,276,227,180,180,http://localhost:3001/character/334,2,0,0
1745251875756,3,Update,200,OK,Thread Group 1-838,text,true,,276,227,180,180,http://localhost:3001/character/334,3,0,0
1745251875756,3,get by ID,200,OK,Thread Group 1-837,text,true,,276,161,180,180,http://localhost:3001/character/333,3,0,0
1745251875757,3,Create,201,Created,Thread Group 1-874,text,true,,281,224,180,180,http://localhost:3001/character,3,0,0
1745251873171,2589,Get characters,200,OK,Thread Group 1-884,text,false,"The operation lasted too long: It took 2,589 milliseconds, but should not have lasted longer than 30 milliseconds.",14245,158,180,180,http://localhost:3001/characters,2589,0,1
1745251875759,2,Delete,200,OK,Thread Group 1-875,text,true,,293,183,180,180,http://localhost:3001/character/334,2,0,0
1745251875759,2,Delete,200,OK,Thread Group 1-838,text,true,,293,183,179,179,http://localhost:3001/character/334,2,0,0
1745251875759,2,Update,200,OK,Thread Group 1-837,text,true,,276,227,178,178,http://localhost:3001/character/333,2,0,0
1745251875758,4,get by ID,200,OK,Thread Group 1-836,text,true,,276,161,178,178,http://localhost:3001/character/334,4,0,0
1745251875758,4,Create,201,Created,Thread Group 1-835,text,true,,281,224,178,178,http://localhost:3001/character,4,0,0
1745251873104,2659,Get characters,200,OK,Thread Group 1-806,text,false,"The operation lasted too long: It took 2,659 milliseconds, but should not have lasted longer than 30 milliseconds.",14203,158,178,178,http://localhost:3001/characters,2659,0,1
1745251875762,1,Delete,200,OK,Thread Group 1-837,text,true,,293,183,178,178,http://localhost:3001/character/333,1,0,0
1745251875762,2,Update,200,OK,Thread Group 1-836,text,true,,276,227,177,177,http://localhost:3001/character/334,2,0,0
1745251875760,4,get by ID,200,OK,Thread Group 1-874,text,true,,276,161,177,177,http://localhost:3001/character/335,4,0,0
1745251875760,5,Create,201,Created,Thread Group 1-884,text,true,,281,224,177,177,http://localhost:3001/character,5,0,0
1745251873103,2663,Get characters,200,OK,Thread Group 1-805,text,false,"The operation lasted too long: It took 2,663 milliseconds, but should not have lasted longer than 30 milliseconds.",14203,158,177,177,http://localhost:3001/characters,2663,0,0
1745251875764,3,Delete,200,OK,Thread Group 1-836,text,true,,293,183,177,177,http://localhost:3001/character/334,3,0,0
1745251875765,2,Update,200,OK,Thread Group 1-874,text,true,,276,227,176,176,http://localhost:3001/character/335,2,0,0
1745251875765,3,get by ID,200,OK,Thread Group 1-884,text,true,,276,161,176,176,http://localhost:3001/character/334,3,0,0
1745251875762,6,get by ID,200,OK,Thread Group 1-835,text,true,,276,161,176,176,http://localhost:3001/character/334,6,0,0
1745251875763,5,Create,201,Created,Thread Group 1-806,text,true,,281,224,176,176,http://localhost:3001/character,5,0,0
1745251873101,2668,Get characters,200,OK,Thread Group 1-804,text,false,"The operation lasted too long: It took 2,668 milliseconds, but should not have lasted longer than 30 milliseconds.",14203,158,176,176,http://localhost:3001/characters,2668,0,1
1745251875767,3,Delete,200,OK,Thread Group 1-874,text,true,,293,183,176,176,http://localhost:3001/character/335,3,0,0
1745251875768,2,Update,200,OK,Thread Group 1-884,text,true,,276,227,175,175,http://localhost:3001/character/334,2,0,0
1745251875768,3,Update,200,OK,Thread Group 1-835,text,true,,276,227,175,175,http://localhost:3001/character/334,3,0,0
1745251875769,2,get by ID,200,OK,Thread Group 1-806,text,true,,276,161,175,175,http://localhost:3001/character/334,2,0,0
1745251875766,6,Create,201,Created,Thread Group 1-805,text,true,,281,224,175,175,http://localhost:3001/character,6,0,0
1745251873243,2529,Get characters,200,OK,Thread Group 1-924,text,false,"The operation lasted too long: It took 2,529 milliseconds, but should not have lasted longer than 30 milliseconds.",14203,158,175,175,http://localhost:3001/characters,2529,0,0
1745251875771,2,Delete,200,OK,Thread Group 1-884,text,true,,293,183,175,175,http://localhost:3001/character/334,2,0,0
1745251875771,2,Delete,200,OK,Thread Group 1-835,text,true,,293,183,175,175,http://localhost:3001/character/334,2,0,0
1745251875772,2,Update,200,OK,Thread Group 1-806,text,true,,276,227,173,173,http://localhost:3001/character/334,2,0,0
1745251875769,5,Create,201,Created,Thread Group 1-804,text,true,,281,224,173,173,http://localhost:3001/character,5,0,0
1745251873233,2542,Get characters,200,OK,Thread Group 1-914,text,false,"The operation lasted too long: It took 2,542 milliseconds, but should not have lasted longer than 30 milliseconds.",14161,158,173,173,http://localhost:3001/characters,2542,0,1
1745251875774,1,Delete,200,OK,Thread Group 1-806,text,true,,293,183,173,173,http://localhost:3001/character/334,1,0,0
1745251875772,3,get by ID,200,OK,Thread Group 1-805,text,true,,276,161,173,173,http://localhost:3001/character/334,3,0,0
1745251875773,3,Create,201,Created,Thread Group 1-924,text,true,,281,224,172,172,http://localhost:3001/character,3,0,0
1745251873233,2544,Get characters,200,OK,Thread Group 1-913,text,false,"The operation lasted too long: It took 2,544 milliseconds, but should not have lasted longer than 30 milliseconds.",14161,158,172,172,http://localhost:3001/characters,2544,0,0
1745251875776,1,Update,200,OK,Thread Group 1-805,text,true,,276,227,172,172,http://localhost:3001/character/334,1,0,0
1745251875774,3,get by ID,200,OK,Thread Group 1-804,text,true,,276,161,172,172,http://localhost:3001/character/333,3,0,0
1745251875775,3,Create,201,Created,Thread Group 1-914,text,true,,281,224,172,172,http://localhost:3001/character,3,0,0
1745251873232,2547,Get characters,200,OK,Thread Group 1-910,text,false,"The operation lasted too long: It took 2,547 milliseconds, but should not have lasted longer than 30 milliseconds.",14203,158,172,172,http://localhost:3001/characters,2546,0,0
1745251875778,1,Delete,200,OK,Thread Group 1-805,text,true,,293,183,172,172,http://localhost:3001/character/334,1,0,0
1745251875778,2,Update,200,OK,Thread Group 1-804,text,true,,276,227,171,171,http://localhost:3001/character/333,2,0,0
1745251875777,3,Create,201,Created,Thread Group 1-913,text,true,,281,224,171,171,http://localhost:3001/character,3,0,0
1745251875777,3,get by ID,200,OK,Thread Group 1-924,text,true,,276,161,171,171,http://localhost:3001/character/333,3,0,0
1745251873231,2550,Get characters,200,OK,Thread Group 1-908,text,false,"The operation lasted too long: It took 2,550 milliseconds, but should not have lasted longer than 30 milliseconds.",14203,158,171,171,http://localhost:3001/characters,2550,0,0
1745251875780,4,Delete,200,OK,Thread Group 1-804,text,true,,293,183,171,171,http://localhost:3001/character/333,4,0,0
1745251875778,7,get by ID,200,OK,Thread Group 1-914,text,true,,276,161,170,170,http://localhost:3001/character/334,7,0,0
1745251875779,7,Create,201,Created,Thread Group 1-910,text,true,,281,224,170,170,http://localhost:3001/character,7,0,0
1745251873195,2592,Get characters,200,OK,Thread Group 1-899,text,false,"The operation lasted too long: It took 2,592 milliseconds, but should not have lasted longer than 30 milliseconds.",14203,158,170,170,http://localhost:3001/characters,2592,0,0
1745251875785,3,Update,200,OK,Thread Group 1-914,text,true,,276,227,170,170,http://localhost:3001/character/334,3,0,0
1745251875787,1,get by ID,200,OK,Thread Group 1-910,text,true,,276,161,170,170,http://localhost:3001/character/334,1,0,0
1745251875780,9,Update,200,OK,Thread Group 1-924,text,true,,276,227,170,170,http://localhost:3001/character/333,9,0,0
1745251875780,9,get by ID,200,OK,Thread Group 1-913,text,true,,276,161,170,170,http://localhost:3001/character/334,9,0,0
1745251875781,9,Create,201,Created,Thread Group 1-908,text,true,,281,224,170,170,http://localhost:3001/character,9,0,0
1745251873196,2594,Get characters,200,OK,Thread Group 1-900,text,false,"The operation lasted too long: It took 2,594 milliseconds, but should not have lasted longer than 30 milliseconds.",14245,158,170,170,http://localhost:3001/characters,2594,0,1
1745251875788,3,Delete,200,OK,Thread Group 1-914,text,true,,293,183,170,170,http://localhost:3001/character/334,3,0,0
1745251875788,4,Update,200,OK,Thread Group 1-910,text,true,,276,227,169,169,http://localhost:3001/character/334,4,0,0
1745251875789,3,Delete,200,OK,Thread Group 1-924,text,true,,293,183,169,169,http://localhost:3001/character/333,3,0,0
1745251875789,4,Update,200,OK,Thread Group 1-913,text,true,,276,227,168,168,http://localhost:3001/character/334,4,0,0
1745251875790,3,get by ID,200,OK,Thread Group 1-908,text,true,,276,161,168,168,http://localhost:3001/character/335,3,0,0
1745251875787,7,Create,201,Created,Thread Group 1-899,text,true,,281,224,168,168,http://localhost:3001/character,7,0,0
1745251873199,2595,Get characters,200,OK,Thread Group 1-901,text,false,"The operation lasted too long: It took 2,595 milliseconds, but should not have lasted longer than 30 milliseconds.",14203,158,168,168,http://localhost:3001/characters,2595,0,1
1745251875792,3,Delete,200,OK,Thread Group 1-910,text,true,,293,183,168,168,http://localhost:3001/character/334,3,0,0
1745251875793,2,Delete,200,OK,Thread Group 1-913,text,true,,293,183,167,167,http://localhost:3001/character/334,2,0,0
1745251875793,3,Update,200,OK,Thread Group 1-908,text,true,,276,227,166,166,http://localhost:3001/character/335,3,0,0
1745251875791,6,Create,201,Created,Thread Group 1-900,text,true,,281,224,166,166,http://localhost:3001/character,6,0,0
1745251875794,3,get by ID,200,OK,Thread Group 1-899,text,true,,276,161,166,166,http://localhost:3001/character/334,3,0,0
1745251873172,2625,Get characters,200,OK,Thread Group 1-887,text,false,"The operation lasted too long: It took 2,625 milliseconds, but should not have lasted longer than 30 milliseconds.",14161,158,166,166,http://localhost:3001/characters,2625,0,1
1745251875794,4,Create,201,Created,Thread Group 1-901,text,true,,281,224,166,166,http://localhost:3001/character,4,0,0
1745251873201,2598,Get characters,200,OK,Thread Group 1-902,text,false,"The operation lasted too long: It took 2,598 milliseconds, but should not have lasted longer than 30 milliseconds.",14203,158,166,166,http://localhost:3001/characters,2598,0,1
1745251875796,6,Delete,200,OK,Thread Group 1-908,text,true,,293,183,166,166,http://localhost:3001/character/335,6,0,0
1745251875797,6,get by ID,200,OK,Thread Group 1-900,text,true,,276,161,165,165,http://localhost:3001/character/333,6,0,0
1745251873172,2633,Get characters,200,OK,Thread Group 1-886,text,false,"The operation lasted too long: It took 2,633 milliseconds, but should not have lasted longer than 30 milliseconds.",14161,158,165,165,http://localhost:3001/characters,2633,0,1
1745251875804,1,Update,200,OK,Thread Group 1-900,text,true,,276,227,165,165,http://localhost:3001/character/333,1,0,0
1745251875798,8,Create,201,Created,Thread Group 1-887,text,true,,281,224,165,165,http://localhost:3001/character,8,0,0
1745251875798,8,Update,200,OK,Thread Group 1-899,text,true,,276,227,165,165,http://localhost:3001/character/334,8,0,0
1745251875798,9,get by ID,200,OK,Thread Group 1-901,text,true,,276,161,165,165,http://localhost:3001/character/334,9,0,0
1745251875799,9,Create,201,Created,Thread Group 1-902,text,true,,281,224,165,165,http://localhost:3001/character,9,0,0
1745251873203,2605,Get characters,200,OK,Thread Group 1-903,text,false,"The operation lasted too long: It took 2,605 milliseconds, but should not have lasted longer than 30 milliseconds.",14245,158,165,165,http://localhost:3001/characters,2605,0,1
1745251875805,4,Delete,200,OK,Thread Group 1-900,text,true,,293,183,165,165,http://localhost:3001/character/333,4,0,0
1745251875806,3,get by ID,200,OK,Thread Group 1-887,text,true,,276,161,164,164,http://localhost:3001/character/334,3,0,0
1745251875806,3,Delete,200,OK,Thread Group 1-899,text,true,,293,183,164,164,http://localhost:3001/character/334,3,0,0
1745251875807,3,Update,200,OK,Thread Group 1-901,text,true,,276,227,163,163,http://localhost:3001/character/334,3,0,0
1745251875805,5,Create,201,Created,Thread Group 1-886,text,true,,281,224,163,163,http://localhost:3001/character,5,0,0
1745251873174,2637,Get characters,200,OK,Thread Group 1-889,text,false,"The operation lasted too long: It took 2,637 milliseconds, but should not have lasted longer than 30 milliseconds.",14203,158,163,163,http://localhost:3001/characters,2637,0,1
1745251875809,2,Update,200,OK,Thread Group 1-887,text,true,,276,227,163,163,http://localhost:3001/character/334,2,0,0
1745251875808,4,get by ID,200,OK,Thread Group 1-902,text,true,,276,161,163,163,http://localhost:3001/character/335,4,0,0
1745251875808,4,Create,201,Created,Thread Group 1-903,text,true,,281,224,163,163,http://localhost:3001/character,4,0,0
1745251873242,2571,Get characters,200,OK,Thread Group 1-922,text,false,"The operation lasted too long: It took 2,571 milliseconds, but should not have lasted longer than 30 milliseconds.",14245,158,163,163,http://localhost:3001/characters,2571,0,1
1745251875811,2,Delete,200,OK,Thread Group 1-887,text,true,,293,183,163,163,http://localhost:3001/character/334,2,0,0
1745251875812,2,Update,200,OK,Thread Group 1-902,text,true,,276,227,162,162,http://localhost:3001/character/335,2,0,0
1745251875810,4,Delete,200,OK,Thread Group 1-901,text,true,,293,183,162,162,http://localhost:3001/character/334,4,0,0
1745251875810,4,get by ID,200,OK,Thread Group 1-886,text,true,,276,161,162,162,http://localhost:3001/character/334,4,0,0
1745251875811,4,Create,201,Created,Thread Group 1-889,text,true,,281,224,161,161,http://localhost:3001/character,4,0,0
1745251873234,2581,Get characters,200,OK,Thread Group 1-917,text,false,"The operation lasted too long: It took 2,581 milliseconds, but should not have lasted longer than 30 milliseconds.",14203,158,161,161,http://localhost:3001/characters,2581,0,1
1745251875814,2,Delete,200,OK,Thread Group 1-902,text,true,,293,183,161,161,http://localhost:3001/character/335,1,0,0
1745251875812,4,get by ID,200,OK,Thread Group 1-903,text,true,,276,161,160,160,http://localhost:3001/character/335,4,0,0
1745251875813,5,Create,201,Created,Thread Group 1-922,text,true,,281,224,160,160,http://localhost:3001/character,5,0,0
1745251873232,2587,Get characters,200,OK,Thread Group 1-909,text,false,"The operation lasted too long: It took 2,587 milliseconds, but should not have lasted longer than 30 milliseconds.",14203,158,160,160,http://localhost:3001/characters,2587,0,0
1745251875816,5,Update,200,OK,Thread Group 1-903,text,true,,276,227,160,160,http://localhost:3001/character/335,5,0,0
1745251875818,3,get by ID,200,OK,Thread Group 1-922,text,true,,276,161,160,160,http://localhost:3001/character/334,3,0,0
1745251875819,3,Create,201,Created,Thread Group 1-909,text,true,,281,224,160,160,http://localhost:3001/character,3,0,0
1745251875814,8,Update,200,OK,Thread Group 1-886,text,true,,276,227,160,160,http://localhost:3001/character/334,8,0,0
1745251875815,7,get by ID,200,OK,Thread Group 1-889,text,true,,276,161,160,160,http://localhost:3001/character/334,7,0,0
1745251875815,8,Create,201,Created,Thread Group 1-917,text,true,,281,224,160,160,http://localhost:3001/character,8,0,0
1745251873216,2608,Get characters,200,OK,Thread Group 1-907,text,false,"The operation lasted too long: It took 2,608 milliseconds, but should not have lasted longer than 30 milliseconds.",14287,158,160,160,http://localhost:3001/characters,2608,0,1
1745251875821,4,Delete,200,OK,Thread Group 1-903,text,true,,293,183,160,160,http://localhost:3001/character/335,4,0,0
1745251875821,4,Update,200,OK,Thread Group 1-922,text,true,,276,227,159,159,http://localhost:3001/character/334,4,0,0
1745251875822,4,get by ID,200,OK,Thread Group 1-909,text,true,,276,161,159,159,http://localhost:3001/character/335,4,0,0
1745251875822,5,Delete,200,OK,Thread Group 1-886,text,true,,293,183,159,159,http://localhost:3001/character/334,5,0,0
1745251875823,4,Update,200,OK,Thread Group 1-889,text,true,,276,227,158,158,http://localhost:3001/character/334,4,0,0
1745251875823,4,get by ID,200,OK,Thread Group 1-917,text,true,,276,161,158,158,http://localhost:3001/character/336,4,0,0
1745251873210,2618,Get characters,200,OK,Thread Group 1-906,text,false,"The operation lasted too long: It took 2,618 milliseconds, but should not have lasted longer than 30 milliseconds.",14203,158,158,158,http://localhost:3001/characters,2618,0,0
1745251875826,2,Delete,200,OK,Thread Group 1-922,text,true,,293,183,158,158,http://localhost:3001/character/334,2,0,0
1745251875826,3,Update,200,OK,Thread Group 1-909,text,true,,276,227,157,157,http://localhost:3001/character/335,3,0,0
1745251875824,5,Create,201,Created,Thread Group 1-907,text,true,,281,224,157,157,http://localhost:3001/character,5,0,0
1745251873206,2624,Get characters,200,OK,Thread Group 1-905,text,false,"The operation lasted too long: It took 2,624 milliseconds, but should not have lasted longer than 30 milliseconds.",14203,158,157,157,http://localhost:3001/characters,2624,0,2
1745251875829,1,Delete,200,OK,Thread Group 1-909,text,true,,293,183,157,157,http://localhost:3001/character/335,1,0,0
1745251875827,4,Delete,200,OK,Thread Group 1-889,text,true,,293,183,156,156,http://localhost:3001/character/334,4,0,0
1745251875827,4,Update,200,OK,Thread Group 1-917,text,true,,276,227,156,156,http://localhost:3001/character/336,4,0,0
1745251875828,4,Create,201,Created,Thread Group 1-906,text,true,,281,224,155,155,http://localhost:3001/character,4,0,0
1745251873205,2627,Get characters,200,OK,Thread Group 1-904,text,false,"The operation lasted too long: It took 2,627 milliseconds, but should not have lasted longer than 30 milliseconds.",14161,158,155,155,http://localhost:3001/characters,2627,0,1
1745251875831,2,Delete,200,OK,Thread Group 1-917,text,true,,293,183,155,155,http://localhost:3001/character/336,2,0,0
1745251875829,4,get by ID,200,OK,Thread Group 1-907,text,true,,276,161,154,154,http://localhost:3001/character/334,4,0,0
1745251875830,4,Create,201,Created,Thread Group 1-905,text,true,,281,224,154,154,http://localhost:3001/character,4,0,0
1745251873192,2642,Get characters,200,OK,Thread Group 1-898,text,false,"The operation lasted too long: It took 2,642 milliseconds, but should not have lasted longer than 30 milliseconds.",14161,158,154,154,http://localhost:3001/characters,2642,0,1
1745251875833,3,Update,200,OK,Thread Group 1-907,text,true,,276,227,154,154,http://localhost:3001/character/334,3,0,0
1745251875832,4,get by ID,200,OK,Thread Group 1-906,text,true,,276,161,154,154,http://localhost:3001/character/333,4,0,0
1745251875832,4,Create,201,Created,Thread Group 1-904,text,true,,281,224,154,154,http://localhost:3001/character,4,0,0
1745251873191,2645,Get characters,200,OK,Thread Group 1-897,text,false,"The operation lasted too long: It took 2,645 milliseconds, but should not have lasted longer than 30 milliseconds.",14203,158,154,154,http://localhost:3001/characters,2645,0,1
1745251875834,3,get by ID,200,OK,Thread Group 1-905,text,true,,276,161,154,154,http://localhost:3001/character/333,3,0,0
1745251875835,2,Create,201,Created,Thread Group 1-898,text,true,,281,224,154,154,http://localhost:3001/character,2,0,0
1745251873189,2649,Get characters,200,OK,Thread Group 1-896,text,false,"The operation lasted too long: It took 2,649 milliseconds, but should not have lasted longer than 30 milliseconds.",14245,158,154,154,http://localhost:3001/characters,2649,0,0
1745251875837,2,Update,200,OK,Thread Group 1-905,text,true,,276,227,154,154,http://localhost:3001/character/333,2,0,0
1745251875837,2,get by ID,200,OK,Thread Group 1-898,text,true,,276,161,154,154,http://localhost:3001/character/335,2,0,0
1745251875836,4,Update,200,OK,Thread Group 1-906,text,true,,276,227,154,154,http://localhost:3001/character/333,4,0,0
1745251875836,4,get by ID,200,OK,Thread Group 1-904,text,true,,276,161,154,154,http://localhost:3001/character/334,4,0,0
1745251875836,5,Delete,200,OK,Thread Group 1-907,text,true,,293,183,154,154,http://localhost:3001/character/334,5,0,0
1745251875836,6,Create,201,Created,Thread Group 1-897,text,true,,281,224,153,153,http://localhost:3001/character,6,0,0
1745251873176,2667,Get characters,200,OK,Thread Group 1-890,text,false,"The operation lasted too long: It took 2,667 milliseconds, but should not have lasted longer than 30 milliseconds.",14245,158,153,153,http://localhost:3001/characters,2667,0,2
1745251875839,4,Delete,200,OK,Thread Group 1-905,text,true,,293,183,153,153,http://localhost:3001/character/333,4,0,0
1745251875840,4,Update,200,OK,Thread Group 1-898,text,true,,276,227,152,152,http://localhost:3001/character/335,4,0,0
1745251875840,5,Delete,200,OK,Thread Group 1-906,text,true,,293,183,152,152,http://localhost:3001/character/333,5,0,0
1745251875840,6,Update,200,OK,Thread Group 1-904,text,true,,276,227,151,151,http://localhost:3001/character/334,6,0,0
1745251875842,4,get by ID,200,OK,Thread Group 1-897,text,true,,276,161,151,151,http://localhost:3001/character/335,4,0,0
1745251875838,9,Create,201,Created,Thread Group 1-896,text,true,,281,224,151,151,http://localhost:3001/character,9,0,0
1745251873184,2664,Get characters,200,OK,Thread Group 1-895,text,false,"The operation lasted too long: It took 2,664 milliseconds, but should not have lasted longer than 30 milliseconds.",14203,158,151,151,http://localhost:3001/characters,2664,0,1
1745251875844,4,Delete,200,OK,Thread Group 1-898,text,true,,293,183,151,151,http://localhost:3001/character/335,4,0,0
1745251875846,3,Delete,200,OK,Thread Group 1-904,text,true,,293,183,150,150,http://localhost:3001/character/334,3,0,0
1745251875846,3,Update,200,OK,Thread Group 1-897,text,true,,276,227,149,149,http://localhost:3001/character/335,3,0,0
1745251875843,6,Create,201,Created,Thread Group 1-890,text,true,,281,224,149,149,http://localhost:3001/character,6,0,0
1745251873183,2667,Get characters,200,OK,Thread Group 1-893,text,false,"The operation lasted too long: It took 2,667 milliseconds, but should not have lasted longer than 30 milliseconds.",14161,158,149,149,http://localhost:3001/characters,2667,0,1
1745251875849,2,Delete,200,OK,Thread Group 1-897,text,true,,293,183,149,149,http://localhost:3001/character/335,2,0,0
1745251875847,4,get by ID,200,OK,Thread Group 1-896,text,true,,276,161,149,149,http://localhost:3001/character/334,4,0,0
1745251875848,4,Create,201,Created,Thread Group 1-895,text,true,,281,224,148,148,http://localhost:3001/character,4,0,0
1745251875850,2,get by ID,200,OK,Thread Group 1-890,text,true,,276,161,148,148,http://localhost:3001/character/333,2,0,0
1745251873183,2670,Get characters,200,OK,Thread Group 1-894,text,false,"The operation lasted too long: It took 2,670 milliseconds, but should not have lasted longer than 30 milliseconds.",14161,158,148,148,http://localhost:3001/characters,2670,0,1
1745251875850,4,Create,201,Created,Thread Group 1-893,text,true,,281,224,148,148,http://localhost:3001/character,4,0,0
1745251873179,2675,Get characters,200,OK,Thread Group 1-892,text,false,"The operation lasted too long: It took 2,675 milliseconds, but should not have lasted longer than 30 milliseconds.",14203,158,148,148,http://localhost:3001/characters,2675,0,3
1745251875851,3,Update,200,OK,Thread Group 1-896,text,true,,276,227,148,148,http://localhost:3001/character/334,3,0,0
1745251873179,2676,Get characters,200,OK,Thread Group 1-891,text,false,"The operation lasted too long: It took 2,676 milliseconds, but should not have lasted longer than 30 milliseconds.",14203,158,148,148,http://localhost:3001/characters,2676,0,0
1745251875853,2,get by ID,200,OK,Thread Group 1-895,text,true,,276,161,148,148,http://localhost:3001/character/333,2,0,0
1745251875853,2,Update,200,OK,Thread Group 1-890,text,true,,276,227,148,148,http://localhost:3001/character/333,2,0,0
1745251875853,3,Create,201,Created,Thread Group 1-894,text,true,,281,224,148,148,http://localhost:3001/character,3,0,0
1745251873172,2685,Get characters,200,OK,Thread Group 1-888,text,false,"The operation lasted too long: It took 2,685 milliseconds, but should not have lasted longer than 30 milliseconds.",14245,158,148,148,http://localhost:3001/characters,2684,0,1
1745251875855,2,Update,200,OK,Thread Group 1-895,text,true,,276,227,148,148,http://localhost:3001/character/333,2,0,0
1745251875855,3,Delete,200,OK,Thread Group 1-890,text,true,,293,183,148,148,http://localhost:3001/character/333,3,0,0
1745251875856,2,get by ID,200,OK,Thread Group 1-894,text,true,,276,161,147,147,http://localhost:3001/character/335,2,0,0
1745251875854,5,get by ID,200,OK,Thread Group 1-893,text,true,,276,161,147,147,http://localhost:3001/character/334,5,0,0
1745251875854,5,Delete,200,OK,Thread Group 1-896,text,true,,293,183,147,147,http://localhost:3001/character/334,5,0,0
1745251875854,6,Create,201,Created,Thread Group 1-892,text,true,,281,224,146,146,http://localhost:3001/character,6,0,0
1745251875855,5,Create,201,Created,Thread Group 1-891,text,true,,281,224,146,146,http://localhost:3001/character,5,0,0
1745251873156,2705,Get characters,200,OK,Thread Group 1-873,text,false,"The operation lasted too long: It took 2,705 milliseconds, but should not have lasted longer than 30 milliseconds.",14245,158,146,146,http://localhost:3001/characters,2705,0,1
1745251875857,5,Delete,200,OK,Thread Group 1-895,text,true,,293,183,146,146,http://localhost:3001/character/333,5,0,0
1745251875858,5,Update,200,OK,Thread Group 1-894,text,true,,276,227,145,145,http://localhost:3001/character/335,5,0,0
1745251875859,4,Update,200,OK,Thread Group 1-893,text,true,,276,227,145,145,http://localhost:3001/character/334,4,0,0
1745251875860,4,get by ID,200,OK,Thread Group 1-892,text,true,,276,161,145,145,http://localhost:3001/character/334,4,0,0
1745251875861,3,get by ID,200,OK,Thread Group 1-891,text,true,,276,161,145,145,http://localhost:3001/character/335,3,0,0
1745251875857,8,Create,201,Created,Thread Group 1-888,text,true,,281,224,145,145,http://localhost:3001/character,8,0,0
1745251873156,2709,Get characters,200,OK,Thread Group 1-872,text,false,"The operation lasted too long: It took 2,709 milliseconds, but should not have lasted longer than 30 milliseconds.",14245,158,145,145,http://localhost:3001/characters,2709,0,1
1745251875863,4,Delete,200,OK,Thread Group 1-894,text,true,,293,183,145,145,http://localhost:3001/character/335,4,0,0
1745251875863,4,Delete,200,OK,Thread Group 1-893,text,true,,293,183,144,144,http://localhost:3001/character/334,4,0,0
1745251875864,4,Update,200,OK,Thread Group 1-892,text,true,,276,227,143,143,http://localhost:3001/character/334,4,0,0
1745251875864,4,Update,200,OK,Thread Group 1-891,text,true,,276,227,143,143,http://localhost:3001/character/335,4,0,0
1745251875865,3,get by ID,200,OK,Thread Group 1-888,text,true,,276,161,143,143,http://localhost:3001/character/335,3,0,0
1745251875866,3,Create,201,Created,Thread Group 1-872,text,true,,281,224,143,143,http://localhost:3001/character,3,0,0
1745251875861,8,Create,201,Created,Thread Group 1-873,text,true,,281,224,143,143,http://localhost:3001/character,8,0,0
1745251873155,2715,Get characters,200,OK,Thread Group 1-871,text,false,"The operation lasted too long: It took 2,715 milliseconds, but should not have lasted longer than 30 milliseconds.",14245,158,143,143,http://localhost:3001/characters,2715,0,1
1745251875868,3,Delete,200,OK,Thread Group 1-892,text,true,,293,183,143,143,http://localhost:3001/character/334,3,0,0
1745251875868,3,Delete,200,OK,Thread Group 1-891,text,true,,293,183,142,142,http://localhost:3001/character/335,3,0,0
1745251875869,2,Update,200,OK,Thread Group 1-888,text,true,,276,227,141,141,http://localhost:3001/character/335,2,0,0
1745251875869,3,get by ID,200,OK,Thread Group 1-872,text,true,,276,161,141,141,http://localhost:3001/character/334,3,0,0
1745251875870,2,get by ID,200,OK,Thread Group 1-873,text,true,,276,161,141,141,http://localhost:3001/character/335,2,0,0
1745251873156,2717,Get characters,200,OK,Thread Group 1-834,text,false,"The operation lasted too long: It took 2,717 milliseconds, but should not have lasted longer than 30 milliseconds.",14161,158,141,141,http://localhost:3001/characters,2717,0,0
1745251875872,1,Delete,200,OK,Thread Group 1-888,text,true,,293,183,141,141,http://localhost:3001/character/335,1,0,0
1745251875872,2,Update,200,OK,Thread Group 1-872,text,true,,276,227,140,140,http://localhost:3001/character/334,2,0,0
1745251875872,2,Update,200,OK,Thread Group 1-873,text,true,,276,227,140,140,http://localhost:3001/character/335,2,0,0
1745251875870,5,Create,201,Created,Thread Group 1-871,text,true,,281,224,140,140,http://localhost:3001/character,5,0,0
1745251873154,2722,Get characters,200,OK,Thread Group 1-832,text,false,"The operation lasted too long: It took 2,722 milliseconds, but should not have lasted longer than 30 milliseconds.",14161,158,140,140,http://localhost:3001/characters,2722,0,1
1745251875874,3,Delete,200,OK,Thread Group 1-872,text,true,,293,183,140,140,http://localhost:3001/character/334,3,0,0
1745251875874,3,Delete,200,OK,Thread Group 1-873,text,true,,293,183,139,139,http://localhost:3001/character/335,3,0,0
1745251875875,3,get by ID,200,OK,Thread Group 1-871,text,true,,276,161,138,138,http://localhost:3001/character/333,3,0,0
1745251875876,3,Create,201,Created,Thread Group 1-832,text,true,,281,224,138,138,http://localhost:3001/character,3,0,0
1745251875873,6,Create,201,Created,Thread Group 1-834,text,true,,281,224,138,138,http://localhost:3001/character,6,0,0
1745251873155,2725,Get characters,200,OK,Thread Group 1-833,text,false,"The operation lasted too long: It took 2,725 milliseconds, but should not have lasted longer than 30 milliseconds.",14161,158,138,138,http://localhost:3001/characters,2725,0,0
1745251875878,3,Update,200,OK,Thread Group 1-871,text,true,,276,227,138,138,http://localhost:3001/character/333,3,0,0
1745251875879,2,get by ID,200,OK,Thread Group 1-832,text,true,,276,161,138,138,http://localhost:3001/character/332,2,0,0
1745251875879,3,get by ID,200,OK,Thread Group 1-834,text,true,,276,161,138,138,http://localhost:3001/character/333,3,0,0
1745251873155,2728,Get characters,200,OK,Thread Group 1-870,text,false,"The operation lasted too long: It took 2,728 milliseconds, but should not have lasted longer than 30 milliseconds.",14161,158,138,138,http://localhost:3001/characters,2727,0,0
1745251875881,3,Delete,200,OK,Thread Group 1-871,text,true,,293,183,138,138,http://localhost:3001/character/333,3,0,0
1745251875881,3,Update,200,OK,Thread Group 1-832,text,true,,276,227,137,137,http://localhost:3001/character/332,3,0,0
1745251875882,3,Update,200,OK,Thread Group 1-834,text,true,,276,227,137,137,http://localhost:3001/character/333,3,0,0
1745251875883,2,Create,201,Created,Thread Group 1-870,text,true,,281,224,137,137,http://localhost:3001/character,2,0,0
1745251875880,6,Create,201,Created,Thread Group 1-833,text,true,,281,224,137,137,http://localhost:3001/character,6,0,0
1745251873154,2732,Get characters,200,OK,Thread Group 1-869,text,false,"The operation lasted too long: It took 2,732 milliseconds, but should not have lasted longer than 30 milliseconds.",14203,158,137,137,http://localhost:3001/characters,2732,0,0
1745251875884,3,Delete,200,OK,Thread Group 1-832,text,true,,293,183,137,137,http://localhost:3001/character/332,3,0,0
1745251875885,2,Delete,200,OK,Thread Group 1-834,text,true,,293,183,137,137,http://localhost:3001/character/333,2,0,0
1745251875885,2,get by ID,200,OK,Thread Group 1-870,text,true,,276,161,135,135,http://localhost:3001/character/333,2,0,0
1745251873153,2735,Get characters,200,OK,Thread Group 1-868,text,false,"The operation lasted too long: It took 2,735 milliseconds, but should not have lasted longer than 30 milliseconds.",14119,158,135,135,http://localhost:3001/characters,2735,0,0
1745251875886,3,get by ID,200,OK,Thread Group 1-833,text,true,,276,161,135,135,http://localhost:3001/character/334,3,0,0
1745251875886,3,Create,201,Created,Thread Group 1-869,text,true,,281,224,135,135,http://localhost:3001/character,3,0,0
1745251873151,2738,Get characters,200,OK,Thread Group 1-865,text,false,"The operation lasted too long: It took 2,738 milliseconds, but should not have lasted longer than 30 milliseconds.",14161,158,135,135,http://localhost:3001/characters,2738,0,1
1745251875888,2,Update,200,OK,Thread Group 1-870,text,true,,276,227,135,135,http://localhost:3001/character/333,2,0,0
1745251875888,2,Create,201,Created,Thread Group 1-868,text,true,,281,224,135,135,http://localhost:3001/character,2,0,0
1745251873152,2739,Get characters,200,OK,Thread Group 1-867,text,false,"The operation lasted too long: It took 2,739 milliseconds, but should not have lasted longer than 30 milliseconds.",14203,158,135,135,http://localhost:3001/characters,2739,0,0
1745251875890,1,Delete,200,OK,Thread Group 1-870,text,true,,293,183,135,135,http://localhost:3001/character/333,1,0,0
1745251875889,3,Update,200,OK,Thread Group 1-833,text,true,,276,227,134,134,http://localhost:3001/character/334,3,0,0
1745251875889,3,get by ID,200,OK,Thread Group 1-869,text,true,,276,161,134,134,http://localhost:3001/character/333,3,0,0
1745251875889,3,Create,201,Created,Thread Group 1-865,text,true,,281,224,134,134,http://localhost:3001/character,3,0,0
1745251873151,2742,Get characters,200,OK,Thread Group 1-830,text,false,"The operation lasted too long: It took 2,742 milliseconds, but should not have lasted longer than 30 milliseconds.",14203,158,134,134,http://localhost:3001/characters,2742,0,0
1745251875892,1,Delete,200,OK,Thread Group 1-833,text,true,,293,183,134,134,http://localhost:3001/character/334,1,0,0
1745251875892,2,Update,200,OK,Thread Group 1-869,text,true,,276,227,133,133,http://localhost:3001/character/333,2,0,0
1745251875890,4,get by ID,200,OK,Thread Group 1-868,text,true,,276,161,133,133,http://localhost:3001/character/334,4,0,0
1745251875891,4,Create,201,Created,Thread Group 1-867,text,true,,281,224,133,133,http://localhost:3001/character,4,0,0
1745251873150,2745,Get characters,200,OK,Thread Group 1-866,text,false,"The operation lasted too long: It took 2,745 milliseconds, but should not have lasted longer than 30 milliseconds.",14203,158,133,133,http://localhost:3001/characters,2745,0,1
1745251875894,2,Delete,200,OK,Thread Group 1-869,text,true,,293,183,133,133,http://localhost:3001/character/333,2,0,0
1745251875894,3,Update,200,OK,Thread Group 1-868,text,true,,276,227,132,132,http://localhost:3001/character/334,3,0,0
1745251875892,5,get by ID,200,OK,Thread Group 1-865,text,true,,276,161,132,132,http://localhost:3001/character/334,5,0,0
1745251875893,4,Create,201,Created,Thread Group 1-830,text,true,,281,224,132,132,http://localhost:3001/character,4,0,0
1745251873149,2749,Get characters,200,OK,Thread Group 1-863,text,false,"The operation lasted too long: It took 2,749 milliseconds, but should not have lasted longer than 30 milliseconds.",14203,158,132,132,http://localhost:3001/characters,2749,0,1
1745251875897,2,Delete,200,OK,Thread Group 1-868,text,true,,293,183,132,132,http://localhost:3001/character/334,2,0,0
1745251875895,5,get by ID,200,OK,Thread Group 1-867,text,true,,276,161,131,131,http://localhost:3001/character/334,5,0,0
1745251875897,3,Update,200,OK,Thread Group 1-865,text,true,,276,227,131,131,http://localhost:3001/character/334,3,0,0
1745251875895,5,Create,201,Created,Thread Group 1-866,text,true,,281,224,131,131,http://localhost:3001/character,5,0,0
1745251873149,2755,Get characters,200,OK,Thread Group 1-831,text,false,"The operation lasted too long: It took 2,755 milliseconds, but should not have lasted longer than 30 milliseconds.",14203,158,131,131,http://localhost:3001/characters,2755,0,1
1745251875901,3,Delete,200,OK,Thread Group 1-865,text,true,,293,183,131,131,http://localhost:3001/character/334,3,0,0
1745251875901,4,get by ID,200,OK,Thread Group 1-866,text,true,,276,161,130,130,http://localhost:3001/character/334,4,0,0
1745251875901,4,Update,200,OK,Thread Group 1-867,text,true,,276,227,130,130,http://localhost:3001/character/334,4,0,0
1745251875898,8,get by ID,200,OK,Thread Group 1-830,text,true,,276,161,130,130,http://localhost:3001/character/334,8,0,0
1745251875898,8,Create,201,Created,Thread Group 1-863,text,true,,281,224,130,130,http://localhost:3001/character,8,0,0
1745251873149,2758,Get characters,200,OK,Thread Group 1-864,text,false,"The operation lasted too long: It took 2,758 milliseconds, but should not have lasted longer than 30 milliseconds.",14203,158,130,130,http://localhost:3001/characters,2758,0,0
1745251875905,2,Update,200,OK,Thread Group 1-866,text,true,,276,227,130,130,http://localhost:3001/character/334,2,0,0
1745251875904,3,Create,201,Created,Thread Group 1-831,text,true,,281,224,130,130,http://localhost:3001/character,3,0,0
1745251873148,2760,Get characters,200,OK,Thread Group 1-829,text,false,"The operation lasted too long: It took 2,760 milliseconds, but should not have lasted longer than 30 milliseconds.",14245,158,130,130,http://localhost:3001/characters,2760,0,0
1745251875905,4,Delete,200,OK,Thread Group 1-867,text,true,,293,183,130,130,http://localhost:3001/character/334,4,0,0
1745251875906,3,Update,200,OK,Thread Group 1-830,text,true,,276,227,129,129,http://localhost:3001/character/334,3,0,0
1745251873245,2665,Get characters,200,OK,Thread Group 1-925,text,false,"The operation lasted too long: It took 2,665 milliseconds, but should not have lasted longer than 30 milliseconds.",14203,158,129,129,http://localhost:3001/characters,2665,0,1
1745251875906,4,get by ID,200,OK,Thread Group 1-863,text,true,,276,161,129,129,http://localhost:3001/character/334,4,0,0
1745251875907,3,Delete,200,OK,Thread Group 1-866,text,true,,293,183,129,129,http://localhost:3001/character/334,3,0,0
1745251875907,3,get by ID,200,OK,Thread Group 1-831,text,true,,276,161,129,129,http://localhost:3001/character/335,3,0,0
1745251875908,3,Create,201,Created,Thread Group 1-829,text,true,,281,224,128,128,http://localhost:3001/character,3,0,0
1745251875907,4,Create,201,Created,Thread Group 1-864,text,true,,281,224,128,128,http://localhost:3001/character,4,0,0
1745251873437,2475,Get characters,200,OK,Thread Group 1-1000,text,false,"The operation lasted too long: It took 2,475 milliseconds, but should not have lasted longer than 30 milliseconds.",14245,158,128,128,http://localhost:3001/characters,2475,0,1
1745251875909,3,Delete,200,OK,Thread Group 1-830,text,true,,293,183,128,128,http://localhost:3001/character/334,3,0,0
1745251875910,2,Create,201,Created,Thread Group 1-925,text,true,,281,224,128,128,http://localhost:3001/character,2,0,0
1745251875910,3,Update,200,OK,Thread Group 1-863,text,true,,276,227,127,127,http://localhost:3001/character/334,3,0,0
1745251873436,2478,Get characters,200,OK,Thread Group 1-998,text,false,"The operation lasted too long: It took 2,478 milliseconds, but should not have lasted longer than 30 milliseconds.",14245,158,127,127,http://localhost:3001/characters,2478,0,1
1745251875913,2,get by ID,200,OK,Thread Group 1-925,text,true,,276,161,127,127,http://localhost:3001/character/336,2,0,0
1745251875910,6,Update,200,OK,Thread Group 1-831,text,true,,276,227,127,127,http://localhost:3001/character/335,6,0,0
1745251875911,5,get by ID,200,OK,Thread Group 1-864,text,true,,276,161,127,127,http://localhost:3001/character/334,5,0,0
1745251875911,6,get by ID,200,OK,Thread Group 1-829,text,true,,276,161,127,127,http://localhost:3001/character/335,6,0,0
1745251875912,6,Create,201,Created,Thread Group 1-1000,text,true,,281,224,127,127,http://localhost:3001/character,6,0,0
1745251873436,2482,Get characters,200,OK,Thread Group 1-999,text,false,"The operation lasted too long: It took 2,482 milliseconds, but should not have lasted longer than 30 milliseconds.",14287,158,127,127,http://localhost:3001/characters,2482,0,1
1745251875915,5,Update,200,OK,Thread Group 1-925,text,true,,276,227,127,127,http://localhost:3001/character/336,5,0,0
1745251875916,4,Delete,200,OK,Thread Group 1-831,text,true,,293,183,127,127,http://localhost:3001/character/335,4,0,0
1745251875916,5,Update,200,OK,Thread Group 1-864,text,true,,276,227,126,126,http://localhost:3001/character/334,5,0,0
1745251875917,5,Update,200,OK,Thread Group 1-829,text,true,,276,227,126,126,http://localhost:3001/character/335,5,0,0
1745251875913,9,Delete,200,OK,Thread Group 1-863,text,true,,293,183,126,126,http://localhost:3001/character/334,9,0,0
1745251875914,8,Create,201,Created,Thread Group 1-998,text,true,,281,224,125,125,http://localhost:3001/character,8,0,0
1745251873434,2489,Get characters,200,OK,Thread Group 1-997,text,false,"The operation lasted too long: It took 2,489 milliseconds, but should not have lasted longer than 30 milliseconds.",14245,158,125,125,http://localhost:3001/characters,2489,0,1
1745251875920,4,Delete,200,OK,Thread Group 1-925,text,true,,293,183,125,125,http://localhost:3001/character/336,4,0,0
1745251875921,3,Delete,200,OK,Thread Group 1-864,text,true,,293,183,125,125,http://localhost:3001/character/334,3,0,0
1745251875918,7,get by ID,200,OK,Thread Group 1-1000,text,true,,276,161,123,123,http://localhost:3001/character/336,7,0,0
1745251875922,3,Delete,200,OK,Thread Group 1-829,text,true,,293,183,123,123,http://localhost:3001/character/335,3,0,0
1745251875923,3,get by ID,200,OK,Thread Group 1-998,text,true,,276,161,122,122,http://localhost:3001/character/335,3,0,0
1745251873434,2492,Get characters,200,OK,Thread Group 1-996,text,false,"The operation lasted too long: It took 2,492 milliseconds, but should not have lasted longer than 30 milliseconds.",14161,158,122,122,http://localhost:3001/characters,2492,0,0
1745251875919,8,Create,201,Created,Thread Group 1-999,text,true,,281,224,122,122,http://localhost:3001/character,8,0,0
1745251873410,2518,Get characters,200,OK,Thread Group 1-984,text,false,"The operation lasted too long: It took 2,518 milliseconds, but should not have lasted longer than 30 milliseconds.",14203,158,122,122,http://localhost:3001/characters,2518,0,0
1745251873422,2507,Get characters,200,OK,Thread Group 1-985,text,false,"The operation lasted too long: It took 2,507 milliseconds, but should not have lasted longer than 30 milliseconds.",14203,158,122,122,http://localhost:3001/characters,2507,0,1
1745251875924,5,Create,201,Created,Thread Group 1-997,text,true,,281,224,122,122,http://localhost:3001/character,5,0,0
1745251875927,3,get by ID,200,OK,Thread Group 1-999,text,true,,276,161,122,122,http://localhost:3001/character/333,3,0,0
1745251873428,2502,Get characters,200,OK,Thread Group 1-994,text,false,"The operation lasted too long: It took 2,502 milliseconds, but should not have lasted longer than 30 milliseconds.",14203,158,122,122,http://localhost:3001/characters,2502,0,1
1745251875927,3,Update,200,OK,Thread Group 1-998,text,true,,276,227,122,122,http://localhost:3001/character/335,3,0,0
1745251875925,5,Update,200,OK,Thread Group 1-1000,text,true,,276,227,122,122,http://localhost:3001/character/336,5,0,0
1745251873427,2504,Get characters,200,OK,Thread Group 1-991,text,false,"The operation lasted too long: It took 2,504 milliseconds, but should not have lasted longer than 30 milliseconds.",14245,158,122,122,http://localhost:3001/characters,2504,0,0
1745251875927,4,Create,201,Created,Thread Group 1-996,text,true,,281,224,122,122,http://localhost:3001/character,4,0,0
1745251873426,2506,Get characters,200,OK,Thread Group 1-992,text,false,"The operation lasted too long: It took 2,506 milliseconds, but should not have lasted longer than 30 milliseconds.",14245,158,122,122,http://localhost:3001/characters,2506,0,0
1745251875929,3,get by ID,200,OK,Thread Group 1-997,text,true,,276,161,122,122,http://localhost:3001/character/334,3,0,0
1745251875928,5,Create,201,Created,Thread Group 1-984,text,true,,281,224,122,122,http://localhost:3001/character,5,0,0
1745251875929,4,Create,201,Created,Thread Group 1-985,text,true,,281,224,122,122,http://localhost:3001/character,4,0,0
1745251875930,4,Update,200,OK,Thread Group 1-999,text,true,,276,227,122,122,http://localhost:3001/character/333,4,0,0
1745251875930,5,Create,201,Created,Thread Group 1-994,text,true,,281,224,122,122,http://localhost:3001/character,5,0,0
1745251875930,5,Delete,200,OK,Thread Group 1-998,text,true,,293,183,122,122,http://localhost:3001/character/335,5,0,0
1745251875930,6,Delete,200,OK,Thread Group 1-1000,text,true,,293,183,121,121,http://localhost:3001/character/336,6,0,0
1745251873426,2511,Get characters,200,OK,Thread Group 1-993,text,false,"The operation lasted too long: It took 2,511 milliseconds, but should not have lasted longer than 30 milliseconds.",14287,158,120,120,http://localhost:3001/characters,2511,0,0
1745251875932,6,Update,200,OK,Thread Group 1-997,text,true,,276,227,120,120,http://localhost:3001/character/334,6,0,0
1745251875933,5,get by ID,200,OK,Thread Group 1-984,text,true,,276,161,120,120,http://localhost:3001/character/336,5,0,0
1745251875934,5,get by ID,200,OK,Thread Group 1-985,text,true,,276,161,120,120,http://localhost:3001/character/337,5,0,0
1745251875934,5,Delete,200,OK,Thread Group 1-999,text,true,,293,183,120,120,http://localhost:3001/character/333,5,0,0
1745251875935,4,get by ID,200,OK,Thread Group 1-994,text,true,,276,161,119,119,http://localhost:3001/character/338,4,0,0
1745251875931,9,get by ID,200,OK,Thread Group 1-996,text,true,,276,161,119,119,http://localhost:3001/character/335,9,0,0
1745251875931,10,Create,201,Created,Thread Group 1-991,text,true,,281,224,119,119,http://localhost:3001/character,10,0,0
1745251875932,9,Create,201,Created,Thread Group 1-992,text,true,,281,224,119,119,http://localhost:3001/character,9,0,0
1745251873425,2517,Get characters,200,OK,Thread Group 1-989,text,false,"The operation lasted too long: It took 2,517 milliseconds, but should not have lasted longer than 30 milliseconds.",14329,158,119,119,http://localhost:3001/characters,2517,0,0
1745251875938,5,Update,200,OK,Thread Group 1-984,text,true,,276,227,119,119,http://localhost:3001/character/336,5,0,0
1745251875938,5,Delete,200,OK,Thread Group 1-997,text,true,,293,183,119,119,http://localhost:3001/character/334,5,0,0
1745251875940,4,Update,200,OK,Thread Group 1-994,text,true,,276,227,118,118,http://localhost:3001/character/338,4,0,0
1745251875939,5,Update,200,OK,Thread Group 1-985,text,true,,276,227,118,118,http://localhost:3001/character/337,5,0,0
1745251875940,4,Update,200,OK,Thread Group 1-996,text,true,,276,227,118,118,http://localhost:3001/character/335,4,0,0
1745251875941,4,get by ID,200,OK,Thread Group 1-991,text,true,,276,161,118,118,http://localhost:3001/character/336,4,0,0
1745251873425,2520,Get characters,200,OK,Thread Group 1-990,text,false,"The operation lasted too long: It took 2,520 milliseconds, but should not have lasted longer than 30 milliseconds.",14329,158,118,118,http://localhost:3001/characters,2520,0,0
1745251875937,9,Create,201,Created,Thread Group 1-993,text,true,,281,224,118,118,http://localhost:3001/character,9,0,0
1745251875942,4,get by ID,200,OK,Thread Group 1-992,text,true,,276,161,118,118,http://localhost:3001/character/337,4,0,0
1745251875942,4,Create,201,Created,Thread Group 1-989,text,true,,281,224,118,118,http://localhost:3001/character,4,0,0
1745251873424,2523,Get characters,200,OK,Thread Group 1-988,text,false,"The operation lasted too long: It took 2,523 milliseconds, but should not have lasted longer than 30 milliseconds.",14371,158,118,118,http://localhost:3001/characters,2523,0,0
1745251873423,2525,Get characters,200,OK,Thread Group 1-987,text,false,"The operation lasted too long: It took 2,525 milliseconds, but should not have lasted longer than 30 milliseconds.",14371,158,118,118,http://localhost:3001/characters,2525,0,1
1745251873311,2638,Get characters,200,OK,Thread Group 1-939,text,false,"The operation lasted too long: It took 2,638 milliseconds, but should not have lasted longer than 30 milliseconds.",14371,158,118,118,http://localhost:3001/characters,2638,0,0
1745251873423,2527,Get characters,200,OK,Thread Group 1-986,text,false,"The operation lasted too long: It took 2,527 milliseconds, but should not have lasted longer than 30 milliseconds.",14371,158,118,118,http://localhost:3001/characters,2527,0,0
1745251873409,2541,Get characters,200,OK,Thread Group 1-983,text,false,"The operation lasted too long: It took 2,541 milliseconds, but should not have lasted longer than 30 milliseconds.",14371,158,118,118,http://localhost:3001/characters,2541,0,0
1745251873405,2549,Get characters,200,OK,Thread Group 1-982,text,false,"The operation lasted too long: It took 2,549 milliseconds, but should not have lasted longer than 30 milliseconds.",14371,158,118,118,http://localhost:3001/characters,2549,0,0
1745251875944,11,Delete,200,OK,Thread Group 1-985,text,true,,293,183,118,118,http://localhost:3001/character/337,11,0,0
1745251875949,7,Create,201,Created,Thread Group 1-939,text,true,,281,224,117,117,http://localhost:3001/character,7,0,0
1745251875943,14,Delete,200,OK,Thread Group 1-984,text,true,,293,183,117,117,http://localhost:3001/character/336,14,0,0
1745251875944,14,Delete,200,OK,Thread Group 1-994,text,true,,293,183,116,116,http://localhost:3001/character/338,14,0,0
1745251875945,14,Delete,200,OK,Thread Group 1-996,text,true,,293,183,115,115,http://localhost:3001/character/335,14,0,0
1745251875947,13,Update,200,OK,Thread Group 1-992,text,true,,276,227,114,114,http://localhost:3001/character/337,13,0,0
1745251875946,14,get by ID,200,OK,Thread Group 1-993,text,true,,276,161,114,114,http://localhost:3001/character/337,14,0,0
1745251875947,13,get by ID,200,OK,Thread Group 1-989,text,true,,276,161,114,114,http://localhost:3001/character/338,13,0,0
1745251875945,16,Update,200,OK,Thread Group 1-991,text,true,,276,227,114,114,http://localhost:3001/character/336,16,0,0
1745251875947,14,Create,201,Created,Thread Group 1-988,text,true,,281,224,114,114,http://localhost:3001/character,14,0,0
1745251875945,17,Create,201,Created,Thread Group 1-990,text,true,,281,224,114,114,http://localhost:3001/character,17,0,0
1745251875948,14,Create,201,Created,Thread Group 1-987,text,true,,281,224,114,114,http://localhost:3001/character,14,0,0
1745251873392,2571,Get characters,200,OK,Thread Group 1-980,text,false,"The operation lasted too long: It took 2,571 milliseconds, but should not have lasted longer than 30 milliseconds.",14371,158,114,114,http://localhost:3001/characters,2571,0,1
1745251875960,4,Delete,200,OK,Thread Group 1-992,text,true,,293,183,114,114,http://localhost:3001/character/337,4,0,0
1745251875956,8,get by ID,200,OK,Thread Group 1-939,text,true,,276,161,114,114,http://localhost:3001/character/338,8,0,0
1745251875961,4,Delete,200,OK,Thread Group 1-991,text,true,,293,183,113,113,http://localhost:3001/character/336,4,0,0
1745251875960,5,Update,200,OK,Thread Group 1-993,text,true,,276,227,113,113,http://localhost:3001/character/337,5,0,0
1745251875960,5,Update,200,OK,Thread Group 1-989,text,true,,276,227,112,112,http://localhost:3001/character/338,5,0,0
1745251875961,5,get by ID,200,OK,Thread Group 1-988,text,true,,276,161,112,112,http://localhost:3001/character/336,5,0,0
1745251875950,16,Create,201,Created,Thread Group 1-983,text,true,,281,224,112,112,http://localhost:3001/character,16,0,0
1745251875950,16,Create,201,Created,Thread Group 1-986,text,true,,281,224,112,112,http://localhost:3001/character,16,0,0
1745251875954,13,Create,201,Created,Thread Group 1-982,text,true,,281,224,112,112,http://localhost:3001/character,13,0,0
1745251873392,2576,Get characters,200,OK,Thread Group 1-981,text,false,"The operation lasted too long: It took 2,576 milliseconds, but should not have lasted longer than 30 milliseconds.",14413,158,112,112,http://localhost:3001/characters,2576,0,1
1745251875964,6,Update,200,OK,Thread Group 1-939,text,true,,276,227,112,112,http://localhost:3001/character/338,6,0,0
1745251875965,6,Delete,200,OK,Thread Group 1-993,text,true,,293,183,112,112,http://localhost:3001/character/337,6,0,0
1745251875966,6,Delete,200,OK,Thread Group 1-989,text,true,,293,183,111,111,http://localhost:3001/character/338,6,0,0
1745251875966,7,Update,200,OK,Thread Group 1-988,text,true,,276,227,110,110,http://localhost:3001/character/336,7,0,0
1745251875966,7,get by ID,200,OK,Thread Group 1-983,text,true,,276,161,110,110,http://localhost:3001/character/337,7,0,0
1745251875966,8,get by ID,200,OK,Thread Group 1-986,text,true,,276,161,110,110,http://localhost:3001/character/338,8,0,0
1745251875967,7,get by ID,200,OK,Thread Group 1-982,text,true,,276,161,110,110,http://localhost:3001/character/339,7,0,0
1745251875968,7,Create,201,Created,Thread Group 1-981,text,true,,281,224,110,110,http://localhost:3001/character,7,0,0
1745251875962,13,get by ID,200,OK,Thread Group 1-987,text,true,,276,161,110,110,http://localhost:3001/character/338,13,0,0
1745251875962,14,get by ID,200,OK,Thread Group 1-990,text,true,,276,161,110,110,http://localhost:3001/character/337,14,0,0
1745251875963,14,Create,201,Created,Thread Group 1-980,text,true,,281,224,110,110,http://localhost:3001/character,14,0,0
1745251873390,2587,Get characters,200,OK,Thread Group 1-979,text,false,"The operation lasted too long: It took 2,587 milliseconds, but should not have lasted longer than 30 milliseconds.",14413,158,110,110,http://localhost:3001/characters,2587,0,1
1745251875970,8,Delete,200,OK,Thread Group 1-939,text,true,,293,183,110,110,http://localhost:3001/character/338,8,0,0
1745251875973,5,Delete,200,OK,Thread Group 1-988,text,true,,293,183,110,110,http://localhost:3001/character/336,5,0,0
1745251875973,6,Update,200,OK,Thread Group 1-983,text,true,,276,227,108,108,http://localhost:3001/character/337,6,0,0
1745251875974,5,Update,200,OK,Thread Group 1-986,text,true,,276,227,108,108,http://localhost:3001/character/338,5,0,0
1745251875974,6,Update,200,OK,Thread Group 1-982,text,true,,276,227,108,108,http://localhost:3001/character/339,6,0,0
1745251875975,5,get by ID,200,OK,Thread Group 1-981,text,true,,276,161,108,108,http://localhost:3001/character/338,5,0,0
1745251875976,4,Update,200,OK,Thread Group 1-987,text,true,,276,227,108,108,http://localhost:3001/character/338,4,0,0
1745251875976,5,Update,200,OK,Thread Group 1-990,text,true,,276,227,108,108,http://localhost:3001/character/337,5,0,0
1745251873385,2596,Get characters,200,OK,Thread Group 1-978,text,false,"The operation lasted too long: It took 2,596 milliseconds, but should not have lasted longer than 30 milliseconds.",14329,158,108,108,http://localhost:3001/characters,2596,0,1
1745251875979,3,Delete,200,OK,Thread Group 1-983,text,true,,293,183,108,108,http://localhost:3001/character/337,3,0,0
1745251875979,3,Delete,200,OK,Thread Group 1-986,text,true,,293,183,107,107,http://localhost:3001/character/338,3,0,0
1745251875980,3,Delete,200,OK,Thread Group 1-982,text,true,,293,183,106,106,http://localhost:3001/character/339,3,0,0
1745251875980,3,Update,200,OK,Thread Group 1-981,text,true,,276,227,105,105,http://localhost:3001/character/338,3,0,0
1745251875980,3,Delete,200,OK,Thread Group 1-987,text,true,,293,183,105,105,http://localhost:3001/character/338,3,0,0
1745251875981,3,Delete,200,OK,Thread Group 1-990,text,true,,293,183,104,104,http://localhost:3001/character/337,3,0,0
1745251875977,7,get by ID,200,OK,Thread Group 1-980,text,true,,276,161,104,104,http://localhost:3001/character/339,7,0,0
1745251875978,7,Create,201,Created,Thread Group 1-979,text,true,,281,224,103,103,http://localhost:3001/character,7,0,0
1745251873385,2600,Get characters,200,OK,Thread Group 1-977,text,false,"The operation lasted too long: It took 2,600 milliseconds, but should not have lasted longer than 30 milliseconds.",14161,158,103,103,http://localhost:3001/characters,2600,0,0
1745251875983,3,Delete,200,OK,Thread Group 1-981,text,true,,293,183,103,103,http://localhost:3001/character/338,3,0,0
1745251875984,2,Update,200,OK,Thread Group 1-980,text,true,,276,227,102,102,http://localhost:3001/character/339,2,0,0
1745251875981,6,Create,201,Created,Thread Group 1-978,text,true,,281,224,102,102,http://localhost:3001/character,6,0,0
1745251873384,2603,Get characters,200,OK,Thread Group 1-976,text,false,"The operation lasted too long: It took 2,603 milliseconds, but should not have lasted longer than 30 milliseconds.",14161,158,102,102,http://localhost:3001/characters,2603,0,1
1745251875986,3,Delete,200,OK,Thread Group 1-980,text,true,,293,183,102,102,http://localhost:3001/character/339,3,0,0
1745251875987,3,get by ID,200,OK,Thread Group 1-978,text,true,,276,161,101,101,http://localhost:3001/character/333,3,0,0
1745251875987,3,Create,201,Created,Thread Group 1-976,text,true,,281,224,101,101,http://localhost:3001/character,3,0,0
1745251875985,6,get by ID,200,OK,Thread Group 1-979,text,true,,276,161,101,101,http://localhost:3001/character/333,6,0,0
1745251875985,6,Create,201,Created,Thread Group 1-977,text,true,,281,224,101,101,http://localhost:3001/character,6,0,0
1745251873382,2611,Get characters,200,OK,Thread Group 1-975,text,false,"The operation lasted too long: It took 2,611 milliseconds, but should not have lasted longer than 30 milliseconds.",14203,158,101,101,http://localhost:3001/characters,2611,0,1
1745251875990,8,Update,200,OK,Thread Group 1-978,text,true,,276,227,101,101,http://localhost:3001/character/333,8,0,0
1745251875991,7,get by ID,200,OK,Thread Group 1-976,text,true,,276,161,101,101,http://localhost:3001/character/333,7,0,0
1745251875991,8,Update,200,OK,Thread Group 1-979,text,true,,276,227,101,101,http://localhost:3001/character/333,8,0,0
1745251875991,8,get by ID,200,OK,Thread Group 1-977,text,true,,276,161,101,101,http://localhost:3001/character/334,8,0,0
1745251873380,2620,Get characters,200,OK,Thread Group 1-974,text,false,"The operation lasted too long: It took 2,620 milliseconds, but should not have lasted longer than 30 milliseconds.",14203,158,101,101,http://localhost:3001/characters,2620,0,1
1745251875998,2,Delete,200,OK,Thread Group 1-978,text,true,,293,183,101,101,http://localhost:3001/character/333,2,0,0
1745251875993,8,Create,201,Created,Thread Group 1-975,text,true,,281,224,100,100,http://localhost:3001/character,8,0,0
1745251875999,2,Update,200,OK,Thread Group 1-977,text,true,,276,227,100,100,http://localhost:3001/character/334,2,0,0
1745251873378,2623,Get characters,200,OK,Thread Group 1-973,text,false,"The operation lasted too long: It took 2,623 milliseconds, but should not have lasted longer than 30 milliseconds.",14203,158,100,100,http://localhost:3001/characters,2623,0,1
1745251875999,3,Delete,200,OK,Thread Group 1-979,text,true,,293,183,100,100,http://localhost:3001/character/333,3,0,0
1745251875999,4,Update,200,OK,Thread Group 1-976,text,true,,276,227,99,99,http://localhost:3001/character/333,4,0,0
1745251876000,3,Create,201,Created,Thread Group 1-974,text,true,,281,224,99,99,http://localhost:3001/character,3,0,0
1745251873378,2625,Get characters,200,OK,Thread Group 1-972,text,false,"The operation lasted too long: It took 2,625 milliseconds, but should not have lasted longer than 30 milliseconds.",14203,158,99,99,http://localhost:3001/characters,2625,0,0
1745251876002,2,Delete,200,OK,Thread Group 1-977,text,true,,293,183,99,99,http://localhost:3001/character/334,2,0,0
1745251876001,4,get by ID,200,OK,Thread Group 1-975,text,true,,276,161,98,98,http://localhost:3001/character/334,4,0,0
1745251876002,3,Create,201,Created,Thread Group 1-973,text,true,,281,224,98,98,http://localhost:3001/character,3,0,0
1745251873376,2630,Get characters,200,OK,Thread Group 1-970,text,false,"The operation lasted too long: It took 2,630 milliseconds, but should not have lasted longer than 30 milliseconds.",14203,158,98,98,http://localhost:3001/characters,2630,0,1
1745251876003,4,get by ID,200,OK,Thread Group 1-974,text,true,,276,161,98,98,http://localhost:3001/character/334,4,0,0
1745251876003,5,Delete,200,OK,Thread Group 1-976,text,true,,293,183,98,98,http://localhost:3001/character/333,5,0,0
1745251876004,4,Create,201,Created,Thread Group 1-972,text,true,,281,224,98,98,http://localhost:3001/character,4,0,0
1745251873377,2632,Get characters,200,OK,Thread Group 1-971,text,false,"The operation lasted too long: It took 2,632 milliseconds, but should not have lasted longer than 30 milliseconds.",14203,158,97,97,http://localhost:3001/characters,2632,0,0
1745251876006,4,get by ID,200,OK,Thread Group 1-973,text,true,,276,161,97,97,http://localhost:3001/character/334,4,0,0
1745251876005,5,Update,200,OK,Thread Group 1-975,text,true,,276,227,97,97,http://localhost:3001/character/334,5,0,0
1745251873357,2653,Get characters,200,OK,Thread Group 1-969,text,false,"The operation lasted too long: It took 2,653 milliseconds, but should not have lasted longer than 30 milliseconds.",14203,158,97,97,http://localhost:3001/characters,2653,0,1
1745251876006,4,Create,201,Created,Thread Group 1-970,text,true,,281,224,97,97,http://localhost:3001/character,4,0,0
1745251876007,4,Update,200,OK,Thread Group 1-974,text,true,,276,227,97,97,http://localhost:3001/character/334,4,0,0
1745251873356,2655,Get characters,200,OK,Thread Group 1-968,text,false,"The operation lasted too long: It took 2,655 milliseconds, but should not have lasted longer than 30 milliseconds.",14245,158,97,97,http://localhost:3001/characters,2655,0,1
1745251876011,1,Delete,200,OK,Thread Group 1-974,text,true,,293,183,97,97,http://localhost:3001/character/334,1,0,0
1745251876011,1,get by ID,200,OK,Thread Group 1-970,text,true,,276,161,96,96,http://localhost:3001/character/335,1,0,0
1745251876009,5,Create,201,Created,Thread Group 1-971,text,true,,281,224,96,96,http://localhost:3001/character,5,0,0
1745251876010,4,Delete,200,OK,Thread Group 1-975,text,true,,293,183,96,96,http://localhost:3001/character/334,4,0,0
1745251876009,6,get by ID,200,OK,Thread Group 1-972,text,true,,276,161,95,95,http://localhost:3001/character/334,6,0,0
1745251876010,6,Update,200,OK,Thread Group 1-973,text,true,,276,227,95,95,http://localhost:3001/character/334,6,0,0
1745251876011,6,Create,201,Created,Thread Group 1-969,text,true,,281,224,95,95,http://localhost:3001/character,6,0,0
1745251873354,2664,Get characters,200,OK,Thread Group 1-967,text,false,"The operation lasted too long: It took 2,664 milliseconds, but should not have lasted longer than 30 milliseconds.",14245,158,95,95,http://localhost:3001/characters,2664,0,0
1745251876013,6,Update,200,OK,Thread Group 1-970,text,true,,276,227,95,95,http://localhost:3001/character/335,6,0,0
1745251876014,5,get by ID,200,OK,Thread Group 1-971,text,true,,276,161,95,95,http://localhost:3001/character/335,5,0,0
1745251876015,5,Update,200,OK,Thread Group 1-972,text,true,,276,227,95,95,http://localhost:3001/character/334,5,0,0
1745251876016,5,Delete,200,OK,Thread Group 1-973,text,true,,293,183,95,95,http://localhost:3001/character/334,5,0,0
1745251876017,4,get by ID,200,OK,Thread Group 1-969,text,true,,276,161,95,95,http://localhost:3001/character/335,4,0,0
1745251876011,11,Create,201,Created,Thread Group 1-968,text,true,,281,224,94,94,http://localhost:3001/character,11,0,0
1745251876018,4,Create,201,Created,Thread Group 1-967,text,true,,281,224,94,94,http://localhost:3001/character,4,0,0
1745251873353,2670,Get characters,200,OK,Thread Group 1-966,text,false,"The operation lasted too long: It took 2,670 milliseconds, but should not have lasted longer than 30 milliseconds.",14287,158,94,94,http://localhost:3001/characters,2670,0,1
1745251876019,5,Delete,200,OK,Thread Group 1-970,text,true,,293,183,94,94,http://localhost:3001/character/335,5,0,0
1745251876020,6,Delete,200,OK,Thread Group 1-972,text,true,,293,183,93,93,http://localhost:3001/character/334,6,0,0
1745251876020,6,Update,200,OK,Thread Group 1-971,text,true,,276,227,93,93,http://localhost:3001/character/335,6,0,0
1745251876021,5,Update,200,OK,Thread Group 1-969,text,true,,276,227,92,92,http://localhost:3001/character/335,5,0,0
1745251873352,2676,Get characters,200,OK,Thread Group 1-965,text,false,"The operation lasted too long: It took 2,676 milliseconds, but should not have lasted longer than 30 milliseconds.",14203,158,92,92,http://localhost:3001/characters,2676,0,1
1745251876022,6,get by ID,200,OK,Thread Group 1-967,text,true,,276,161,92,92,http://localhost:3001/character/335,6,0,0
1745251876022,7,get by ID,200,OK,Thread Group 1-968,text,true,,276,161,92,92,http://localhost:3001/character/336,7,0,0
1745251873350,2679,Get characters,200,OK,Thread Group 1-964,text,false,"The operation lasted too long: It took 2,679 milliseconds, but should not have lasted longer than 30 milliseconds.",14203,158,92,92,http://localhost:3001/characters,2679,0,1
1745251873312,2718,Get characters,200,OK,Thread Group 1-940,text,false,"The operation lasted too long: It took 2,718 milliseconds, but should not have lasted longer than 30 milliseconds.",14203,158,92,92,http://localhost:3001/characters,2718,0,0
1745251873349,2681,Get characters,200,OK,Thread Group 1-961,text,false,"The operation lasted too long: It took 2,681 milliseconds, but should not have lasted longer than 30 milliseconds.",14203,158,92,92,http://localhost:3001/characters,2681,0,0
1745251876024,6,Create,201,Created,Thread Group 1-966,text,true,,281,224,92,92,http://localhost:3001/character,6,0,0
1745251876026,4,Delete,200,OK,Thread Group 1-971,text,true,,293,183,92,92,http://localhost:3001/character/335,4,0,0
1745251876027,3,Delete,200,OK,Thread Group 1-969,text,true,,293,183,91,91,http://localhost:3001/character/335,3,0,0
1745251873347,2683,Get characters,200,OK,Thread Group 1-963,text,false,"The operation lasted too long: It took 2,683 milliseconds, but should not have lasted longer than 30 milliseconds.",14203,158,91,91,http://localhost:3001/characters,2683,0,1
1745251873346,2685,Get characters,200,OK,Thread Group 1-962,text,false,"The operation lasted too long: It took 2,685 milliseconds, but should not have lasted longer than 30 milliseconds.",14161,158,90,90,http://localhost:3001/characters,2685,0,0
1745251876031,2,Create,201,Created,Thread Group 1-962,text,true,,281,224,90,90,http://localhost:3001/character,2,0,0
1745251876028,5,Create,201,Created,Thread Group 1-965,text,true,,281,224,90,90,http://localhost:3001/character,5,0,0
1745251876029,5,Update,200,OK,Thread Group 1-967,text,true,,276,227,90,90,http://localhost:3001/character/335,5,0,0
1745251876029,5,Update,200,OK,Thread Group 1-968,text,true,,276,227,90,90,http://localhost:3001/character/336,5,0,0
1745251876030,5,Create,201,Created,Thread Group 1-961,text,true,,281,224,90,90,http://localhost:3001/character,5,0,0
1745251876031,5,Create,201,Created,Thread Group 1-963,text,true,,281,224,90,90,http://localhost:3001/character,5,0,0
1745251876030,6,get by ID,200,OK,Thread Group 1-966,text,true,,276,161,90,90,http://localhost:3001/character/335,6,0,0
1745251876030,7,Create,201,Created,Thread Group 1-940,text,true,,281,224,90,90,http://localhost:3001/character,7,0,0
1745251876030,8,Create,201,Created,Thread Group 1-964,text,true,,281,224,90,90,http://localhost:3001/character,8,0,0
1745251873343,2696,Get characters,200,OK,Thread Group 1-960,text,false,"The operation lasted too long: It took 2,696 milliseconds, but should not have lasted longer than 30 milliseconds.",14413,158,90,90,http://localhost:3001/characters,2696,0,1
1745251876033,7,get by ID,200,OK,Thread Group 1-962,text,true,,276,161,90,90,http://localhost:3001/character/334,7,0,0
1745251876033,7,get by ID,200,OK,Thread Group 1-965,text,true,,276,161,90,90,http://localhost:3001/character/335,7,0,0
1745251876034,7,Delete,200,OK,Thread Group 1-967,text,true,,293,183,90,90,http://localhost:3001/character/335,7,0,0
1745251876034,7,Delete,200,OK,Thread Group 1-968,text,true,,293,183,89,89,http://localhost:3001/character/336,7,0,0
1745251876035,6,get by ID,200,OK,Thread Group 1-961,text,true,,276,161,88,88,http://localhost:3001/character/336,6,0,0
1745251876036,6,get by ID,200,OK,Thread Group 1-963,text,true,,276,161,88,88,http://localhost:3001/character/337,6,0,0
1745251876036,6,Update,200,OK,Thread Group 1-966,text,true,,276,227,88,88,http://localhost:3001/character/335,6,0,0
1745251876037,5,get by ID,200,OK,Thread Group 1-940,text,true,,276,161,88,88,http://localhost:3001/character/338,5,0,0
1745251876038,5,get by ID,200,OK,Thread Group 1-964,text,true,,276,161,88,88,http://localhost:3001/character/339,5,0,0
1745251876039,4,Create,201,Created,Thread Group 1-960,text,true,,281,224,88,88,http://localhost:3001/character,4,0,0
1745251873330,2714,Get characters,200,OK,Thread Group 1-959,text,false,"The operation lasted too long: It took 2,714 milliseconds, but should not have lasted longer than 30 milliseconds.",14371,158,88,88,http://localhost:3001/characters,2714,0,9
1745251876040,4,Update,200,OK,Thread Group 1-962,text,true,,276,227,88,88,http://localhost:3001/character/334,4,0,0
1745251876040,5,Update,200,OK,Thread Group 1-965,text,true,,276,227,88,88,http://localhost:3001/character/335,5,0,0
1745251876041,4,Update,200,OK,Thread Group 1-961,text,true,,276,227,88,88,http://localhost:3001/character/336,4,0,0
1745251876042,3,Update,200,OK,Thread Group 1-963,text,true,,276,227,88,88,http://localhost:3001/character/337,3,0,0
1745251876042,4,Delete,200,OK,Thread Group 1-966,text,true,,293,183,88,88,http://localhost:3001/character/335,4,0,0
1745251876042,4,Update,200,OK,Thread Group 1-940,text,true,,276,227,87,87,http://localhost:3001/character/338,4,0,0
1745251876043,3,Update,200,OK,Thread Group 1-964,text,true,,276,227,87,87,http://localhost:3001/character/339,3,0,0
1745251873327,2720,Get characters,200,OK,Thread Group 1-958,text,false,"The operation lasted too long: It took 2,720 milliseconds, but should not have lasted longer than 30 milliseconds.",14329,158,87,87,http://localhost:3001/characters,2720,0,0
1745251876044,4,Delete,200,OK,Thread Group 1-962,text,true,,293,183,87,87,http://localhost:3001/character/334,4,0,0
1745251876045,4,Delete,200,OK,Thread Group 1-965,text,true,,293,183,86,86,http://localhost:3001/character/335,4,0,0
1745251876045,4,Delete,200,OK,Thread Group 1-961,text,true,,293,183,86,86,http://localhost:3001/character/336,4,0,0
1745251876046,4,Delete,200,OK,Thread Group 1-963,text,true,,293,183,84,84,http://localhost:3001/character/337,4,0,0
1745251876046,4,Delete,200,OK,Thread Group 1-940,text,true,,293,183,84,84,http://localhost:3001/character/338,4,0,0
1745251876047,3,Delete,200,OK,Thread Group 1-964,text,true,,293,183,83,83,http://localhost:3001/character/339,3,0,0
1745251876044,7,Create,201,Created,Thread Group 1-959,text,true,,281,224,81,81,http://localhost:3001/character,7,0,0
1745251876043,8,get by ID,200,OK,Thread Group 1-960,text,true,,276,161,81,81,http://localhost:3001/character/338,8,0,0
1745251873327,2724,Get characters,200,OK,Thread Group 1-957,text,false,"The operation lasted too long: It took 2,724 milliseconds, but should not have lasted longer than 30 milliseconds.",14119,158,81,81,http://localhost:3001/characters,2724,0,0
1745251876047,5,Create,201,Created,Thread Group 1-958,text,true,,281,224,81,81,http://localhost:3001/character,5,0,0
1745251873326,2727,Get characters,200,OK,Thread Group 1-956,text,false,"The operation lasted too long: It took 2,727 milliseconds, but should not have lasted longer than 30 milliseconds.",14161,158,81,81,http://localhost:3001/characters,2727,0,1
1745251876052,2,get by ID,200,OK,Thread Group 1-958,text,true,,276,161,81,81,http://localhost:3001/character/333,2,0,0
1745251876053,2,Create,201,Created,Thread Group 1-956,text,true,,281,224,81,81,http://localhost:3001/character,2,0,0
1745251876051,4,get by ID,200,OK,Thread Group 1-959,text,true,,276,161,81,81,http://localhost:3001/character/332,4,0,0
1745251876051,5,Create,201,Created,Thread Group 1-957,text,true,,281,224,81,81,http://localhost:3001/character,5,0,0
1745251876051,5,Update,200,OK,Thread Group 1-960,text,true,,276,227,81,81,http://localhost:3001/character/338,5,0,0
1745251873326,2731,Get characters,200,OK,Thread Group 1-955,text,false,"The operation lasted too long: It took 2,731 milliseconds, but should not have lasted longer than 30 milliseconds.",14245,158,81,81,http://localhost:3001/characters,2731,0,0
1745251876054,4,Update,200,OK,Thread Group 1-958,text,true,,276,227,81,81,http://localhost:3001/character/333,4,0,0
1745251876055,3,get by ID,200,OK,Thread Group 1-956,text,true,,276,161,81,81,http://localhost:3001/character/334,3,0,0
1745251876055,4,Update,200,OK,Thread Group 1-959,text,true,,276,227,81,81,http://localhost:3001/character/332,4,0,0
1745251876056,11,get by ID,200,OK,Thread Group 1-957,text,true,,276,161,81,81,http://localhost:3001/character/335,11,0,0
1745251876056,12,Delete,200,OK,Thread Group 1-960,text,true,,293,183,81,81,http://localhost:3001/character/338,12,0,0
1745251873325,2743,Get characters,200,OK,Thread Group 1-954,text,false,"The operation lasted too long: It took 2,743 milliseconds, but should not have lasted longer than 30 milliseconds.",14203,158,81,81,http://localhost:3001/characters,2743,0,1
1745251876058,11,Delete,200,OK,Thread Group 1-958,text,true,,293,183,80,80,http://localhost:3001/character/333,11,0,0
1745251876058,11,Update,200,OK,Thread Group 1-956,text,true,,276,227,79,79,http://localhost:3001/character/334,11,0,0
1745251876057,12,Create,201,Created,Thread Group 1-955,text,true,,281,224,79,79,http://localhost:3001/character,12,0,0
1745251873323,2746,Get characters,200,OK,Thread Group 1-953,text,false,"The operation lasted too long: It took 2,746 milliseconds, but should not have lasted longer than 30 milliseconds.",14203,158,79,79,http://localhost:3001/characters,2746,0,1
1745251873323,2747,Get characters,200,OK,Thread Group 1-952,text,false,"The operation lasted too long: It took 2,747 milliseconds, but should not have lasted longer than 30 milliseconds.",14203,158,79,79,http://localhost:3001/characters,2747,0,0
1745251873323,2747,Get characters,200,OK,Thread Group 1-951,text,false,"The operation lasted too long: It took 2,747 milliseconds, but should not have lasted longer than 30 milliseconds.",14203,158,79,79,http://localhost:3001/characters,2747,0,0
1745251873321,2749,Get characters,200,OK,Thread Group 1-949,text,false,"The operation lasted too long: It took 2,749 milliseconds, but should not have lasted longer than 30 milliseconds.",14203,158,79,79,http://localhost:3001/characters,2749,0,1
1745251873320,2751,Get characters,200,OK,Thread Group 1-947,text,false,"The operation lasted too long: It took 2,751 milliseconds, but should not have lasted longer than 30 milliseconds.",14203,158,79,79,http://localhost:3001/characters,2750,0,1
1745251873321,2750,Get characters,200,OK,Thread Group 1-950,text,false,"The operation lasted too long: It took 2,750 milliseconds, but should not have lasted longer than 30 milliseconds.",14203,158,79,79,http://localhost:3001/characters,2749,0,1
1745251873313,2758,Get characters,200,OK,Thread Group 1-942,text,false,"The operation lasted too long: It took 2,758 milliseconds, but should not have lasted longer than 30 milliseconds.",14203,158,79,79,http://localhost:3001/characters,2758,0,0
1745251873319,2752,Get characters,200,OK,Thread Group 1-948,text,false,"The operation lasted too long: It took 2,752 milliseconds, but should not have lasted longer than 30 milliseconds.",14203,158,79,79,http://localhost:3001/characters,2752,0,1
1745251873316,2755,Get characters,200,OK,Thread Group 1-946,text,false,"The operation lasted too long: It took 2,755 milliseconds, but should not have lasted longer than 30 milliseconds.",14203,158,79,79,http://localhost:3001/characters,2755,0,1
1745251876059,12,Delete,200,OK,Thread Group 1-959,text,true,,293,183,79,79,http://localhost:3001/character/332,12,0,0
1745251873314,2757,Get characters,200,OK,Thread Group 1-944,text,false,"The operation lasted too long: It took 2,757 milliseconds, but should not have lasted longer than 30 milliseconds.",14203,158,79,79,http://localhost:3001/characters,2757,0,1
1745251873314,2757,Get characters,200,OK,Thread Group 1-945,text,false,"The operation lasted too long: It took 2,757 milliseconds, but should not have lasted longer than 30 milliseconds.",14161,158,79,79,http://localhost:3001/characters,2757,0,1
1745251876068,4,Update,200,OK,Thread Group 1-957,text,true,,276,227,79,79,http://localhost:3001/character/335,4,0,0
1745251873313,2759,Get characters,200,OK,Thread Group 1-943,text,false,"The operation lasted too long: It took 2,759 milliseconds, but should not have lasted longer than 30 milliseconds.",14161,158,78,78,http://localhost:3001/characters,2759,0,0
1745251876069,4,Create,201,Created,Thread Group 1-954,text,true,,281,224,78,78,http://localhost:3001/character,4,0,0
1745251876069,4,get by ID,200,OK,Thread Group 1-955,text,true,,276,161,78,78,http://localhost:3001/character/334,4,0,0
1745251876069,5,Delete,200,OK,Thread Group 1-956,text,true,,293,183,78,78,http://localhost:3001/character/334,5,0,0
1745251876069,6,Create,201,Created,Thread Group 1-953,text,true,,281,224,77,77,http://localhost:3001/character,6,0,0
1745251873312,2764,Get characters,200,OK,Thread Group 1-941,text,false,"The operation lasted too long: It took 2,764 milliseconds, but should not have lasted longer than 30 milliseconds.",14203,158,77,77,http://localhost:3001/characters,2764,0,0
1745251876073,5,get by ID,200,OK,Thread Group 1-954,text,true,,276,161,77,77,http://localhost:3001/character/334,5,0,0
1745251876073,6,Update,200,OK,Thread Group 1-955,text,true,,276,227,77,77,http://localhost:3001/character/334,6,0,0
1745251876075,4,get by ID,200,OK,Thread Group 1-953,text,true,,276,161,77,77,http://localhost:3001/character/334,4,0,0
1745251876076,4,Create,201,Created,Thread Group 1-941,text,true,,281,224,77,77,http://localhost:3001/character,4,0,0
1745251876070,11,Create,201,Created,Thread Group 1-952,text,true,,281,224,77,77,http://localhost:3001/character,11,0,0
1745251876070,11,Create,201,Created,Thread Group 1-951,text,true,,281,224,77,77,http://localhost:3001/character,11,0,0
1745251876071,11,Create,201,Created,Thread Group 1-942,text,true,,281,224,77,77,http://localhost:3001/character,11,0,0
1745251876071,12,Create,201,Created,Thread Group 1-949,text,true,,281,224,77,77,http://localhost:3001/character,12,0,0
1745251876071,12,Create,201,Created,Thread Group 1-947,text,true,,281,224,77,77,http://localhost:3001/character,12,0,0
1745251876071,13,Create,201,Created,Thread Group 1-950,text,true,,281,224,77,77,http://localhost:3001/character,13,0,0
1745251876072,12,Create,201,Created,Thread Group 1-945,text,true,,281,224,77,77,http://localhost:3001/character,12,0,0
1745251876071,14,Create,201,Created,Thread Group 1-946,text,true,,281,224,77,77,http://localhost:3001/character,14,0,0
1745251876071,14,Create,201,Created,Thread Group 1-944,text,true,,281,224,77,77,http://localhost:3001/character,14,0,0
1745251876072,13,Delete,200,OK,Thread Group 1-957,text,true,,293,183,77,77,http://localhost:3001/character/335,13,0,0
1745251876071,15,Create,201,Created,Thread Group 1-948,text,true,,281,224,76,76,http://localhost:3001/character,15,0,0
1745251876072,14,Create,201,Created,Thread Group 1-943,text,true,,281,224,76,76,http://localhost:3001/character,14,0,0
1745251873311,2776,Get characters,200,OK,Thread Group 1-938,text,false,"The operation lasted too long: It took 2,776 milliseconds, but should not have lasted longer than 30 milliseconds.",14665,158,76,76,http://localhost:3001/characters,2776,0,0
1745251876078,9,Update,200,OK,Thread Group 1-954,text,true,,276,227,76,76,http://localhost:3001/character/334,9,0,0
1745251876079,9,Delete,200,OK,Thread Group 1-955,text,true,,293,183,76,76,http://localhost:3001/character/334,9,0,0
1745251876079,9,Update,200,OK,Thread Group 1-953,text,true,,276,227,75,75,http://localhost:3001/character/334,9,0,0
1745251876080,8,get by ID,200,OK,Thread Group 1-941,text,true,,276,161,75,75,http://localhost:3001/character/335,8,0,0
1745251876081,8,get by ID,200,OK,Thread Group 1-952,text,true,,276,161,75,75,http://localhost:3001/character/336,8,0,0
1745251876082,7,get by ID,200,OK,Thread Group 1-951,text,true,,276,161,75,75,http://localhost:3001/character/337,7,0,0
1745251876082,7,get by ID,200,OK,Thread Group 1-942,text,true,,276,161,75,75,http://localhost:3001/character/338,7,0,0
1745251876083,7,get by ID,200,OK,Thread Group 1-949,text,true,,276,161,75,75,http://localhost:3001/character/339,7,0,0
1745251876084,6,get by ID,200,OK,Thread Group 1-950,text,true,,276,161,75,75,http://localhost:3001/character/341,6,0,0
1745251876084,6,get by ID,200,OK,Thread Group 1-947,text,true,,276,161,75,75,http://localhost:3001/character/340,6,0,0
1745251876085,6,get by ID,200,OK,Thread Group 1-945,text,true,,276,161,75,75,http://localhost:3001/character/342,6,0,0
1745251876085,7,get by ID,200,OK,Thread Group 1-946,text,true,,276,161,75,75,http://localhost:3001/character/343,7,0,0
1745251876085,8,get by ID,200,OK,Thread Group 1-944,text,true,,276,161,75,75,http://localhost:3001/character/344,8,0,0
1745251876086,7,get by ID,200,OK,Thread Group 1-948,text,true,,276,161,75,75,http://localhost:3001/character/344,7,0,0
1745251876086,8,get by ID,200,OK,Thread Group 1-943,text,true,,276,161,75,75,http://localhost:3001/character/345,8,0,0
1745251873310,2785,Get characters,200,OK,Thread Group 1-936,text,false,"The operation lasted too long: It took 2,785 milliseconds, but should not have lasted longer than 30 milliseconds.",14623,158,75,75,http://localhost:3001/characters,2785,0,0
1745251876087,9,Delete,200,OK,Thread Group 1-954,text,true,,293,183,75,75,http://localhost:3001/character/334,9,0,0
1745251876088,9,Delete,200,OK,Thread Group 1-953,text,true,,293,183,74,74,http://localhost:3001/character/334,9,0,0
1745251876088,10,Update,200,OK,Thread Group 1-941,text,true,,276,227,73,73,http://localhost:3001/character/335,10,0,0
1745251876089,9,Update,200,OK,Thread Group 1-952,text,true,,276,227,73,73,http://localhost:3001/character/336,9,0,0
1745251876089,10,Update,200,OK,Thread Group 1-951,text,true,,276,227,73,73,http://localhost:3001/character/337,10,0,0
1745251876090,10,Update,200,OK,Thread Group 1-942,text,true,,276,227,73,73,http://localhost:3001/character/338,10,0,0
1745251876090,11,Update,200,OK,Thread Group 1-949,text,true,,276,227,73,73,http://localhost:3001/character/339,11,0,0
1745251876091,10,Update,200,OK,Thread Group 1-947,text,true,,276,227,73,73,http://localhost:3001/character/340,10,0,0
1745251876091,11,Update,200,OK,Thread Group 1-950,text,true,,276,227,73,73,http://localhost:3001/character/341,11,0,0
1745251876091,12,Update,200,OK,Thread Group 1-945,text,true,,276,227,73,73,http://localhost:3001/character/342,12,0,0
1745251876092,11,Update,200,OK,Thread Group 1-946,text,true,,276,227,73,73,http://localhost:3001/character/343,11,0,0
1745251876093,11,Update,200,OK,Thread Group 1-948,text,true,,276,227,73,73,http://localhost:3001/character/344,11,0,0
1745251876093,12,Update,200,OK,Thread Group 1-944,text,true,,276,227,73,73,http://localhost:3001/character/344,12,0,0
1745251876094,11,Update,200,OK,Thread Group 1-943,text,true,,276,227,73,73,http://localhost:3001/character/345,11,0,0
1745251876095,11,Create,201,Created,Thread Group 1-936,text,true,,281,224,73,73,http://localhost:3001/character,11,0,0
1745251876087,20,Create,201,Created,Thread Group 1-938,text,true,,281,224,73,73,http://localhost:3001/character,20,0,0
1745251873310,2798,Get characters,200,OK,Thread Group 1-937,text,false,"The operation lasted too long: It took 2,798 milliseconds, but should not have lasted longer than 30 milliseconds.",14623,158,73,73,http://localhost:3001/characters,2798,0,0
1745251876098,12,Delete,200,OK,Thread Group 1-941,text,true,,293,183,73,73,http://localhost:3001/character/335,12,0,0
1745251876098,12,Delete,200,OK,Thread Group 1-952,text,true,,293,183,73,73,http://localhost:3001/character/336,12,0,0
1745251876099,12,Delete,200,OK,Thread Group 1-951,text,true,,293,183,71,71,http://localhost:3001/character/337,12,0,0
1745251876101,11,Delete,200,OK,Thread Group 1-949,text,true,,293,183,70,70,http://localhost:3001/character/339,11,0,0
1745251876100,12,Delete,200,OK,Thread Group 1-942,text,true,,293,183,70,70,http://localhost:3001/character/338,12,0,0
1745251876101,11,Delete,200,OK,Thread Group 1-947,text,true,,293,183,68,68,http://localhost:3001/character/340,11,0,0
1745251876102,10,Delete,200,OK,Thread Group 1-950,text,true,,293,183,68,68,http://localhost:3001/character/341,10,0,0
1745251876103,9,Delete,200,OK,Thread Group 1-945,text,true,,293,183,68,68,http://localhost:3001/character/342,9,0,0
1745251876103,9,Delete,200,OK,Thread Group 1-946,text,true,,293,183,68,68,http://localhost:3001/character/343,9,0,0
1745251876105,8,Delete,200,OK,Thread Group 1-943,text,true,,293,183,65,65,http://localhost:3001/character/345,7,0,0
1745251876105,8,Delete,200,OK,Thread Group 1-948,text,true,,293,183,63,63,http://localhost:3001/character/344,8,0,0
1745251873309,2805,Get characters,200,OK,Thread Group 1-935,text,false,"The operation lasted too long: It took 2,805 milliseconds, but should not have lasted longer than 30 milliseconds.",14161,158,62,62,http://localhost:3001/characters,2805,0,1
1745251876105,10,Delete,200,OK,Thread Group 1-944,text,true,,293,183,62,62,http://localhost:3001/character/344,10,0,0
1745251876107,9,get by ID,200,OK,Thread Group 1-938,text,true,,276,161,61,61,http://localhost:3001/character/344,9,0,0
1745251876108,8,Create,201,Created,Thread Group 1-937,text,true,,281,224,61,61,http://localhost:3001/character,8,0,0
1745251876107,10,get by ID,200,OK,Thread Group 1-936,text,true,,276,161,61,61,http://localhost:3001/character/343,10,0,0
1745251873305,2812,Get characters,200,OK,Thread Group 1-934,text,false,"The operation lasted too long: It took 2,812 milliseconds, but should not have lasted longer than 30 milliseconds.",14161,158,61,61,http://localhost:3001/characters,2812,0,2
1745251876114,4,Create,201,Created,Thread Group 1-935,text,true,,281,224,61,61,http://localhost:3001/character,4,0,0
1745251873291,2829,Get characters,200,OK,Thread Group 1-933,text,false,"The operation lasted too long: It took 2,829 milliseconds, but should not have lasted longer than 30 milliseconds.",14203,158,61,61,http://localhost:3001/characters,2829,0,0
1745251876119,2,get by ID,200,OK,Thread Group 1-935,text,true,,276,161,61,61,http://localhost:3001/character/334,2,0,0
1745251876117,4,Create,201,Created,Thread Group 1-934,text,true,,281,224,61,61,http://localhost:3001/character,4,0,0
1745251876116,7,Update,200,OK,Thread Group 1-938,text,true,,276,227,61,61,http://localhost:3001/character/344,7,0,0
1745251876116,8,get by ID,200,OK,Thread Group 1-937,text,true,,276,161,61,61,http://localhost:3001/character/333,7,0,0
1745251876117,8,Update,200,OK,Thread Group 1-936,text,true,,276,227,61,61,http://localhost:3001/character/343,8,0,0
1745251873289,2838,Get characters,200,OK,Thread Group 1-932,text,false,"The operation lasted too long: It took 2,838 milliseconds, but should not have lasted longer than 30 milliseconds.",14245,158,61,61,http://localhost:3001/characters,2838,0,2
1745251876121,8,Update,200,OK,Thread Group 1-935,text,true,,276,227,61,61,http://localhost:3001/character/334,8,0,0
1745251876122,7,get by ID,200,OK,Thread Group 1-934,text,true,,276,161,61,61,http://localhost:3001/character/335,7,0,0
1745251876123,6,Delete,200,OK,Thread Group 1-938,text,true,,293,183,61,61,http://localhost:3001/character/344,6,0,0
1745251876124,6,Update,200,OK,Thread Group 1-937,text,true,,276,227,60,60,http://localhost:3001/character/333,6,0,0
1745251876125,6,Delete,200,OK,Thread Group 1-936,text,true,,293,183,60,60,http://localhost:3001/character/343,6,0,0
1745251876127,5,Create,201,Created,Thread Group 1-932,text,true,,281,224,59,59,http://localhost:3001/character,5,0,0
1745251876120,13,Create,201,Created,Thread Group 1-933,text,true,,281,224,59,59,http://localhost:3001/character,13,0,0
1745251873281,2855,Get characters,200,OK,Thread Group 1-931,text,false,"The operation lasted too long: It took 2,855 milliseconds, but should not have lasted longer than 30 milliseconds.",14245,158,59,59,http://localhost:3001/characters,2855,0,1
1745251876129,7,Delete,200,OK,Thread Group 1-935,text,true,,293,183,59,59,http://localhost:3001/character/334,7,0,0
1745251876129,8,Update,200,OK,Thread Group 1-934,text,true,,276,227,58,58,http://localhost:3001/character/335,8,0,0
1745251876130,8,Delete,200,OK,Thread Group 1-937,text,true,,293,183,58,58,http://localhost:3001/character/333,8,0,0
1745251876132,7,get by ID,200,OK,Thread Group 1-932,text,true,,276,161,57,57,http://localhost:3001/character/334,7,0,0
1745251876133,7,get by ID,200,OK,Thread Group 1-933,text,true,,276,161,57,57,http://localhost:3001/character/335,7,0,0
1745251873278,2862,Get characters,200,OK,Thread Group 1-930,text,false,"The operation lasted too long: It took 2,862 milliseconds, but should not have lasted longer than 30 milliseconds.",14161,158,57,57,http://localhost:3001/characters,2862,0,1
1745251876138,3,Delete,200,OK,Thread Group 1-934,text,true,,293,183,57,57,http://localhost:3001/character/335,3,0,0
1745251876136,7,Create,201,Created,Thread Group 1-931,text,true,,281,224,56,56,http://localhost:3001/character,7,0,0
1745251873275,2868,Get characters,200,OK,Thread Group 1-929,text,false,"The operation lasted too long: It took 2,868 milliseconds, but should not have lasted longer than 30 milliseconds.",14161,158,56,56,http://localhost:3001/characters,2868,0,1
1745251876140,4,Update,200,OK,Thread Group 1-933,text,true,,276,227,56,56,http://localhost:3001/character/335,4,0,0
1745251876139,5,Update,200,OK,Thread Group 1-932,text,true,,276,227,56,56,http://localhost:3001/character/334,5,0,0
1745251876140,5,Create,201,Created,Thread Group 1-930,text,true,,281,224,56,56,http://localhost:3001/character,5,0,0
1745251873251,2894,Get characters,200,OK,Thread Group 1-928,text,false,"The operation lasted too long: It took 2,894 milliseconds, but should not have lasted longer than 30 milliseconds.",14203,158,56,56,http://localhost:3001/characters,2894,0,0
1745251876144,3,Delete,200,OK,Thread Group 1-932,text,true,,293,183,56,56,http://localhost:3001/character/334,3,0,0
1745251876144,4,Delete,200,OK,Thread Group 1-933,text,true,,293,183,55,55,http://localhost:3001/character/335,4,0,0
1745251876143,6,Create,201,Created,Thread Group 1-929,text,true,,281,224,54,54,http://localhost:3001/character,6,0,0
1745251876143,7,get by ID,200,OK,Thread Group 1-931,text,true,,276,161,54,54,http://localhost:3001/character/333,7,0,0
1745251873250,2901,Get characters,200,OK,Thread Group 1-927,text,false,"The operation lasted too long: It took 2,901 milliseconds, but should not have lasted longer than 30 milliseconds.",14161,158,54,54,http://localhost:3001/characters,2901,0,0
1745251876150,1,get by ID,200,OK,Thread Group 1-929,text,true,,276,161,54,54,http://localhost:3001/character/333,1,0,0
1745251876146,6,Create,201,Created,Thread Group 1-928,text,true,,281,224,54,54,http://localhost:3001/character,6,0,0
1745251876145,8,get by ID,200,OK,Thread Group 1-930,text,true,,276,161,54,54,http://localhost:3001/character/334,8,0,0
1745251876152,2,Update,200,OK,Thread Group 1-929,text,true,,276,227,54,54,http://localhost:3001/character/333,2,0,0
1745251876150,8,Update,200,OK,Thread Group 1-931,text,true,,276,227,54,54,http://localhost:3001/character/333,8,0,0
1745251876151,8,Create,201,Created,Thread Group 1-927,text,true,,281,224,54,54,http://localhost:3001/character,8,0,0
1745251876154,5,Delete,200,OK,Thread Group 1-929,text,true,,293,183,54,54,http://localhost:3001/character/333,5,0,0
1745251876153,7,get by ID,200,OK,Thread Group 1-928,text,true,,276,161,53,53,http://localhost:3001/character/334,7,0,0
1745251876153,7,Update,200,OK,Thread Group 1-930,text,true,,276,227,53,53,http://localhost:3001/character/334,7,0,0
1745251876158,3,Delete,200,OK,Thread Group 1-931,text,true,,293,183,53,53,http://localhost:3001/character/333,3,0,0
1745251876159,3,get by ID,200,OK,Thread Group 1-927,text,true,,276,161,52,52,http://localhost:3001/character/335,3,0,0
1745251876160,3,Update,200,OK,Thread Group 1-928,text,true,,276,227,52,52,http://localhost:3001/character/334,3,0,0
1745251876160,3,Delete,200,OK,Thread Group 1-930,text,true,,293,183,52,52,http://localhost:3001/character/334,3,0,0
1745251876163,2,Delete,200,OK,Thread Group 1-928,text,true,,293,183,51,51,http://localhost:3001/character/334,2,0,0
1745251876162,4,Update,200,OK,Thread Group 1-927,text,true,,276,227,50,50,http://localhost:3001/character/335,4,0,0
1745251876166,1,Delete,200,OK,Thread Group 1-927,text,true,,293,183,50,50,http://localhost:3001/character/335,1,0,0
1745251871576,30035,Get characters,Non HTTP response code: java.net.SocketException,Non HTTP response message: Connection reset,Thread Group 1-213,text,false,"The operation lasted too long: It took 30,035 milliseconds, but should not have lasted longer than 30 milliseconds.",2632,0,49,49,http://localhost:3001/characters,0,0,3
1745251871576,30035,Get characters,Non HTTP response code: java.net.SocketException,Non HTTP response message: Connection reset,Thread Group 1-191,text,false,"The operation lasted too long: It took 30,035 milliseconds, but should not have lasted longer than 30 milliseconds.",2632,0,49,49,http://localhost:3001/characters,0,0,6
1745251871576,30035,Get characters,Non HTTP response code: java.net.SocketException,Non HTTP response message: Connection reset,Thread Group 1-188,text,false,"The operation lasted too long: It took 30,035 milliseconds, but should not have lasted longer than 30 milliseconds.",2632,0,49,49,http://localhost:3001/characters,0,0,7
1745251871585,30027,Get characters,Non HTTP response code: java.net.SocketException,Non HTTP response message: Connection reset,Thread Group 1-226,text,false,"The operation lasted too long: It took 30,027 milliseconds, but should not have lasted longer than 30 milliseconds.",2632,0,49,49,http://localhost:3001/characters,0,0,1
1745251871578,30033,Get characters,Non HTTP response code: java.net.SocketException,Non HTTP response message: Connection reset,Thread Group 1-190,text,false,"The operation lasted too long: It took 30,033 milliseconds, but should not have lasted longer than 30 milliseconds.",2632,0,49,49,http://localhost:3001/characters,0,0,0
1745251871577,30034,Get characters,Non HTTP response code: java.net.SocketException,Non HTTP response message: Connection reset,Thread Group 1-197,text,false,"The operation lasted too long: It took 30,034 milliseconds, but should not have lasted longer than 30 milliseconds.",2632,0,49,49,http://localhost:3001/characters,0,0,3
1745251871576,30036,Get characters,Non HTTP response code: java.net.SocketException,Non HTTP response message: Connection reset,Thread Group 1-223,text,false,"The operation lasted too long: It took 30,036 milliseconds, but should not have lasted longer than 30 milliseconds.",2632,0,49,49,http://localhost:3001/characters,0,0,6
1745251871576,30036,Get characters,Non HTTP response code: java.net.SocketException,Non HTTP response message: Connection reset,Thread Group 1-193,text,false,"The operation lasted too long: It took 30,036 milliseconds, but should not have lasted longer than 30 milliseconds.",2632,0,49,49,http://localhost:3001/characters,0,0,6
1745251871577,30034,Get characters,Non HTTP response code: java.net.SocketException,Non HTTP response message: Connection reset,Thread Group 1-204,text,false,"The operation lasted too long: It took 30,034 milliseconds, but should not have lasted longer than 30 milliseconds.",2632,0,49,49,http://localhost:3001/characters,0,0,4
1745251871575,30037,Get characters,Non HTTP response code: java.net.SocketException,Non HTTP response message: Connection reset,Thread Group 1-192,text,false,"The operation lasted too long: It took 30,037 milliseconds, but should not have lasted longer than 30 milliseconds.",2632,0,49,49,http://localhost:3001/characters,0,0,2
1745251871584,30028,Get characters,Non HTTP response code: java.net.SocketException,Non HTTP response message: Connection reset,Thread Group 1-225,text,false,"The operation lasted too long: It took 30,028 milliseconds, but should not have lasted longer than 30 milliseconds.",2632,0,49,49,http://localhost:3001/characters,0,0,1
1745251901612,5,Create,201,Created,Thread Group 1-226,text,true,,281,224,49,49,http://localhost:3001/character,5,0,0
1745251901612,6,Create,201,Created,Thread Group 1-213,text,true,,281,224,49,49,http://localhost:3001/character,6,0,1
1745251901612,7,Create,201,Created,Thread Group 1-223,text,true,,281,224,49,49,http://localhost:3001/character,7,0,1
1745251901618,2,get by ID,200,OK,Thread Group 1-226,text,true,,276,161,49,49,http://localhost:3001/character/331,2,0,0
1745251901612,8,Create,201,Created,Thread Group 1-188,text,true,,281,224,49,49,http://localhost:3001/character,8,0,2
1745251901613,8,Create,201,Created,Thread Group 1-193,text,true,,281,224,49,49,http://localhost:3001/character,8,0,1
1745251901618,4,get by ID,200,OK,Thread Group 1-213,text,true,,276,161,49,49,http://localhost:3001/character/332,4,0,0
1745251901619,3,get by ID,200,OK,Thread Group 1-223,text,true,,276,161,49,49,http://localhost:3001/character/333,3,0,0
1745251901621,3,get by ID,200,OK,Thread Group 1-188,text,true,,276,161,49,49,http://localhost:3001/character/334,3,0,0
1745251901612,12,Create,201,Created,Thread Group 1-191,text,true,,281,224,49,49,http://localhost:3001/character,12,0,2
1745251901621,3,Update,200,OK,Thread Group 1-226,text,true,,276,227,49,49,http://localhost:3001/character/331,3,0,0
1745251901613,11,Create,201,Created,Thread Group 1-204,text,true,,281,224,49,49,http://localhost:3001/character,11,0,0
1745251871586,30040,Get characters,Non HTTP response code: java.net.SocketException,Non HTTP response message: Connection reset,Thread Group 1-228,text,false,"The operation lasted too long: It took 30,040 milliseconds, but should not have lasted longer than 30 milliseconds.",2632,0,49,49,http://localhost:3001/characters,0,0,1
1745251901622,4,Update,200,OK,Thread Group 1-223,text,true,,276,227,49,49,http://localhost:3001/character/333,4,0,0
1745251901613,14,Create,201,Created,Thread Group 1-192,text,true,,281,224,49,49,http://localhost:3001/character,14,0,0
1745251901621,6,get by ID,200,OK,Thread Group 1-193,text,true,,276,161,49,49,http://localhost:3001/character/335,6,0,0
1745251901622,5,Update,200,OK,Thread Group 1-213,text,true,,276,227,49,49,http://localhost:3001/character/332,5,0,0
1745251901612,15,Create,201,Created,Thread Group 1-190,text,true,,281,224,49,49,http://localhost:3001/character,15,0,1
1745251901625,3,get by ID,200,OK,Thread Group 1-204,text,true,,276,161,49,49,http://localhost:3001/character/337,3,0,0
1745251901624,4,Delete,200,OK,Thread Group 1-226,text,true,,293,183,49,49,http://localhost:3001/character/331,4,0,0
1745251901624,4,Update,200,OK,Thread Group 1-188,text,true,,276,227,49,49,http://localhost:3001/character/334,4,0,0
1745251901624,5,get by ID,200,OK,Thread Group 1-191,text,true,,276,161,48,48,http://localhost:3001/character/336,5,0,0
1745251901613,17,Create,201,Created,Thread Group 1-225,text,true,,281,224,48,48,http://localhost:3001/character,17,0,1
1745251901626,4,Delete,200,OK,Thread Group 1-223,text,true,,293,183,48,48,http://localhost:3001/character/333,4,0,0
1745251901612,20,Create,201,Created,Thread Group 1-197,text,true,,281,224,47,47,http://localhost:3001/character,20,0,2
1745251901627,5,Delete,200,OK,Thread Group 1-213,text,true,,293,183,47,47,http://localhost:3001/character/332,5,0,0
1745251901630,3,get by ID,200,OK,Thread Group 1-225,text,true,,276,161,46,46,http://localhost:3001/character/339,3,0,0
1745251901627,7,get by ID,200,OK,Thread Group 1-192,text,true,,276,161,46,46,http://localhost:3001/character/338,7,0,0
1745251901627,8,Update,200,OK,Thread Group 1-193,text,true,,276,227,46,46,http://localhost:3001/character/335,8,0,0
1745251901627,9,get by ID,200,OK,Thread Group 1-190,text,true,,276,161,46,46,http://localhost:3001/character/339,9,0,0
1745251901628,9,Delete,200,OK,Thread Group 1-188,text,true,,293,183,46,46,http://localhost:3001/character/334,9,0,0
1745251901629,8,Update,200,OK,Thread Group 1-191,text,true,,276,227,45,45,http://localhost:3001/character/336,8,0,0
1745251901628,10,Update,200,OK,Thread Group 1-204,text,true,,276,227,45,45,http://localhost:3001/character/337,10,0,0
1745251901626,13,Create,201,Created,Thread Group 1-228,text,true,,281,224,45,45,http://localhost:3001/character,13,0,0
1745251901633,6,Update,200,OK,Thread Group 1-225,text,true,,276,227,45,45,http://localhost:3001/character/339,6,0,0
1745251871592,30050,Get characters,Non HTTP response code: java.net.SocketException,Non HTTP response message: Connection reset,Thread Group 1-227,text,false,"The operation lasted too long: It took 30,050 milliseconds, but should not have lasted longer than 30 milliseconds.",2632,0,45,45,http://localhost:3001/characters,0,0,2
1745251871600,30042,Get characters,Non HTTP response code: java.net.SocketException,Non HTTP response message: Connection reset,Thread Group 1-231,text,false,"The operation lasted too long: It took 30,042 milliseconds, but should not have lasted longer than 30 milliseconds.",2632,0,45,45,http://localhost:3001/characters,0,0,2
1745251871599,30043,Get characters,Non HTTP response code: java.net.SocketException,Non HTTP response message: Connection reset,Thread Group 1-232,text,false,"The operation lasted too long: It took 30,043 milliseconds, but should not have lasted longer than 30 milliseconds.",2632,0,45,45,http://localhost:3001/characters,0,0,1
1745251871597,30045,Get characters,Non HTTP response code: java.net.SocketException,Non HTTP response message: Connection reset,Thread Group 1-230,text,false,"The operation lasted too long: It took 30,045 milliseconds, but should not have lasted longer than 30 milliseconds.",2632,0,45,45,http://localhost:3001/characters,0,0,1
1745251871595,30047,Get characters,Non HTTP response code: java.net.SocketException,Non HTTP response message: Connection reset,Thread Group 1-229,text,false,"The operation lasted too long: It took 30,047 milliseconds, but should not have lasted longer than 30 milliseconds.",2632,0,45,45,http://localhost:3001/characters,0,0,1
1745251871604,30038,Get characters,Non HTTP response code: java.net.SocketException,Non HTTP response message: Connection reset,Thread Group 1-236,text,false,"The operation lasted too long: It took 30,038 milliseconds, but should not have lasted longer than 30 milliseconds.",2632,0,45,45,http://localhost:3001/characters,0,0,1
1745251871601,30041,Get characters,Non HTTP response code: java.net.SocketException,Non HTTP response message: Connection reset,Thread Group 1-234,text,false,"The operation lasted too long: It took 30,041 milliseconds, but should not have lasted longer than 30 milliseconds.",2632,0,45,45,http://localhost:3001/characters,0,0,1
1745251871609,30034,Get characters,Non HTTP response code: java.net.SocketException,Non HTTP response message: Connection reset,Thread Group 1-238,text,false,"The operation lasted too long: It took 30,034 milliseconds, but should not have lasted longer than 30 milliseconds.",2632,0,45,45,http://localhost:3001/characters,0,0,2
1745251871603,30040,Get characters,Non HTTP response code: java.net.SocketException,Non HTTP response message: Connection reset,Thread Group 1-235,text,false,"The operation lasted too long: It took 30,040 milliseconds, but should not have lasted longer than 30 milliseconds.",2632,0,45,45,http://localhost:3001/characters,0,0,1
1745251871596,30050,Get characters,Non HTTP response code: java.net.SocketException,Non HTTP response message: Connection reset,Thread Group 1-233,text,false,"The operation lasted too long: It took 30,050 milliseconds, but should not have lasted longer than 30 milliseconds.",2632,0,45,45,http://localhost:3001/characters,0,0,1
1745251901634,11,Update,200,OK,Thread Group 1-192,text,true,,276,227,45,45,http://localhost:3001/character/338,11,0,0
1745251901636,9,Delete,200,OK,Thread Group 1-193,text,true,,293,183,45,45,http://localhost:3001/character/335,9,0,0
1745251901636,10,Update,200,OK,Thread Group 1-190,text,true,,276,227,45,45,http://localhost:3001/character/339,10,0,0
1745251901638,8,Delete,200,OK,Thread Group 1-191,text,true,,293,183,44,44,http://localhost:3001/character/336,8,0,0
1745251901638,8,Delete,200,OK,Thread Group 1-204,text,true,,293,183,43,43,http://localhost:3001/character/337,8,0,0
1745251901632,16,get by ID,200,OK,Thread Group 1-197,text,true,,276,161,42,42,http://localhost:3001/character/339,16,0,0
1745251901639,10,get by ID,200,OK,Thread Group 1-228,text,true,,276,161,42,42,http://localhost:3001/character/338,10,0,0
1745251901639,11,Delete,200,OK,Thread Group 1-225,text,true,,293,183,42,42,http://localhost:3001/character/339,11,0,0
1745251901646,4,Delete,200,OK,Thread Group 1-190,text,true,,293,183,41,41,http://localhost:3001/character/339,4,0,0
1745251901645,6,Delete,200,OK,Thread Group 1-192,text,true,,293,183,40,40,http://localhost:3001/character/338,6,0,0
1745251901649,3,Update,200,OK,Thread Group 1-197,text,true,,276,227,39,39,http://localhost:3001/character/339,3,0,0
1745251901642,12,Create,201,Created,Thread Group 1-227,text,true,,281,224,39,39,http://localhost:3001/character,12,0,0
1745251901650,4,Update,200,OK,Thread Group 1-228,text,true,,276,227,39,39,http://localhost:3001/character/338,4,0,0
1745251871614,30043,Get characters,Non HTTP response code: java.net.SocketException,Non HTTP response message: Connection reset,Thread Group 1-240,text,false,"The operation lasted too long: It took 30,043 milliseconds, but should not have lasted longer than 30 milliseconds.",2632,0,39,39,http://localhost:3001/characters,0,0,0
1745251871607,30050,Get characters,Non HTTP response code: java.net.SocketException,Non HTTP response message: Connection reset,Thread Group 1-237,text,false,"The operation lasted too long: It took 30,050 milliseconds, but should not have lasted longer than 30 milliseconds.",2632,0,39,39,http://localhost:3001/characters,0,0,5
1745251871618,30039,Get characters,Non HTTP response code: java.net.SocketException,Non HTTP response message: Connection reset,Thread Group 1-244,text,false,"The operation lasted too long: It took 30,039 milliseconds, but should not have lasted longer than 30 milliseconds.",2632,0,39,39,http://localhost:3001/characters,0,0,2
1745251871618,30041,Get characters,Non HTTP response code: java.net.SocketException,Non HTTP response message: Connection reset,Thread Group 1-242,text,false,"The operation lasted too long: It took 30,041 milliseconds, but should not have lasted longer than 30 milliseconds.",2632,0,39,39,http://localhost:3001/characters,0,0,1
1745251871612,30047,Get characters,Non HTTP response code: java.net.SocketException,Non HTTP response message: Connection reset,Thread Group 1-239,text,false,"The operation lasted too long: It took 30,047 milliseconds, but should not have lasted longer than 30 milliseconds.",2632,0,39,39,http://localhost:3001/characters,0,0,1
1745251901652,7,Delete,200,OK,Thread Group 1-197,text,true,,293,183,39,39,http://localhost:3001/character/339,7,0,0
1745251901654,6,Delete,200,OK,Thread Group 1-228,text,true,,293,183,38,38,http://localhost:3001/character/338,6,0,0
1745251901642,18,Create,201,Created,Thread Group 1-231,text,true,,281,224,37,37,http://localhost:3001/character,18,0,1
1745251901643,17,Create,201,Created,Thread Group 1-234,text,true,,281,224,37,37,http://localhost:3001/character,17,0,0
1745251901643,17,Create,201,Created,Thread Group 1-238,text,true,,281,224,37,37,http://localhost:3001/character,17,0,0
1745251901643,17,Create,201,Created,Thread Group 1-236,text,true,,281,224,37,37,http://localhost:3001/character,17,0,0
1745251901654,6,get by ID,200,OK,Thread Group 1-227,text,true,,276,161,37,37,http://localhost:3001/character/333,6,0,0
1745251901643,17,Create,201,Created,Thread Group 1-229,text,true,,281,224,37,37,http://localhost:3001/character,17,0,0
1745251901642,19,Create,201,Created,Thread Group 1-230,text,true,,281,224,37,37,http://localhost:3001/character,19,0,1
1745251901642,20,Create,201,Created,Thread Group 1-232,text,true,,281,224,37,37,http://localhost:3001/character,20,0,1
1745251901660,3,get by ID,200,OK,Thread Group 1-238,text,true,,276,161,37,37,http://localhost:3001/character/334,3,0,0
1745251901660,4,get by ID,200,OK,Thread Group 1-236,text,true,,276,161,37,37,http://localhost:3001/character/335,4,0,0
1745251901660,5,Update,200,OK,Thread Group 1-227,text,true,,276,227,37,37,http://localhost:3001/character/333,5,0,0
1745251901661,4,get by ID,200,OK,Thread Group 1-229,text,true,,276,161,37,37,http://localhost:3001/character/336,4,0,0
1745251901661,5,get by ID,200,OK,Thread Group 1-230,text,true,,276,161,37,37,http://localhost:3001/character/337,5,0,0
1745251901660,7,get by ID,200,OK,Thread Group 1-234,text,true,,276,161,37,37,http://localhost:3001/character/333,7,0,0
1745251901660,8,get by ID,200,OK,Thread Group 1-231,text,true,,276,161,37,37,http://localhost:3001/character/332,8,0,0
1745251901645,23,Create,201,Created,Thread Group 1-233,text,true,,281,224,37,37,http://localhost:3001/character,23,0,1
1745251901663,7,Update,200,OK,Thread Group 1-238,text,true,,276,227,37,37,http://localhost:3001/character/334,7,0,0
1745251871625,30047,Get characters,Non HTTP response code: java.net.SocketException,Non HTTP response message: Connection reset,Thread Group 1-243,text,false,"The operation lasted too long: It took 30,047 milliseconds, but should not have lasted longer than 30 milliseconds.",2632,0,37,37,http://localhost:3001/characters,0,0,2
1745251871627,30045,Get characters,Non HTTP response code: java.net.SocketException,Non HTTP response message: Connection reset,Thread Group 1-246,text,false,"The operation lasted too long: It took 30,045 milliseconds, but should not have lasted longer than 30 milliseconds.",2632,0,37,37,http://localhost:3001/characters,0,0,1
1745251871629,30043,Get characters,Non HTTP response code: java.net.SocketException,Non HTTP response message: Connection reset,Thread Group 1-245,text,false,"The operation lasted too long: It took 30,043 milliseconds, but should not have lasted longer than 30 milliseconds.",2632,0,37,37,http://localhost:3001/characters,0,0,0
1745251901664,8,Update,200,OK,Thread Group 1-236,text,true,,276,227,37,37,http://localhost:3001/character/335,8,0,0
1745251901665,7,Delete,200,OK,Thread Group 1-227,text,true,,293,183,37,37,http://localhost:3001/character/333,7,0,0
1745251901665,8,Update,200,OK,Thread Group 1-229,text,true,,276,227,36,36,http://localhost:3001/character/336,8,0,0
1745251901666,7,Update,200,OK,Thread Group 1-230,text,true,,276,227,36,36,http://localhost:3001/character/337,7,0,0
1745251901667,7,Update,200,OK,Thread Group 1-234,text,true,,276,227,36,36,http://localhost:3001/character/333,7,0,0
1745251901668,6,Update,200,OK,Thread Group 1-231,text,true,,276,227,36,36,http://localhost:3001/character/332,6,0,0
1745251901663,11,get by ID,200,OK,Thread Group 1-232,text,true,,276,161,36,36,http://localhost:3001/character/338,11,0,0
1745251901643,31,Create,201,Created,Thread Group 1-235,text,false,"The operation lasted too long: It took 31 milliseconds, but should not have lasted longer than 30 milliseconds.",281,224,36,36,http://localhost:3001/character,31,0,0
1745251901670,6,Delete,200,OK,Thread Group 1-238,text,true,,293,183,36,36,http://localhost:3001/character/334,6,0,0
1745251901672,6,Delete,200,OK,Thread Group 1-236,text,true,,293,183,35,35,http://localhost:3001/character/335,6,0,0
1745251901669,11,get by ID,200,OK,Thread Group 1-233,text,true,,276,161,34,34,http://localhost:3001/character/339,11,0,0
1745251901656,25,Create,201,Created,Thread Group 1-240,text,true,,281,224,34,34,http://localhost:3001/character,25,0,1
1745251901673,8,Delete,200,OK,Thread Group 1-229,text,true,,293,183,34,34,http://localhost:3001/character/336,8,0,0
1745251901673,8,Delete,200,OK,Thread Group 1-230,text,true,,293,183,33,33,http://localhost:3001/character/337,8,0,0
1745251901674,8,Delete,200,OK,Thread Group 1-234,text,true,,293,183,32,32,http://localhost:3001/character/333,8,0,0
1745251901674,8,Update,200,OK,Thread Group 1-232,text,true,,276,227,32,32,http://localhost:3001/character/338,8,0,0
1745251901674,8,Delete,200,OK,Thread Group 1-231,text,true,,293,183,31,31,http://localhost:3001/character/332,8,0,0
1745251901656,26,Create,201,Created,Thread Group 1-237,text,true,,281,224,31,31,http://localhost:3001/character,26,0,1
1745251901657,26,Create,201,Created,Thread Group 1-244,text,true,,281,224,30,30,http://localhost:3001/character,26,0,0
1745251901675,8,get by ID,200,OK,Thread Group 1-235,text,true,,276,161,30,30,http://localhost:3001/character/339,8,0,0
1745251901658,25,Create,201,Created,Thread Group 1-242,text,true,,281,224,30,30,http://localhost:3001/character,25,0,0
1745251901658,26,Create,201,Created,Thread Group 1-239,text,true,,281,224,30,30,http://localhost:3001/character,26,0,1
1745251901671,13,Create,201,Created,Thread Group 1-246,text,true,,281,224,30,30,http://localhost:3001/character,13,0,1
1745251901671,13,Create,201,Created,Thread Group 1-243,text,true,,281,224,30,30,http://localhost:3001/character,13,0,1
1745251871632,30055,Get characters,Non HTTP response code: java.net.SocketException,Non HTTP response message: Connection reset,Thread Group 1-248,text,false,"The operation lasted too long: It took 30,055 milliseconds, but should not have lasted longer than 30 milliseconds.",2632,0,30,30,http://localhost:3001/characters,0,0,1
1745251871636,30051,Get characters,Non HTTP response code: java.net.SocketException,Non HTTP response message: Connection reset,Thread Group 1-250,text,false,"The operation lasted too long: It took 30,051 milliseconds, but should not have lasted longer than 30 milliseconds.",2632,0,30,30,http://localhost:3001/characters,0,0,2
1745251871634,30053,Get characters,Non HTTP response code: java.net.SocketException,Non HTTP response message: Connection reset,Thread Group 1-249,text,false,"The operation lasted too long: It took 30,053 milliseconds, but should not have lasted longer than 30 milliseconds.",2632,0,30,30,http://localhost:3001/characters,0,0,2
1745251871632,30055,Get characters,Non HTTP response code: java.net.SocketException,Non HTTP response message: Connection reset,Thread Group 1-247,text,false,"The operation lasted too long: It took 30,055 milliseconds, but should not have lasted longer than 30 milliseconds.",2632,0,30,30,http://localhost:3001/characters,0,0,2
1745251901682,8,Delete,200,OK,Thread Group 1-232,text,true,,293,183,30,30,http://localhost:3001/character/338,8,0,0
1745251901682,8,get by ID,200,OK,Thread Group 1-237,text,true,,276,161,29,29,http://localhost:3001/character/335,8,0,0
1745251901671,20,Create,201,Created,Thread Group 1-245,text,true,,281,224,29,29,http://localhost:3001/character,20,0,1
1745251901680,12,Update,200,OK,Thread Group 1-233,text,true,,276,227,29,29,http://localhost:3001/character/339,12,0,0
1745251901681,11,get by ID,200,OK,Thread Group 1-240,text,true,,276,161,29,29,http://localhost:3001/character/338,11,0,0
1745251901683,10,get by ID,200,OK,Thread Group 1-244,text,true,,276,161,29,29,http://localhost:3001/character/336,10,0,0
1745251901684,9,get by ID,200,OK,Thread Group 1-246,text,true,,276,161,29,29,http://localhost:3001/character/339,9,0,0
1745251901684,9,get by ID,200,OK,Thread Group 1-239,text,true,,276,161,29,29,http://localhost:3001/character/338,9,0,0
1745251901684,10,get by ID,200,OK,Thread Group 1-242,text,true,,276,161,29,29,http://localhost:3001/character/337,10,0,0
1745251901683,11,Update,200,OK,Thread Group 1-235,text,true,,276,227,29,29,http://localhost:3001/character/339,11,0,0
1745251901684,11,get by ID,200,OK,Thread Group 1-243,text,true,,276,161,29,29,http://localhost:3001/character/340,11,0,0
1745251901692,5,Delete,200,OK,Thread Group 1-233,text,true,,293,183,29,29,http://localhost:3001/character/339,5,0,0
1745251901693,4,Update,200,OK,Thread Group 1-244,text,true,,276,227,29,29,http://localhost:3001/character/336,4,0,0
1745251901692,5,Update,200,OK,Thread Group 1-240,text,true,,276,227,28,28,http://localhost:3001/character/338,5,0,0
1745251901693,4,Update,200,OK,Thread Group 1-246,text,true,,276,227,28,28,http://localhost:3001/character/339,4,0,0
1745251901693,4,Update,200,OK,Thread Group 1-239,text,true,,276,227,28,28,http://localhost:3001/character/338,4,0,0
1745251901694,4,Update,200,OK,Thread Group 1-242,text,true,,276,227,28,28,http://localhost:3001/character/337,4,0,0
1745251901690,9,Update,200,OK,Thread Group 1-237,text,true,,276,227,28,28,http://localhost:3001/character/335,9,0,0
1745251901691,8,get by ID,200,OK,Thread Group 1-245,text,true,,276,161,28,28,http://localhost:3001/character/340,8,0,0
1745251901687,13,Create,201,Created,Thread Group 1-250,text,true,,281,224,28,28,http://localhost:3001/character,13,0,0
1745251871641,30062,Get characters,Non HTTP response code: java.net.SocketException,Non HTTP response message: Connection reset,Thread Group 1-253,text,false,"The operation lasted too long: It took 30,062 milliseconds, but should not have lasted longer than 30 milliseconds.",2632,0,28,28,http://localhost:3001/characters,0,0,1
1745251871648,30055,Get characters,Non HTTP response code: java.net.SocketException,Non HTTP response message: Connection reset,Thread Group 1-257,text,false,"The operation lasted too long: It took 30,055 milliseconds, but should not have lasted longer than 30 milliseconds.",2632,0,28,28,http://localhost:3001/characters,0,0,1
1745251871640,30063,Get characters,Non HTTP response code: java.net.SocketException,Non HTTP response message: Connection reset,Thread Group 1-252,text,false,"The operation lasted too long: It took 30,063 milliseconds, but should not have lasted longer than 30 milliseconds.",2632,0,28,28,http://localhost:3001/characters,0,0,1
1745251871649,30054,Get characters,Non HTTP response code: java.net.SocketException,Non HTTP response message: Connection reset,Thread Group 1-259,text,false,"The operation lasted too long: It took 30,054 milliseconds, but should not have lasted longer than 30 milliseconds.",2632,0,28,28,http://localhost:3001/characters,0,0,1
1745251871645,30059,Get characters,Non HTTP response code: java.net.SocketException,Non HTTP response message: Connection reset,Thread Group 1-255,text,false,"The operation lasted too long: It took 30,059 milliseconds, but should not have lasted longer than 30 milliseconds.",2632,0,28,28,http://localhost:3001/characters,0,0,2
1745251871652,30052,Get characters,Non HTTP response code: java.net.SocketException,Non HTTP response message: Connection reset,Thread Group 1-260,text,false,"The operation lasted too long: It took 30,052 milliseconds, but should not have lasted longer than 30 milliseconds.",2632,0,28,28,http://localhost:3001/characters,0,0,2
1745251871643,30061,Get characters,Non HTTP response code: java.net.SocketException,Non HTTP response message: Connection reset,Thread Group 1-254,text,false,"The operation lasted too long: It took 30,061 milliseconds, but should not have lasted longer than 30 milliseconds.",2632,0,28,28,http://localhost:3001/characters,0,0,1
1745251871650,30054,Get characters,Non HTTP response code: java.net.SocketException,Non HTTP response message: Connection reset,Thread Group 1-258,text,false,"The operation lasted too long: It took 30,054 milliseconds, but should not have lasted longer than 30 milliseconds.",2632,0,28,28,http://localhost:3001/characters,0,0,1
1745251871645,30060,Get characters,Non HTTP response code: java.net.SocketException,Non HTTP response message: Connection reset,Thread Group 1-256,text,false,"The operation lasted too long: It took 30,060 milliseconds, but should not have lasted longer than 30 milliseconds.",2632,0,28,28,http://localhost:3001/characters,0,0,1
1745251871638,30067,Get characters,Non HTTP response code: java.net.SocketException,Non HTTP response message: Connection reset,Thread Group 1-251,text,false,"The operation lasted too long: It took 30,067 milliseconds, but should not have lasted longer than 30 milliseconds.",2632,0,28,28,http://localhost:3001/characters,0,0,1
1745251901697,9,Delete,200,OK,Thread Group 1-240,text,true,,293,183,28,28,http://localhost:3001/character/338,9,0,0
1745251901697,9,Delete,200,OK,Thread Group 1-244,text,true,,293,183,27,27,http://localhost:3001/character/336,9,0,0
1745251901697,10,Delete,200,OK,Thread Group 1-246,text,true,,293,183,26,26,http://localhost:3001/character/339,10,0,0
1745251901697,11,Delete,200,OK,Thread Group 1-239,text,true,,293,183,25,25,http://localhost:3001/character/338,11,0,0
1745251901698,11,Delete,200,OK,Thread Group 1-242,text,true,,293,183,24,24,http://localhost:3001/character/337,11,0,0
1745251901699,11,Delete,200,OK,Thread Group 1-237,text,true,,293,183,23,23,http://localhost:3001/character/335,11,0,0
1745251901695,15,Delete,200,OK,Thread Group 1-235,text,true,,293,183,22,22,http://localhost:3001/character/339,15,0,0
1745251901695,16,Update,200,OK,Thread Group 1-243,text,true,,276,227,21,21,http://localhost:3001/character/340,16,0,0
1745251901687,24,Create,201,Created,Thread Group 1-249,text,true,,281,224,21,21,http://localhost:3001/character,24,0,0
1745251901700,12,Update,200,OK,Thread Group 1-245,text,true,,276,227,21,21,http://localhost:3001/character/340,12,0,0
1745251901701,12,get by ID,200,OK,Thread Group 1-250,text,true,,276,161,21,21,http://localhost:3001/character/340,11,0,0
1745251901687,26,Create,201,Created,Thread Group 1-248,text,true,,281,224,21,21,http://localhost:3001/character,26,0,0
1745251901712,2,Delete,200,OK,Thread Group 1-245,text,true,,293,183,21,21,http://localhost:3001/character/340,2,0,0
1745251901711,3,Delete,200,OK,Thread Group 1-243,text,true,,293,183,21,21,http://localhost:3001/character/340,3,0,0
1745251901711,4,get by ID,200,OK,Thread Group 1-249,text,true,,276,161,19,19,http://localhost:3001/character/334,4,0,0
1745251901687,28,Create,201,Created,Thread Group 1-247,text,true,,281,224,19,19,http://localhost:3001/character,28,0,0
1745251901713,3,Update,200,OK,Thread Group 1-250,text,true,,276,227,19,19,http://localhost:3001/character/340,3,0,0
1745251871658,30060,Get characters,Non HTTP response code: java.net.SocketException,Non HTTP response message: Connection reset,Thread Group 1-262,text,false,"The operation lasted too long: It took 30,060 milliseconds, but should not have lasted longer than 30 milliseconds.",2632,0,19,19,http://localhost:3001/characters,0,0,2
1745251871615,30103,Get characters,Non HTTP response code: java.net.SocketException,Non HTTP response message: Connection reset,Thread Group 1-241,text,false,"The operation lasted too long: It took 30,103 milliseconds, but should not have lasted longer than 30 milliseconds.",2632,0,19,19,http://localhost:3001/characters,0,0,11
1745251871662,30056,Get characters,Non HTTP response code: java.net.SocketException,Non HTTP response message: Connection reset,Thread Group 1-263,text,false,"The operation lasted too long: It took 30,056 milliseconds, but should not have lasted longer than 30 milliseconds.",2632,0,19,19,http://localhost:3001/characters,0,0,3
1745251871656,30062,Get characters,Non HTTP response code: java.net.SocketException,Non HTTP response message: Connection reset,Thread Group 1-261,text,false,"The operation lasted too long: It took 30,062 milliseconds, but should not have lasted longer than 30 milliseconds.",2632,0,19,19,http://localhost:3001/characters,0,0,4
1745251901713,7,get by ID,200,OK,Thread Group 1-248,text,true,,276,161,19,19,http://localhost:3001/character/335,7,0,0
1745251901715,6,get by ID,200,OK,Thread Group 1-247,text,true,,276,161,19,19,http://localhost:3001/character/334,6,0,0
1745251901703,18,Create,201,Created,Thread Group 1-254,text,true,,281,224,19,19,http://localhost:3001/character,18,0,0
1745251901702,19,Create,201,Created,Thread Group 1-257,text,true,,281,224,19,19,http://localhost:3001/character,19,0,1
1745251901702,19,Create,201,Created,Thread Group 1-252,text,true,,281,224,19,19,http://localhost:3001/character,19,0,1
1745251901703,19,Create,201,Created,Thread Group 1-255,text,true,,281,224,19,19,http://localhost:3001/character,19,0,0
1745251901702,20,Create,201,Created,Thread Group 1-259,text,true,,281,224,19,19,http://localhost:3001/character,20,0,1
1745251901703,19,Create,201,Created,Thread Group 1-260,text,true,,281,224,19,19,http://localhost:3001/character,19,0,0
1745251901715,7,Update,200,OK,Thread Group 1-249,text,true,,276,227,19,19,http://localhost:3001/character/334,7,0,0
1745251901702,20,Create,201,Created,Thread Group 1-253,text,true,,281,224,19,19,http://localhost:3001/character,20,0,1
1745251901704,19,Create,201,Created,Thread Group 1-256,text,true,,281,224,19,19,http://localhost:3001/character,19,0,1
1745251901703,20,Create,201,Created,Thread Group 1-258,text,true,,281,224,19,19,http://localhost:3001/character,20,0,1
1745251901704,19,Create,201,Created,Thread Group 1-251,text,true,,281,224,19,19,http://localhost:3001/character,19,0,0
1745251901721,2,Update,200,OK,Thread Group 1-247,text,true,,276,227,19,19,http://localhost:3001/character/334,2,0,0
1745251901716,8,Delete,200,OK,Thread Group 1-250,text,true,,293,183,19,19,http://localhost:3001/character/340,8,0,0
1745251901720,4,Update,200,OK,Thread Group 1-248,text,true,,276,227,18,18,http://localhost:3001/character/335,4,0,0
1745251901721,4,get by ID,200,OK,Thread Group 1-254,text,true,,276,161,18,18,http://localhost:3001/character/341,4,0,0
1745251901721,4,get by ID,200,OK,Thread Group 1-257,text,true,,276,161,18,18,http://localhost:3001/character/337,4,0,0
1745251901722,3,Delete,200,OK,Thread Group 1-249,text,true,,293,183,18,18,http://localhost:3001/character/334,3,0,0
1745251901721,5,get by ID,200,OK,Thread Group 1-252,text,true,,276,161,17,17,http://localhost:3001/character/335,5,0,0
1745251901722,4,get by ID,200,OK,Thread Group 1-259,text,true,,276,161,17,17,http://localhost:3001/character/338,4,0,0
1745251901722,4,get by ID,200,OK,Thread Group 1-255,text,true,,276,161,17,17,http://localhost:3001/character/339,4,0,0
1745251901722,5,get by ID,200,OK,Thread Group 1-253,text,true,,276,161,17,17,http://localhost:3001/character/336,5,0,0
1745251901722,5,get by ID,200,OK,Thread Group 1-260,text,true,,276,161,17,17,http://localhost:3001/character/340,5,0,0
1745251901723,5,get by ID,200,OK,Thread Group 1-251,text,true,,276,161,17,17,http://localhost:3001/character/342,5,0,0
1745251901723,5,get by ID,200,OK,Thread Group 1-258,text,true,,276,161,17,17,http://localhost:3001/character/344,5,0,0
1745251901723,7,get by ID,200,OK,Thread Group 1-256,text,true,,276,161,17,17,http://localhost:3001/character/343,7,0,0
1745251901717,13,Create,201,Created,Thread Group 1-241,text,true,,281,224,17,17,http://localhost:3001/character,13,0,1
1745251901725,6,Update,200,OK,Thread Group 1-257,text,true,,276,227,17,17,http://localhost:3001/character/337,6,0,0
1745251871664,30069,Get characters,Non HTTP response code: java.net.SocketException,Non HTTP response message: Connection reset,Thread Group 1-264,text,false,"The operation lasted too long: It took 30,069 milliseconds, but should not have lasted longer than 30 milliseconds.",2632,0,17,17,http://localhost:3001/characters,0,0,4
1745251901726,7,Update,200,OK,Thread Group 1-252,text,true,,276,227,17,17,http://localhost:3001/character/335,6,0,0
1745251901726,8,Update,200,OK,Thread Group 1-259,text,true,,276,227,17,17,http://localhost:3001/character/338,8,0,0
1745251901726,8,Update,200,OK,Thread Group 1-255,text,true,,276,227,17,17,http://localhost:3001/character/339,8,0,0
1745251901727,8,Update,200,OK,Thread Group 1-253,text,true,,276,227,17,17,http://localhost:3001/character/336,8,0,0
1745251901728,7,Update,200,OK,Thread Group 1-260,text,true,,276,227,17,17,http://localhost:3001/character/340,7,0,0
1745251901728,8,Update,200,OK,Thread Group 1-251,text,true,,276,227,17,17,http://localhost:3001/character/342,8,0,0
1745251901728,8,Update,200,OK,Thread Group 1-258,text,true,,276,227,17,17,http://localhost:3001/character/344,8,0,0
1745251901723,14,Delete,200,OK,Thread Group 1-247,text,true,,293,183,17,17,http://localhost:3001/character/334,14,0,0
1745251901725,12,Update,200,OK,Thread Group 1-254,text,true,,276,227,16,16,http://localhost:3001/character/341,12,0,0
1745251901724,14,Delete,200,OK,Thread Group 1-248,text,true,,293,183,16,16,http://localhost:3001/character/335,14,0,0
1745251901718,20,Create,201,Created,Thread Group 1-261,text,true,,281,224,15,15,http://localhost:3001/character,20,0,0
1745251901731,8,Delete,200,OK,Thread Group 1-257,text,true,,293,183,15,15,http://localhost:3001/character/337,8,0,0
1745251901733,6,Delete,200,OK,Thread Group 1-252,text,true,,293,183,15,15,http://localhost:3001/character/335,6,0,0
1745251901734,6,Delete,200,OK,Thread Group 1-259,text,true,,293,183,13,13,http://localhost:3001/character/338,6,0,0
1745251901734,6,Delete,200,OK,Thread Group 1-255,text,true,,293,183,12,12,http://localhost:3001/character/339,6,0,0
1745251901735,5,Delete,200,OK,Thread Group 1-253,text,true,,293,183,11,11,http://localhost:3001/character/336,5,0,0
1745251901735,6,Delete,200,OK,Thread Group 1-260,text,true,,293,183,10,10,http://localhost:3001/character/340,6,0,0
1745251901736,5,Delete,200,OK,Thread Group 1-251,text,true,,293,183,10,10,http://localhost:3001/character/342,5,0,0
1745251901736,6,Delete,200,OK,Thread Group 1-258,text,true,,293,183,8,8,http://localhost:3001/character/344,6,0,0
1745251901730,12,Update,200,OK,Thread Group 1-256,text,true,,276,227,8,8,http://localhost:3001/character/343,12,0,0
1745251901730,13,get by ID,200,OK,Thread Group 1-241,text,true,,276,161,7,7,http://localhost:3001/character/343,13,0,0
1745251901717,26,Create,201,Created,Thread Group 1-263,text,true,,281,224,7,7,http://localhost:3001/character,26,0,1
1745251901737,8,Delete,200,OK,Thread Group 1-254,text,true,,293,183,7,7,http://localhost:3001/character/341,8,0,0
1745251901739,6,get by ID,200,OK,Thread Group 1-261,text,true,,276,161,6,6,http://localhost:3001/character/342,6,0,0
1745251901717,28,Create,201,Created,Thread Group 1-262,text,true,,281,224,6,6,http://localhost:3001/character,28,0,1
1745251901742,6,Delete,200,OK,Thread Group 1-256,text,true,,293,183,6,6,http://localhost:3001/character/343,5,0,0
1745251901743,5,get by ID,200,OK,Thread Group 1-263,text,true,,276,161,5,5,http://localhost:3001/character/335,5,0,0
1745251901743,6,Update,200,OK,Thread Group 1-241,text,true,,276,227,5,5,http://localhost:3001/character/343,6,0,0
1745251901732,17,Create,201,Created,Thread Group 1-264,text,true,,281,224,5,5,http://localhost:3001/character,17,0,0
1745251901748,2,Update,200,OK,Thread Group 1-263,text,true,,276,227,5,5,http://localhost:3001/character/335,2,0,0
1745251901745,6,Update,200,OK,Thread Group 1-261,text,true,,276,227,5,5,http://localhost:3001/character/342,6,0,0
1745251901746,5,get by ID,200,OK,Thread Group 1-262,text,true,,276,161,5,5,http://localhost:3001/character/335,5,0,0
1745251901750,2,Delete,200,OK,Thread Group 1-263,text,true,,293,183,5,5,http://localhost:3001/character/335,2,0,0
1745251901751,2,Delete,200,OK,Thread Group 1-261,text,true,,293,183,4,4,http://localhost:3001/character/342,2,0,0
1745251901749,5,Delete,200,OK,Thread Group 1-241,text,true,,293,183,3,3,http://localhost:3001/character/343,4,0,0
1745251901750,4,get by ID,200,OK,Thread Group 1-264,text,true,,276,161,2,2,http://localhost:3001/character/335,4,0,0
1745251901751,4,Update,200,OK,Thread Group 1-262,text,true,,276,227,2,2,http://localhost:3001/character/335,4,0,0
1745251901754,2,Update,200,OK,Thread Group 1-264,text,true,,276,227,2,2,http://localhost:3001/character/335,2,0,0
1745251901755,2,Delete,200,OK,Thread Group 1-262,text,true,,293,183,2,2,http://localhost:3001/character/335,2,0,0
1745251901756,1,Delete,200,OK,Thread Group 1-264,text,true,,293,183,1,1,http://localhost:3001/character/335,1,0,0
